MstrRecNbrTxt,CollisionDate,CollisionDteTime,YearNmb,Month,DayOfWeek,Hour,Latitude,Longitude,InjuryClass,PersonType,NonMotoristLocation,RelationToJunction,LightCondition,MannerOfCollision,FirstHarmfulEvent,VictimsInCrash,InMemphis,Jurisdiction,StateRoute_NAME,StateRoute_F_System,StateRoute_SPDLIMIT,StateRoute_LANES,StateRoute_ALTNAME_1,StateRoute_Council_District,DistToStateRoute_m,Street_Name,DistToStreet_m,Street_SPDLIMIT,Street_LANES,Street_ONEWAY,Street_CITY_L,Street_COUNTY_L,DistToInterstate_m,Jurisdiction_prev
301006032,2025-03-12,2025-03-12 15:56:00,2025,3,Wednesday,15,35.201965,-89.73099,Possible Injury,Pedestrian,Intersection-On Roadway not in Crosswalk,Non-Junction,Daylight,Not Collision with Motor Vehicle in Transport,Pedestrian,1,True,City of Memphis,,,,,,,431.704344144954,N HOUSTON LEVEE RD,12.762529097401742,40.0,3,B,MEMPHIS,SHELBY,2225.348709758398,City of Memphis
301001230,2025-02-12,2025-02-12 08:15:00,2025,2,Wednesday,8,35.155872,-90.04052,Suspected Minor Injury,Pedestrian,Not Intersection-On Roadway Not In Crosswalk,Intersection,Daylight,Not Collision with Motor Vehicle in Transport,Pedestrian,1,True,TDOT,A W WILLIS AVE,,35.0,5.0,1,7.0,5.122845810334724,SAINT JUDE PL,0.3876916362030846,30.0,4,B,MEMPHIS,SHELBY,468.44680768314305,TDOT
301005936,2025-03-11,2025-03-11 22:08:00,2025,3,Tuesday,22,35.069364,-89.922177,Fatal,Pedestrian,Not Intersection-Unknown,Non-Junction,Dark-Not Lighted,Not Collision with Motor Vehicle in Transport,Pedestrian,1,True,City of Memphis,,,,,,,906.1741083244316,COTTONWOOD RD,2.2804944681848824,35.0,2,B,MEMPHIS,SHELBY,1006.1303060330202,City of Memphis
301008594,2025-03-26,2025-03-26 15:40:00,2025,3,Wednesday,15,35.145138,-90.031746,Possible Injury,Pedestrian,Not Intersection-Bike Path,AccelDecelLane,Daylight,Not Collision with Motor Vehicle in Transport,Pedestrian,1,True,City of Memphis,,,,,,,740.9813598882538,POPLAR AVE,34.890435607312114,40.0,7,B,MEMPHIS,SHELBY,556.6954025909816,City of Memphis
301010247,2025-04-04,2025-04-04 01:40:00,2025,4,Friday,1,35.161095,-89.99896,No Injury,Pedestrian,Intersection-Not on Roadway,Intersection,Dark-Lighted,Unknown,Other,1,True,City of Memphis,,,,,,,33.54386973821784,HAWTHORNE ST,24.70329702097641,30.0,2,B,MEMPHIS,SHELBY,1842.9437455185791,City of Memphis
301009498,2025-03-31,2025-03-31 13:50:00,2025,3,Monday,13,35.116043,-89.93972,Possible Injury,Pedestrian,Intersection-In Crosswalk,Intersection,Daylight,Not Collision with Motor Vehicle in Transport,Pedestrian,1,True,City of Memphis,,,,,,,1142.4933422853092,SOUTHERN AVE,0.3152244542520432,35.0,2,B,MEMPHIS,SHELBY,3794.9094088607267,City of Memphis
301014717,2025-04-28,2025-04-28 01:40:00,2025,4,Monday,1,35.020542,-90.099464,Suspected Serious Injury,Pedestrian,Intersection-Unknown,Unknown,Dark-Not Lighted,Unknown,Other,1,True,City of Memphis,,,,,,,797.8306166874935,W SHELBY DR,0.2729051282789466,35.0,2,B,MEMPHIS,SHELBY,7090.8189108689985,City of Memphis
301014059,2025-04-23,2025-04-23 18:00:00,2025,4,Wednesday,18,35.17751,-89.95316,Suspected Minor Injury,Pedestrian,Not Intersection-On Roadway Crosswalk Availability Unknown,Non-Junction,Daylight,Not Collision with Motor Vehicle in Transport,Pedestrian,1,True,City of Memphis,,,,,,,1054.3640655587697,ASH ST,42.80559262060615,25.0,2,B,MEMPHIS,SHELBY,1402.9897462005274,City of Memphis
300999941,2025-02-05,2025-02-05 00:27:00,2025,2,Wednesday,0,35.13684,-90.01668,Fatal,Pedestrian,Intersection-On Roadway not in Crosswalk,Intersection,Dark-Lighted,Not Collision with Motor Vehicle in Transport,Pedestrian,1,True,TDOT,UNION AVE,Principal Arterial,35.0,6.0,23,6.0,5.167134976554254,UNION AVE,0.5852224618034595,35.0,6,B,MEMPHIS,SHELBY,678.9191973871094,TDOT
300996895,2025-01-17,2025-01-17 10:29:00,2025,1,Friday,10,35.135574,-89.96227,Suspected Serious Injury,Pedestrian,Intersection-In Crosswalk,Intersection-Related,Daylight,Not Collision with Motor Vehicle in Transport,Pedestrian,1,True,TDOT,WALNUT GROVE RD,Minor Arterial,35.0,5.0,23,5.0,10.605768373547546,WALNUT GROVE RD,6.236877612653028,35.0,5,B,MEMPHIS,SHELBY,5555.341119154003,TDOT
301023740,2025-06-17,2025-06-17 03:50:00,2025,6,Tuesday,3,35.008976,-89.9995,No Injury,Pedestrian,Not Intersection-Outside Traffic,Through Roadway,Dark-Lighted,Not Collision with Motor Vehicle in Transport,Other,2,True,City of Memphis,,,,,,,1342.77346951389,PENNEL RD,33.27375151627722,30.0,2,B,MEMPHIS,SHELBY,275.3151003562875,City of Memphis
301026096,2025-06-27,2025-06-27 21:30:00,2025,6,Friday,21,35.059555,-90.0246,Possible Injury,Pedestrian,Intersection-On Roadway not in Crosswalk,OtherLocation,Daylight,Not Collision with Motor Vehicle in Transport,Pedestrian,1,True,City of Memphis,,,,,,,47.81988845356644,ELVIS PRESLEY BLVD,48.95283297551384,40.0,7,B,MEMPHIS,SHELBY,409.22101623127764,City of Memphis
301025660,2025-06-28,2025-06-28 04:39:00,2025,6,Saturday,4,35.167934,-90.00019,Fatal,Pedestrian,Intersection-On Roadway Crosswalk Not Available,Intersection,Dark-Unknown Lighting,Not Collision with Motor Vehicle in Transport,Pedestrian,1,True,City of Memphis,,,,,,,773.3552146447262,N EVERGREEN ST,13.491939131674402,35.0,3,B,MEMPHIS,SHELBY,1664.5894725998767,City of Memphis
301032076,2025-08-01,2025-08-01 10:30:00,2025,8,Friday,10,35.160454,-89.99635,Possible Injury,Pedestrian,Intersection-In Crosswalk,Intersection,Daylight,Not Collision with Motor Vehicle in Transport,Pedestrian,1,True,TDOT,JACKSON AVE,Principal Arterial,40.0,4.0,14,7.0,4.527703935839451,JACKSON AVE,0.0223190476991738,40.0,4,B,MEMPHIS,SHELBY,2089.8047523575174,TDOT
301026847,2025-07-04,2025-07-04 21:24:00,2025,7,Friday,21,35.039665,-90.079409,Possible Injury,Pedestrian,Not Intersection-On Roadway Crosswalk not Available,Non-Junction,Dark-Lighted,Not Collision with Motor Vehicle in Transport,Pedestrian,1,True,City of Memphis,,,,,,,733.8647761244813,LILLIAN DR,0.0243642775350489,30.0,2,B,MEMPHIS,SHELBY,4523.263341906929,City of Memphis
301034356,2025-08-18,2025-08-18 04:45:00,2025,8,Monday,4,35.148262,-90.043564,Suspected Minor Injury,Pedestrian,Intersection-In Crosswalk,Intersection,Dark-Lighted,Not Collision with Motor Vehicle in Transport,Pedestrian,1,True,TDOT,N DANNY THOMAS BLVD,Principal Arterial,35.0,7.0,1,7.0,1.3282843086343044,POPLAR AVE,0.0340223547950888,35.0,5,B,MEMPHIS,SHELBY,377.19602012946956,TDOT
300991906,2024-12-04,2024-12-04 19:25:00,2024,12,Wednesday,19,35.148996,-90.048507,Fatal,Pedestrian,Not Intersection-On Roadway Not In Crosswalk,Non-Junction,Dark-Not Lighted,Not Collision with Motor Vehicle in Transport,Pedestrian,1,True,TDOT,N THIRD ST,Minor Arterial,35.0,3.0,3,6.0,2.567089212597538,N B B KING BLVD,0.7631083128600777,35.0,3,FT,MEMPHIS,SHELBY,433.94623312040824,TDOT
300962694,2024-06-13,2024-06-13 01:16:00,2024,6,Thursday,1,35.159723,-89.858915,Fatal,Pedestrian,Not Intersection-On Roadway Crosswalk not Available,Non-Junction,Dark-Not Lighted,Not Collision with Motor Vehicle in Transport,Pedestrian,1,True,City of Memphis,,,,,,,1541.3778928266115,DOVECREST RD,39.18290254271341,30.0,2,B,MEMPHIS,SHELBY,647.1048473291198,City of Memphis
301030303,2025-07-26,2025-07-26 04:59:00,2025,7,Saturday,4,35.170383,-89.86749,Suspected Serious Injury,Pedestrian,Not Intersection-On Roadway Not In Crosswalk,AccelDecelLane,Dark-Not Lighted,Not Collision with Motor Vehicle in Transport,Pedestrian,1,True,City of Memphis,,,,,,,184.4845470893467,SYCAMORE VIEW RD,54.690436617447936,45.0,7,B,MEMPHIS,SHELBY,734.3961346731082,City of Memphis
301031687,2025-08-02,2025-08-02 23:07:00,2025,8,Saturday,23,35.104187,-90.05545,Suspected Serious Injury,Pedestrian,Not Intersection-On Roadway Not In Crosswalk,Non-Junction,Dark-Lighted,Not Collision with Motor Vehicle in Transport,Other,1,True,TDOT,S THIRD ST,Principal Arterial,40.0,4.0,14,6.0,0.4892840224338394,S THIRD ST,0.1238391337129774,40.0,4,B,MEMPHIS,SHELBY,1869.0219168316373,TDOT
301031510,2025-08-01,2025-08-01 02:15:00,2025,8,Friday,2,35.09891,-90.06958,Possible Injury,Pedestrian,Not Intersection-Outside Traffic,AccelDecelLane,Dark-Not Lighted,Not Collision with Motor Vehicle in Transport,Pedestrian,1,True,City of Memphis,,,,,,,1269.8235074375891,SILVERAGE AVE,19.883812135162213,30.0,2,B,MEMPHIS,SHELBY,604.3886573753458,City of Memphis
301034223,2025-08-16,2025-08-16 23:05:00,2025,8,Saturday,23,35.090984,-89.840256,Possible Injury,Pedestrian,Not Intersection-On Roadway Not In Crosswalk,Non-Junction,Dark-Lighted,Not Collision with Motor Vehicle in Transport,Pedestrian,1,True,City of Memphis,,,,,,,812.7280369721036,LARCH LN,0.0245118280602049,30.0,2,B,MEMPHIS,SHELBY,2739.188903484931,City of Memphis
301014505,2025-04-26,2025-04-26 12:50:00,2025,4,Saturday,12,35.072969,-90.027998,Fatal,Pedestrian,Not Intersection-On Roadway Crosswalk not Available,Non-Junction,Daylight,Not Collision with Motor Vehicle in Transport,Pedestrian,1,True,Interstate (TDOT),,,,,,,645.9699922068468,INTERSTATE 240 W,0.3174811301420739,65.0,3,FT,MEMPHIS,SHELBY,0.31748113014207396,City of Memphis
301031268,2025-07-31,2025-07-31 14:10:00,2025,7,Thursday,14,35.04631,-89.90489,Possible Injury,Pedestrian,Not Intersection-On Roadway Not In Crosswalk,Non-Junction,Daylight,Not Collision with Motor Vehicle in Transport,Pedestrian,1,True,City of Memphis,,,,,,,1369.197111946504,CROMWELL AVE,0.0659699394883791,35.0,2,B,MEMPHIS,SHELBY,3523.2598643226916,City of Memphis
301033376,2025-08-12,2025-08-12 07:18:00,2025,8,Tuesday,7,35.062172,-89.91987,Possible Injury,Pedestrian,Not Intersection-On Roadway Not In Crosswalk,Intersection-Related,Daylight,Not Collision with Motor Vehicle in Transport,Pedestrian,1,True,City of Memphis,,,,,,,1019.0137579419746,SHEFFIELD AVE,58.86046773292045,30.0,2,B,MEMPHIS,SHELBY,1763.6614974861664,City of Memphis
300968447,2024-07-31,2024-07-31 05:45:00,2024,7,Wednesday,5,35.038504,-89.917171,Fatal,Pedestrian,Intersection-On Roadway Crosswalk availability Unknown,Non-Junction,Daylight,Not Collision with Motor Vehicle in Transport,Pedestrian,1,True,TDOT,LAMAR AVE,Principal Arterial,55.0,2.0,4,3.0,3.536120941938502,E RAINES RD,0.1736556334309187,40.0,2,TF,MEMPHIS,SHELBY,4370.675434590895,TDOT
300978520,2024-10-04,2024-10-04 22:18:00,2024,10,Friday,22,35.107965,-89.966871,Fatal,Pedestrian,Not Intersection-On Roadway Crosswalk not Available,Non-Junction,Dark-Lighted,Not Collision with Motor Vehicle in Transport,Pedestrian,1,True,City of Memphis,,,,,,,1218.356804107337,PARK AVE,2.29072368723087,35.0,4,B,MEMPHIS,SHELBY,3174.871454262255,City of Memphis
301033148,2025-08-08,2025-08-08 23:56:00,2025,8,Friday,23,35.143787,-90.035126,Suspected Serious Injury,Pedestrian,Intersection-In Crosswalk,AccelDecelLane,Dark-Lighted,Not Collision with Motor Vehicle in Transport,Pedestrian,1,True,City of Memphis,,,,,,,557.6248705206299,ADAMS AVE,0.0148754118216189,30.0,2,B,MEMPHIS,SHELBY,754.8069660042345,City of Memphis
301032024,2025-08-04,2025-08-04 21:00:00,2025,8,Monday,21,35.10065,-90.04417,Possible Injury,Pedestrian,Not Intersection-On Roadway Not In Crosswalk,Non-Junction,Dark-Not Lighted,Not Collision with Motor Vehicle in Transport,Pedestrian,1,True,City of Memphis,,,,,,,1040.5757785637093,E DISON AVE,0.067611918747328,35.0,2,B,MEMPHIS,SHELBY,1348.872737602098,City of Memphis
301029922,2025-07-22,2025-07-22 21:14:00,2025,7,Tuesday,21,35.02085,-89.96364,Possible Injury,Pedestrian,Intersection-On Roadway not in Crosswalk,Non-Junction,Dark-Not Lighted,Not Collision with Motor Vehicle in Transport,Pedestrian,1,True,TDOT,E SHELBY DR,Principal Arterial,45.0,6.0,175,3.0,4.939292728999726,E SHELBY DR,0.2546311766871074,45.0,6,B,TENNESSEE AIR NATIONAL GUARD,SHELBY,3540.6205538002323,TDOT
300997390,2025-01-19,2025-01-19 18:57:00,2025,1,Sunday,18,35.05229,-89.953426,Suspected Serious Injury,Pedestrian,Not Intersection-On Roadway Crosswalk Availability Unknown,Non-Junction,Dark-Lighted,Front to Rear,Other,1,True,City of Memphis,,,,,,,1759.2970819753666,WINCHESTER RD,1.688572217087804,45.0,7,B,MEMPHIS,SHELBY,2957.681709643327,City of Memphis
301033189,2025-08-10,2025-08-10 01:02:00,2025,8,Sunday,1,35.055305,-89.83002,Possible Injury,Pedestrian,Not Intersection-On Roadway Crosswalk not Available,Non-Junction,Dark-Not Lighted,Front to Rear,Other,1,True,TDOT,STATE ROUTE 385,Freeway and Expressway,65.0,3.0,NONCONNAH PKWY,2.0,6.661145048767263,STATE ROUTE 385 W,3.049179582172957,65.0,3,FT,MEMPHIS,SHELBY,5257.866314816626,TDOT
301032519,2025-08-07,2025-08-07 10:12:00,2025,8,Thursday,10,35.053303,-90.020355,Possible Injury,Pedestrian,Not Intersection-On Roadway Not In Crosswalk,AccelDecelLane,Daylight,Not Collision with Motor Vehicle in Transport,Pedestrian,1,True,City of Memphis,,,,,,,427.03446224279,ROYAL OAKS CV,62.16074395205475,35.0,2,B,MEMPHIS,SHELBY,592.4100835676951,City of Memphis
301034117,2025-08-16,2025-08-16 00:00:00,2025,8,Saturday,99,35.13734,-90.02782,Possible Injury,Pedestrian,Intersection-Unknown,Non-Junction,Unknown,Not Collision with Motor Vehicle in Transport,Pedestrian,1,True,City of Memphis,,,,,,,71.60708275847136,S PAULINE ST,35.26599261077241,30.0,4,B,MEMPHIS,SHELBY,317.4149173935908,City of Memphis
301032286,2025-08-05,2025-08-05 14:40:00,2025,8,Tuesday,14,35.133526,-90.026024,Suspected Minor Injury,Pedestrian,Not Intersection-Bike Path,Intersection,Daylight,Not Collision with Motor Vehicle in Transport,Pedestrian,1,True,TDOT,S SOMERVILLE ST,Minor Arterial,30.0,2.0,208,6.0,0.26085308309956,VANCE AVE,0.0155172760708251,30.0,2,B,MEMPHIS,SHELBY,164.8680087030701,TDOT
301032288,2025-08-06,2025-08-06 03:59:00,2025,8,Wednesday,3,35.105316,-89.87507,Fatal,Pedestrian,Not Intersection-On Roadway Crosswalk not Available,Non-Junction,Dark-Not Lighted,Not Collision with Motor Vehicle in Transport,Pedestrian,1,True,TDOT,POPLAR AVE,Principal Arterial,40.0,6.0,57,5.0,10.0314716516398,POPLAR AVE,14.44755997308433,40.0,6,B,MEMPHIS,SHELBY,445.6791101161649,TDOT
300919809,2023-10-27,2023-10-27 13:46:00,2023,10,Friday,13,35.07241,-89.90506,Fatal,Pedestrian,Not Intersection-On Roadway Crosswalk not Available,Non-Junction,Daylight,Not Collision with Motor Vehicle in Transport,Pedestrian,1,True,City of Memphis,,,,,,,2441.227577168886,S PERKINS RD,39.974001777025045,40.0,7,B,MEMPHIS,SHELBY,673.8631484174203,City of Memphis
301000434,2025-02-07,2025-02-07 14:00:00,2025,2,Friday,14,35.08563,-89.895996,Possible Injury,Pedestrian,Not Intersection-On Roadway Not In Crosswalk,Intersection-Related,Daylight,Not Collision with Motor Vehicle in Transport,Pedestrian,1,True,City of Memphis,,,,,,,1829.4914980876067,WILLOW RD,0.0863280514309658,40.0,4,B,MEMPHIS,SHELBY,306.59855010316545,City of Memphis
301028225,2025-07-14,2025-07-14 00:42:00,2025,7,Monday,0,35.090973,-89.966515,Suspected Serious Injury,Pedestrian,Not Intersection-On Roadway Not In Crosswalk,AccelDecelLane,Dark-Lighted,Not Collision with Motor Vehicle in Transport,Pedestrian,1,True,TDOT,LAMAR AVE,Principal Arterial,40.0,5.0,4,4.0,2.337784105419075,LAMAR AVE,0.2135174595071822,40.0,5,B,MEMPHIS,SHELBY,1451.9788857039375,TDOT
300981903,2024-10-25,2024-10-25 22:50:00,2024,10,Friday,22,35.217547,-90.003422,Fatal,Pedestrian,Not Intersection-On Roadway Crosswalk not Available,Non-Junction,Dark-Lighted,Not Collision with Motor Vehicle in Transport,Pedestrian,1,True,City of Memphis,,,,,,,1983.975775523885,FRAYSER BLVD,0.2996499421481564,40.0,5,B,MEMPHIS,SHELBY,2765.1631371563303,City of Memphis
301027786,2025-07-10,2025-07-10 22:25:00,2025,7,Thursday,22,35.13366,-89.95719,Suspected Serious Injury,Pedestrian,Not Intersection-On Roadway Crosswalk not Available,Non-Junction,Dark-Lighted,Not Collision with Motor Vehicle in Transport,Pedestrian,2,True,TDOT,WALNUT GROVE RD,Minor Arterial,35.0,5.0,23,5.0,5.104622943535271,WALNUT GROVE RD,0.4560044144650346,35.0,5,B,MEMPHIS,SHELBY,5711.991517596304,TDOT
301013733,2025-04-22,2025-04-22 16:03:00,2025,4,Tuesday,16,35.185863,-90.03467,Possible Injury,Pedestrian,Not Intersection-On Roadway Not In Crosswalk,Through Roadway,Daylight,Not Collision with Motor Vehicle in Transport,Other,1,True,City of Memphis,,,,,,,61.72156933326544,THOMAS ST,61.20430422232225,35.0,4,B,MEMPHIS,SHELBY,1524.4677876388394,City of Memphis
301009007,2025-03-28,2025-03-28 20:35:00,2025,3,Friday,20,35.1619,-89.91725,Possible Injury,Pedestrian,Intersection-In Crosswalk,Intersection,Dark-Lighted,Not Collision with Motor Vehicle in Transport,Pedestrian,1,True,City of Memphis,,,,,,,1436.188203390204,WARING RD,9.010040793009916,35.0,2,B,MEMPHIS,SHELBY,1557.6359705131526,City of Memphis
300998274,2025-01-25,2025-01-25 20:05:00,2025,1,Saturday,20,35.0698,-89.90615,Possible Injury,Pedestrian,Not Intersection-On Roadway Crosswalk not Available,AccelDecelLane,Dawn,Not Collision with Motor Vehicle in Transport,Pedestrian,1,True,City of Memphis,,,,,,,2364.2988612936333,PRIVATE DR,34.62117737595133,30.0,2,B,MEMPHIS,SHELBY,930.2207220277256,City of Memphis
301023804,2025-06-16,2025-06-16 16:36:00,2025,6,Monday,16,35.137383,-89.99691,Possible Injury,Pedestrian,Intersection-In Crosswalk,Intersection,Daylight,Not Collision with Motor Vehicle in Transport,Pedestrian,1,True,City of Memphis,,,,,,,273.8099261857298,S TUCKER ST,0.0982614589001615,35.0,2,B,MEMPHIS,SHELBY,2405.883070685833,City of Memphis
301021288,2025-06-03,2025-06-03 17:30:00,2025,6,Tuesday,17,35.206932,-89.894615,Possible Injury,Pedestrian,Intersection-On Roadway Crosswalk availability Unknown,Intersection-Related,Daylight,Not Collision with Motor Vehicle in Transport,Pedestrian,1,True,TDOT,COVINGTON PIKE,,45.0,5.0,204,1.0,0.2470366706011792,STAGE RD,0.2573880415227079,45.0,6,B,MEMPHIS,SHELBY,2846.417564633425,TDOT
301015072,2025-04-30,2025-04-30 01:46:00,2025,4,Wednesday,1,35.035324,-90.028435,Suspected Serious Injury,Pedestrian,Not Intersection-On Roadway Not In Crosswalk,Intersection-Related,Dark-Unknown Lighting,Not Collision with Motor Vehicle in Transport,Pedestrian,1,True,City of Memphis,,,,,,,298.43644127731847,E RAINES RD,0.7408282192609449,40.0,5,B,MEMPHIS,SHELBY,2206.690479600674,City of Memphis
300884596,2023-05-03,2023-05-03 22:56:00,2023,5,Wednesday,22,35.14032,-90.042816,Suspected Serious Injury,Pedestrian,Not Intersection-On Roadway Not In Crosswalk,Non-Junction,Dark-Lighted,Not Collision with Motor Vehicle in Transport,Pedestrian,1,True,TDOT,UNION AVE,Principal Arterial,35.0,5.0,3,6.0,4.7593011686582045,S LAUDERDALE ST,0.2279262622147295,35.0,2,B,MEMPHIS,SHELBY,1248.575900444989,TDOT
301015225,2025-04-29,2025-04-29 20:53:00,2025,4,Tuesday,20,35.111393,-89.94591,Suspected Serious Injury,Pedestrian,Intersection-On Roadway not in Crosswalk,Intersection,Dark-Lighted,Not Collision with Motor Vehicle in Transport,Pedestrian,1,True,City of Memphis,,,,,,,1781.7348307392558,CARNES AVE,0.1565777260774067,30.0,2,B,MEMPHIS,SHELBY,3207.9115276840776,City of Memphis
301013655,2025-04-22,2025-04-22 07:45:00,2025,4,Tuesday,7,35.086067,-90.04352,Possible Injury,Pedestrian,Not Intersection-On Roadway Not In Crosswalk,Non-Junction,Daylight,Not Collision with Motor Vehicle in Transport,Pedestrian,1,True,City of Memphis,,,,,,,1209.3229836805658,E MALLORY AVE,24.69955997206058,40.0,4,B,MEMPHIS,SHELBY,1002.5100096050531,City of Memphis
300998409,2025-01-26,2025-01-26 19:58:00,2025,1,Sunday,19,35.199635,-89.970535,Suspected Serious Injury,Pedestrian,Not Intersection-On Roadway Not In Crosswalk,Non-Junction,Dark-Not Lighted,Not Collision with Motor Vehicle in Transport,Pedestrian,1,True,City of Memphis,,,,,,,3856.1147361499393,JAMES RD,6.944323258767168,45.0,4,B,MEMPHIS,SHELBY,899.8063123576928,City of Memphis
301008995,2025-03-28,2025-03-28 11:00:00,2025,3,Friday,11,35.02928,-90.10389,Possible Injury,Pedestrian,Not Intersection-Other Not On Roadway,Non-Junction,Daylight,Angle,Other,1,True,City of Memphis,,,,,,,1726.1842346590188,SHADOWLINE DR,0.245269354118092,30.0,2,B,MEMPHIS,SHELBY,6378.880356814697,City of Memphis
301014935,2025-04-28,2025-04-28 21:01:00,2025,4,Monday,21,35.047585,-90.05515,Possible Injury,Pedestrian,Intersection-On Roadway Crosswalk Not Available,Intersection,Daylight,Not Collision with Motor Vehicle in Transport,Pedestrian,1,True,City of Memphis,,,,,,,656.6458298664352,SOUTHLAND DR,1.990714762420268,30.0,2,B,MEMPHIS,SHELBY,3334.4832114301503,City of Memphis
300885046,2023-05-06,2023-05-06 15:30:00,2023,5,Saturday,15,35.07442,-90.0204,Possible Injury,Pedestrian,Not Intersection-Adjacent to Roadway,Crossover-Related,Daylight,HeadOn,Other,1,True,TDOT,ELVIS PRESLEY BLVD,Minor Arterial,40.0,4.0,3,6.0,1.128851214440004,ELVIS PRESLEY BLVD,0.0020627839427068,40.0,4,B,MEMPHIS,SHELBY,320.4715750597676,TDOT
301028211,2025-07-12,2025-07-12 15:00:00,2025,7,Saturday,15,35.06351,-90.08579,Possible Injury,Pedestrian,Not Intersection-Adjacent to Roadway,OtherLocation,Daylight,Not Collision with Motor Vehicle in Transport,Pedestrian,2,True,City of Memphis,,,,,,,2419.738448328592,NONCONNAH RD,27.38270599908949,35.0,2,B,MEMPHIS,SHELBY,2265.4726514729346,City of Memphis
301010896,2025-04-07,2025-04-07 15:19:00,2025,4,Monday,15,35.133526,-90.01683,Possible Injury,Pedestrian,Not Intersection-On Roadway Not In Crosswalk,Intersection,Daylight,Not Collision with Motor Vehicle in Transport,Pedestrian,1,True,City of Memphis,,,,,,,362.2448422816952,S CLEVELAND ST,0.0952997853574561,35.0,5,B,MEMPHIS,SHELBY,652.1346192497825,City of Memphis
301023677,2025-06-16,2025-06-16 20:20:00,2025,6,Monday,20,35.051144,-89.90897,Possible Injury,Pedestrian,Not Intersection-Outside Traffic,OtherLocation,Dark-Lighted,Not Collision with Motor Vehicle in Transport,Pedestrian,1,True,City of Memphis,,,,,,,1153.400102153425,WINCHESTER RD,0.1145997787223208,45.0,7,B,MEMPHIS,SHELBY,2959.013972449405,City of Memphis
300999434,2025-02-01,2025-02-01 18:55:00,2025,2,Saturday,18,35.0209,-90.04297,Possible Injury,Pedestrian,Intersection-On Roadway not in Crosswalk,Non-Junction,Dark-Lighted,Not Collision with Motor Vehicle in Transport,Pedestrian,1,True,TDOT,E SHELBY DR,Minor Arterial,45.0,5.0,175,6.0,2.681585256962085,E SHELBY DR,1.9642048815929396,45.0,5,B,MEMPHIS,SHELBY,3678.190726457213,TDOT
300915020,2023-10-03,2023-10-03 22:22:00,2023,10,Tuesday,22,35.149506,-89.961494,Suspected Serious Injury,Pedestrian,Not Intersection-On Roadway Crosswalk Availability Unknown,Non-Junction,Dark-Lighted,Not Collision with Motor Vehicle in Transport,Pedestrian,1,True,TDOT,SUMMER AVE,Principal Arterial,35.0,5.0,1,5.0,4.823484615823421,SUMMER AVE,0.1668134880312681,35.0,5,B,MEMPHIS,SHELBY,4557.254939892356,TDOT
301030240,2025-07-24,2025-07-24 16:59:00,2025,7,Thursday,16,35.057636,-90.0079,Suspected Serious Injury,Pedestrian,Intersection-On Roadway not in Crosswalk,Intersection,Daylight,Not Collision with Motor Vehicle in Transport,Pedestrian,1,True,City of Memphis,,,,,,,1488.2400839837455,MILLBRANCH RD,48.30201974482115,45.0,5,B,MEMPHIS,SHELBY,612.7058689853178,City of Memphis
301025747,2025-06-28,2025-06-28 20:53:00,2025,6,Saturday,20,35.15456,-89.94772,Suspected Serious Injury,Pedestrian,Not Intersection-On Roadway Not In Crosswalk,Through Roadway,Dark-Unknown Lighting,Not Collision with Motor Vehicle in Transport,Pedestrian,1,True,City of Memphis,,,,,,,566.7456586751715,NATIONAL ST,0.0072838239121164,40.0,4,B,MEMPHIS,SHELBY,3915.28550969611,City of Memphis
301008011,2025-03-22,2025-03-22 22:07:00,2025,3,Saturday,22,35.0759,-89.932205,Possible Injury,Pedestrian,Intersection-On Roadway Crosswalk availability Unknown,Non-Junction,Dark-Lighted,Not Collision with Motor Vehicle in Transport,Pedestrian,1,True,City of Memphis,,,,,,,57.350111346696224,GETWELL RD,57.02819503631947,40.0,7,B,MEMPHIS,SHELBY,450.2841356179839,City of Memphis
301007819,2025-03-22,2025-03-22 16:10:00,2025,3,Saturday,16,35.02889,-90.024475,Possible Injury,Pedestrian,Not Intersection-On Roadway Not In Crosswalk,Non-Junction,Daylight,Not Collision with Motor Vehicle in Transport,Pedestrian,1,True,City of Memphis,,,,,,,64.65236465367086,ELVIS PRESLEY BLVD,64.42087262691076,40.0,5,B,MEMPHIS,SHELBY,1995.1847411611802,City of Memphis
301013458,2025-04-02,2025-04-02 00:00:00,2025,4,Wednesday,99,35.19879,-89.80249,Possible Injury,Pedestrian,Intersection-In Crosswalk,Intersection,Unknown,Not Collision with Motor Vehicle in Transport,Pedestrian,1,True,City of Memphis,,,,,,,651.3819919598924,DEERFIELD TRCE,3.265521128152216,30.0,2,B,MEMPHIS,SHELBY,799.8920720318333,City of Memphis