MstrRecNbrTxt,CollisionDate,CollisionDteTime,YearNmb,Month,DayOfWeek,Hour,Latitude,Longitude,InjuryClass,PersonType,NonMotoristLocation,RelationToJunction,LightCondition,MannerOfCollision,FirstHarmfulEvent,VictimsInCrash,InMemphis,Jurisdiction,StateRoute_NAME,StateRoute_F_System,StateRoute_SPDLIMIT,StateRoute_LANES,StateRoute_ALTNAME_1,StateRoute_Council_District,DistToStateRoute_m,Street_Name,DistToStreet_m,Street_SPDLIMIT,Street_LANES,Street_ONEWAY,Street_CITY_L,Street_COUNTY_L,DistToInterstate_m,Jurisdiction_prev
301014668,2025-04-27,2025-04-27 17:40:00,2025,4,Sunday,17,35.168312,-90.04036,Possible Injury,Pedestrian,Intersection-On Roadway not in Crosswalk,Intersection,Daylight,Not Collision with Motor Vehicle in Transport,Pedestrian,1,True,City of Memphis,,,,,,,381.5128613923146,RENO AVE,0.180400376996431,30.0,2,B,MEMPHIS,SHELBY,1821.5123736765918,City of Memphis
301013248,2025-04-20,2025-04-20 03:20:00,2025,4,Sunday,3,35.14164,-90.05446,Possible Injury,Pedestrian,Intersection-Unknown,Intersection,Dark-Lighted,Not Collision with Motor Vehicle in Transport,Pedestrian,1,True,City of Memphis,,,,,,,139.794298571818,S MAIN ST,18.604294029229862,0.0,1,N,MEMPHIS,SHELBY,1266.2023518409915,City of Memphis
301030414,2025-07-23,2025-07-23 23:29:00,2025,7,Wednesday,23,35.107666,-90.06093,Possible Injury,Pedestrian,Intersection-On Roadway not in Crosswalk,Intersection-Related,Dark-Not Lighted,Not Collision with Motor Vehicle in Transport,Pedestrian,1,True,City of Memphis,,,,,,,510.33376293860863,S PARKWAY E,5.186515813192996,35.0,4,B,MEMPHIS,SHELBY,1317.5861632572658,City of Memphis
301013096,2025-04-19,2025-04-19 03:53:00,2025,4,Saturday,3,35.2183,-89.99371,Possible Injury,Pedestrian,Not Intersection-On Roadway Crosswalk Availability Unknown,AccelDecelLane,Dark-Lighted,Not Collision with Motor Vehicle in Transport,Pedestrian,1,True,City of Memphis,,,,,,,2658.642836800811,OVERTON CROSSING ST,38.53761750853198,40.0,5,B,MEMPHIS,SHELBY,2814.4182844619554,City of Memphis
301001045,2025-02-11,2025-02-11 05:35:00,2025,2,Tuesday,5,35.133278,-89.963135,Possible Injury,Pedestrian,Not Intersection-On Roadway Not In Crosswalk,AccelDecelLane,Dark-Lighted,Not Collision with Motor Vehicle in Transport,Pedestrian,1,True,TDOT,POPLAR AVE,Principal Arterial,40.0,7.0,57,5.0,4.569781385380724,POPLAR AVE,0.4048967653990672,40.0,7,B,MEMPHIS,SHELBY,5516.295086879634,TDOT
301026397,2025-06-29,2025-06-29 12:00:00,2025,6,Sunday,12,35.033394,-90.02169,Suspected Serious Injury,Pedestrian,Intersection-Unknown,Intersection-Related,Daylight,Not Collision with Motor Vehicle in Transport,Pedestrian,1,True,City of Memphis,,,,,,,317.7795536561691,MARLIN RD,90.88048815337662,35.0,2,B,MEMPHIS,SHELBY,1743.8240750673149,City of Memphis
300996957,2025-01-16,2025-01-16 12:00:00,2025,1,Thursday,12,35.147495,-90.0491,Possible Injury,Pedestrian,Intersection-In Crosswalk,Intersection,Daylight,Not Collision with Motor Vehicle in Transport,Pedestrian,1,True,TDOT,N THIRD ST,Minor Arterial,35.0,3.0,3,6.0,3.9810904602981614,ADAMS AVE,2.063219960923583,30.0,2,B,MEMPHIS,SHELBY,608.2480791238524,TDOT
301028195,2025-07-12,2025-07-12 22:25:00,2025,7,Saturday,22,35.10413,-89.949196,Suspected Minor Injury,Pedestrian,Not Intersection-In Parking Lane,Non-Junction,Dark-Lighted,Other,Other,1,True,City of Memphis,,,,,,,2133.372455340018,PRESCOTT RD,19.15827432837396,40.0,4,FT,MEMPHIS,SHELBY,2392.9238143408643,City of Memphis
301002891,2025-02-23,2025-02-23 02:35:00,2025,2,Sunday,2,35.061672,-90.02984,Suspected Serious Injury,Pedestrian,Intersection-On Roadway not in Crosswalk,Intersection-Related,Dark-Lighted,Not Collision with Motor Vehicle in Transport,Pedestrian,1,True,City of Memphis,,,,,,,561.8190503643046,E BROOKS RD,0.2507739974946992,45.0,5,B,MEMPHIS,SHELBY,552.5534491491791,City of Memphis
301001042,2025-02-11,2025-02-11 22:34:00,2025,2,Tuesday,22,35.087887,-89.92635,Possible Injury,Pedestrian,Not Intersection-On Roadway Not In Crosswalk,Non-Junction,Dark-Lighted,Not Collision with Motor Vehicle in Transport,Pedestrian,1,True,City of Memphis,,,,,,,937.5903801861378,WILLOWVIEW AVE,3.3612643765653134,30.0,2,B,MEMPHIS,SHELBY,929.1228291750406,City of Memphis
301007887,2025-03-21,2025-03-21 12:00:00,2025,3,Friday,12,35.086445,-89.96528,Possible Injury,Pedestrian,Not Intersection-On Roadway Crosswalk Availability Unknown,Intersection-Related,Daylight,Not Collision with Motor Vehicle in Transport,Pedestrian,1,True,City of Memphis,,,,,,,181.51106212593152,MONTAGUE CV,7.044333795780895,25.0,2,B,MEMPHIS,SHELBY,948.5442999448658,City of Memphis
301019239,2025-05-20,2025-05-20 21:30:00,2025,5,Tuesday,21,35.160954,-90.03138,Possible Injury,Pedestrian,Intersection-On Roadway Crosswalk availability Unknown,Non-Junction,Unknown,Not Collision with Motor Vehicle in Transport,Pedestrian,1,True,City of Memphis,,,,,,,417.4940828956947,LOONEY AVE,0.3232620178547957,30.0,2,B,MEMPHIS,SHELBY,1005.3906285242113,City of Memphis
301003366,2025-02-25,2025-02-25 20:30:00,2025,2,Tuesday,20,35.033012,-90.02144,Possible Injury,Pedestrian,Intersection-In Crosswalk,Intersection,Dark-Lighted,Not Collision with Motor Vehicle in Transport,Pedestrian,1,True,City of Memphis,,,,,,,340.6193832990594,WESLEY DR,70.68336639177299,30.0,2,B,MEMPHIS,SHELBY,1720.7512883059076,City of Memphis
301007288,2025-03-19,2025-03-19 21:40:00,2025,3,Wednesday,21,35.073933,-89.94833,Suspected Serious Injury,Pedestrian,Not Intersection-On Roadway Not In Crosswalk,Non-Junction,Dark-Lighted,Not Collision with Motor Vehicle in Transport,Pedestrian,1,True,TDOT,LAMAR AVE,Principal Arterial,40.0,7.0,4,4.0,2.79684535087121,LAMAR AVE,0.1740640943056139,40.0,7,B,MEMPHIS,SHELBY,888.3878261331623,TDOT
301012831,2025-04-17,2025-04-17 18:00:00,2025,4,Thursday,18,35.163635,-90.03725,Possible Injury,Pedestrian,Intersection-On Roadway not in Crosswalk,Non-Junction,Dawn,Not Collision with Motor Vehicle in Transport,Pedestrian,1,True,TDOT,CHELSEA AVE,Minor Arterial,35.0,5.0,3,7.0,6.452423877092787,CHELSEA AVE,10.802231542146728,35.0,5,B,MEMPHIS,SHELBY,1366.1756868914256,TDOT
300995625,2025-01-07,2025-01-07 14:00:00,2025,1,Tuesday,14,35.03369,-89.997025,Possible Injury,Pedestrian,Intersection-On Roadway not in Crosswalk,AccelDecelLane,Daylight,Not Collision with Motor Vehicle in Transport,Pedestrian,1,True,City of Memphis,,,,,,,1399.577221670235,FRANCISCO BLVD,19.51808252082049,30.0,2,B,MEMPHIS,SHELBY,485.59423516124826,City of Memphis
301008382,2025-03-24,2025-03-24 15:30:00,2025,3,Monday,15,35.1519,-90.01281,Suspected Minor Injury,Pedestrian,Not Intersection-On Roadway Crosswalk not Available,Non-Junction,Daylight,Not Collision with Motor Vehicle in Transport,Pedestrian,1,True,City of Memphis,,,,,,,104.88426356359392,N WATKINS ST,0.2675114075911122,35.0,4,B,MEMPHIS,SHELBY,758.9892735454616,City of Memphis
301031783,2025-08-03,2025-08-03 18:30:00,2025,8,Sunday,18,35.178013,-89.9795,Possible Injury,Pedestrian,Not Intersection-On Roadway Crosswalk not Available,AccelDecelLane,Dusk,Not Collision with Motor Vehicle in Transport,Pedestrian,1,True,City of Memphis,,,,,,,2150.9754290263613,SANDERS AVE,16.930088468766815,30.0,2,B,MEMPHIS,SHELBY,1522.2997073074093,City of Memphis
301028852,2025-07-17,2025-07-17 10:30:00,2025,7,Thursday,10,35.035595,-89.989815,Suspected Serious Injury,Pedestrian,Intersection-On Roadway not in Crosswalk,Non-Junction,Daylight,Not Collision with Motor Vehicle in Transport,Pedestrian,1,True,City of Memphis,,,,,,,1609.5919123026065,AIRWAYS BLVD,0.2889784125519763,45.0,7,B,MEMPHIS,SHELBY,1149.078099951247,City of Memphis
301012219,2025-04-13,2025-04-13 18:30:00,2025,4,Sunday,18,35.234283,-89.9284,Possible Injury,Pedestrian,Not Intersection-On Roadway Crosswalk not Available,Through Roadway,Daylight,Not Collision with Motor Vehicle in Transport,Pedestrian,1,True,City of Memphis,,,,,,,2274.3000100105423,TWINMONT ST,0.4086267926056373,30.0,2,B,MEMPHIS,SHELBY,4601.623908435988,City of Memphis
301021651,2025-06-04,2025-06-04 20:08:00,2025,6,Wednesday,20,35.053333,-89.88613,Suspected Serious Injury,Pedestrian,Intersection-Not on Roadway,Non-Junction,Dark-Lighted,Not Collision with Motor Vehicle in Transport,Pedestrian,1,True,City of Memphis,,,,,,,3097.521103821956,S MENDENHALL RD,0.2965521536984692,40.0,7,B,MEMPHIS,SHELBY,3304.8906940952015,City of Memphis
301017144,2025-05-11,2025-05-11 04:36:00,2025,5,Sunday,4,35.162233,-89.916225,Possible Injury,Pedestrian,Not Intersection-On Roadway Crosswalk not Available,Non-Junction,Dark-Lighted,Not Collision with Motor Vehicle in Transport,Pedestrian,1,True,City of Memphis,,,,,,,1475.7036479518767,MACON RD,26.534533371024363,40.0,4,B,MEMPHIS,SHELBY,1458.7984575879125,City of Memphis
301000075,2025-02-05,2025-02-05 20:24:00,2025,2,Wednesday,20,35.039345,-90.05689,Possible Injury,Pedestrian,Not Intersection-On Roadway Not In Crosswalk,Unknown,Dark-Unknown Lighting,Not Collision with Motor Vehicle in Transport,Pedestrian,1,True,City of Memphis,,,,,,,914.2974898176736,IVAN RD,29.75156358135662,30.0,2,B,MEMPHIS,SHELBY,4044.875971692162,City of Memphis
301005813,2025-03-10,2025-03-10 10:20:00,2025,3,Monday,10,35.040016,-90.00785,Possible Injury,Pedestrian,Intersection-On Roadway not in Crosswalk,Intersection,Daylight,Not Collision with Motor Vehicle in Transport,Pedestrian,1,True,City of Memphis,,,,,,,1577.9960949838755,MILLBRANCH RD,31.334822959604452,40.0,4,B,MEMPHIS,SHELBY,311.59210765090694,City of Memphis
301011408,2025-04-07,2025-04-07 13:00:00,2025,4,Monday,13,35.13586,-90.06345,Possible Injury,Pedestrian,Intersection-In Crosswalk,Non-Junction,Daylight,Not Collision with Motor Vehicle in Transport,Pedestrian,1,True,City of Memphis,,,,,,,656.230697715264,REST AREA,16.43352716118868,25.0,1,FT,MEMPHIS,SHELBY,1226.0020204476618,City of Memphis
301023257,2025-06-13,2025-06-13 21:30:00,2025,6,Friday,21,35.128716,-90.02108,Suspected Serious Injury,Pedestrian,Not Intersection-On Roadway Not In Crosswalk,SharedUsePathOrTrail,Dark-Lighted,Not Collision with Motor Vehicle in Transport,Pedestrian,1,True,TDOT,S BELLEVUE BLVD,Minor Arterial,35.0,4.0,3,6.0,0.1613578382113724,LAMAR AVE,0.364993030220579,40.0,7,B,MEMPHIS,SHELBY,241.75691524319953,TDOT
300982726,2024-10-29,2024-10-29 15:40:00,2024,10,Tuesday,15,35.136993,-89.996,Suspected Serious Injury,Pedestrian,Not Intersection-Bike Path,OtherLocation,Daylight,Not Collision with Motor Vehicle in Transport,Pedestrian,1,True,City of Memphis,,,,,,,241.2244237289064,MADISON AVE,32.92873730192311,35.0,3,B,MEMPHIS,SHELBY,2495.503570155342,City of Memphis
300996140,2025-01-12,2025-01-12 18:00:00,2025,1,Sunday,18,35.061832,-89.884315,Suspected Serious Injury,Pedestrian,Not Intersection-On Roadway Not In Crosswalk,Non-Junction,Unknown,Not Collision with Motor Vehicle in Transport,Pedestrian,1,True,City of Memphis,,,,,,,2187.666133112464,KNIGHT ARNOLD RD,5.168498170390571,40.0,4,B,MEMPHIS,SHELBY,2481.4589512620773,City of Memphis
301007782,2025-03-22,2025-03-22 00:28:00,2025,3,Saturday,0,35.11965,-89.99108,Suspected Serious Injury,Pedestrian,Intersection-On Roadway not in Crosswalk,Intersection,Dark-Lighted,Not Collision with Motor Vehicle in Transport,Pedestrian,1,True,City of Memphis,,,,,,,611.0673713975602,YOUNG AVE,0.1898607054304274,35.0,2,B,MEMPHIS,SHELBY,3088.733801266691,City of Memphis
301014964,2025-04-28,2025-04-28 21:05:00,2025,4,Monday,21,35.148914,-89.91774,Suspected Serious Injury,Pedestrian,Not Intersection-On Roadway Crosswalk not Available,AccelDecelLane,Dark-Lighted,Not Collision with Motor Vehicle in Transport,Pedestrian,2,True,TDOT,SUMMER AVE,Principal Arterial,40.0,7.0,1,5.0,5.210854604877095,SUMMER AVE,0.554897932386622,40.0,7,B,MEMPHIS,SHELBY,2341.5120902753238,TDOT
300995420,2025-01-07,2025-01-07 17:34:00,2025,1,Tuesday,17,35.020386,-89.83988,Possible Injury,Pedestrian,Intersection-On Roadway not in Crosswalk,Non-Junction,Daylight,Not Collision with Motor Vehicle in Transport,Pedestrian,1,True,TDOT,E SHELBY DR,Principal Arterial,45.0,7.0,175,3.0,4.867902006863558,E SHELBY DR,0.1950400097944523,45.0,7,B,MEMPHIS,SHELBY,7900.542035953583,TDOT
301017500,2025-05-12,2025-05-12 19:00:00,2025,5,Monday,19,35.250683,-89.97666,Possible Injury,Pedestrian,Not Intersection-On Roadway Not In Crosswalk,Intersection-Related,Daylight,Not Collision with Motor Vehicle in Transport,Pedestrian,1,True,City of Memphis,,,,,,,1870.0889787989693,MAVERICK AVE,1.0771232613705333,30.0,2,B,MEMPHIS,SHELBY,6505.194621843804,City of Memphis
301008394,2025-03-25,2025-03-25 16:00:00,2025,3,Tuesday,16,35.012154,-90.096504,Unknown,Other Non-Motorist,Not Intersection-Unknown,Intersection,Daylight,Angle,Other,1,True,TDOT,WEAVER RD,Principal Arterial,35.0,2.0,175,6.0,0.3086395991155454,S THIRD ST,0.4908809359527239,45.0,4,B,MEMPHIS,SHELBY,7876.145932611123,TDOT
300997162,2025-01-18,2025-01-18 15:20:00,2025,1,Saturday,15,35.173084,-89.79497,Suspected Serious Injury,Pedestrian,Not Intersection-On Roadway Not In Crosswalk,AccelDecelLane,Daylight,Not Collision with Motor Vehicle in Transport,Pedestrian,1,True,City of Memphis,,,,,,,178.8621964777157,DEXTER RD,1.0351604819895854,35.0,4,B,MEMPHIS,SHELBY,2010.3148663106274,City of Memphis
301020389,2025-05-28,2025-05-28 18:00:00,2025,5,Wednesday,18,35.130966,-90.041176,Suspected Minor Injury,Pedestrian,Not Intersection-On Roadway Crosswalk not Available,AccelDecelLane,Daylight,Not Collision with Motor Vehicle in Transport,Pedestrian,1,True,City of Memphis,,,,,,,568.2781695307788,WEATHERS DR,9.622022100205768,0.0,2,B,MEMPHIS,SHELBY,1555.595199253393,City of Memphis
301019693,2025-05-24,2025-05-24 00:30:00,2025,5,Saturday,0,35.07848,-89.88398,Suspected Serious Injury,Pedestrian,Intersection-On Roadway not in Crosswalk,AccelDecelLane,Dark-Lighted,Front to Rear,Other,1,True,City of Memphis,,,,,,,752.5278842268852,MOUNT MORIAH RD,60.0702146010604,40.0,7,B,MEMPHIS,SHELBY,635.3050964925524,City of Memphis
301018237,2025-05-15,2025-05-15 21:00:00,2025,5,Thursday,21,35.020866,-90.04294,Suspected Serious Injury,Pedestrian,Not Intersection-Outside Traffic,OtherLocation,Dark-Not Lighted,Not Collision with Motor Vehicle in Transport,Pedestrian,1,True,TDOT,E SHELBY DR,Minor Arterial,45.0,5.0,175,6.0,6.476751491075455,TULANE RD,0.9238426273576376,35.0,2,B,MEMPHIS,SHELBY,3675.464327816763,TDOT
301024221,2025-06-19,2025-06-19 19:10:00,2025,6,Thursday,19,35.156464,-90.02332,Possible Injury,Pedestrian,Not Intersection-On Roadway Not In Crosswalk,Non-Junction,Daylight,Not Collision with Motor Vehicle in Transport,Pedestrian,1,True,City of Memphis,,,,,,,110.39895031941872,GREENLAW AVE,0.1233380703868145,30.0,2,B,MEMPHIS,SHELBY,211.6901215893832,City of Memphis
300884396,2023-05-03,2023-05-03 19:23:00,2023,5,Wednesday,19,35.13684,-90.01668,Suspected Serious Injury,Pedestrian,Intersection-In Crosswalk,Intersection,Dusk,Not Collision with Motor Vehicle in Transport,Pedestrian,1,True,TDOT,UNION AVE,Principal Arterial,35.0,6.0,23,6.0,5.167134976554254,UNION AVE,0.5852224618034595,35.0,6,B,MEMPHIS,SHELBY,678.9191973871094,TDOT
300956135,2024-05-08,2024-05-08 20:20:00,2024,5,Wednesday,20,35.121605,-89.799675,Suspected Serious Injury,Pedestrian,Not Intersection-On Roadway Not In Crosswalk,Non-Junction,Dark-Lighted,Not Collision with Motor Vehicle in Transport,Pedestrian,1,True,TDOT,S GERMANTOWN PKWY,Principal Arterial,50.0,7.0,177,2.0,13.822971607128755,S WALNUT BEND RD,0.1723023887258961,30.0,2,B,MEMPHIS,SHELBY,6259.669655110139,TDOT
301003127,2025-02-22,2025-02-22 20:00:00,2025,2,Saturday,20,35.176407,-90.01717,Possible Injury,Pedestrian,Not Intersection-Unknown,Non-Junction,Dark-Lighted,Not Collision with Motor Vehicle in Transport,Pedestrian,1,True,City of Memphis,,,,,,,1697.0211356669774,WEAKLEY AVE,17.14614243916435,30.0,2,B,MEMPHIS,SHELBY,89.68795220804785,City of Memphis
300998525,2025-01-27,2025-01-27 15:40:00,2025,1,Monday,15,35.07373,-89.93183,Possible Injury,Pedestrian,Intersection-On Roadway Crosswalk Not Available,Intersection-Related,Daylight,Not Collision with Motor Vehicle in Transport,Pedestrian,1,True,TDOT,GETWELL RD,Principal Arterial,40.0,7.0,176,4.0,4.584499074934049,GETWELL RD,4.237591543497953,40.0,7,B,MEMPHIS,SHELBY,681.466983190539,TDOT
301005169,2025-03-07,2025-03-07 01:20:00,2025,3,Friday,1,35.052296,-89.979454,Possible Injury,Pedestrian,Intersection-On Roadway Crosswalk Not Available,Intersection-Related,Dark-Not Lighted,Not Collision with Motor Vehicle in Transport,Pedestrian,1,True,City of Memphis,,,,,,,3469.749154656356,WINCHESTER RD TO CARGO RD,1.1986279012738068,30.0,1,FT,MEMPHIS,SHELBY,2594.4097785581907,City of Memphis
301026707,2025-07-03,2025-07-03 21:25:00,2025,7,Thursday,21,35.0522,-89.94639,Suspected Serious Injury,Pedestrian,Not Intersection-On Roadway Not In Crosswalk,Non-Junction,Dark-Lighted,Not Collision with Motor Vehicle in Transport,Pedestrian,1,True,City of Memphis,,,,,,,1128.124807480241,WINCHESTER RD,4.94127319067368,45.0,7,B,MEMPHIS,SHELBY,3191.090819683169,City of Memphis
301001664,2025-02-15,2025-02-15 00:50:00,2025,2,Saturday,0,35.06073,-89.866005,Possible Injury,Pedestrian,Not Intersection-On Roadway Not In Crosswalk,Non-Junction,Dark-Lighted,Not Collision with Motor Vehicle in Transport,Pedestrian,1,True,City of Memphis,,,,,,,1500.3847385607105,KNIGHT ARNOLD RD,0.2268629837953599,40.0,4,B,MEMPHIS,SHELBY,2849.19868217654,City of Memphis
300999934,2025-02-04,2025-02-04 23:35:00,2025,2,Tuesday,23,35.205753,-89.91397,No Injury,Pedestrian,Not Intersection-Outside Traffic,Intersection-Related,Dark-Lighted,Angle,Other,1,True,TDOT,STAGE RD,Principal Arterial,45.0,6.0,15,1.0,13.791339936151672,COLEMAN RD,7.898357321151784,45.0,7,B,MEMPHIS,SHELBY,1654.2541849533281,TDOT
301025827,2025-06-29,2025-06-29 00:00:00,2025,6,Sunday,99,35.0345,-89.84046,No Injury,Pedestrian,Not Intersection-Unknown,Unknown,Unknown,Not Collision with Motor Vehicle in Transport,Other,1,True,City of Memphis,,,,,,,1561.0825967551582,E RAINES RD,49.40870318823374,40.0,7,B,MEMPHIS,SHELBY,6479.492479249281,City of Memphis
300999267,2025-01-30,2025-01-30 14:40:00,2025,1,Thursday,14,35.13462,-90.02075,Possible Injury,Pedestrian,Intersection-In Crosswalk,Intersection,Daylight,Not Collision with Motor Vehicle in Transport,Pedestrian,1,True,TDOT,S BELLEVUE BLVD,Major Collector,35.0,4.0,3,6.0,0.0906114837439252,LINDEN AVE,0.3029195387437651,30.0,2,B,MEMPHIS,SHELBY,301.9915531009758,TDOT
301016140,2025-05-05,2025-05-05 18:35:00,2025,5,Monday,18,35.03551,-90.02517,Possible Injury,Pedestrian,Not Intersection-On Roadway Crosswalk not Available,Unknown,Dawn,Not Collision with Motor Vehicle in Transport,Pedestrian,1,True,TDOT,ELVIS PRESLEY BLVD,Principal Arterial,40.0,5.0,3,6.0,0.5932141048122601,E RAINES RD,0.1957589068347977,40.0,5,B,MEMPHIS,SHELBY,1936.3593084437991,TDOT
301011740,2025-04-11,2025-04-11 19:10:00,2025,4,Friday,19,35.179314,-89.9764,Suspected Serious Injury,Pedestrian,Intersection-On Roadway not in Crosswalk,Non-Junction,Daylight,Not Collision with Motor Vehicle in Transport,Pedestrian,1,True,City of Memphis,,,,,,,2363.8362643833257,OAKWOOD ST,4.774331576990313,30.0,2,B,MEMPHIS,SHELBY,1358.0458751773206,City of Memphis
301011257,2025-04-09,2025-04-09 07:35:00,2025,4,Wednesday,7,35.1311,-90.022545,Suspected Minor Injury,Pedestrian,Intersection-In Crosswalk,Intersection,Daylight,Not Collision with Motor Vehicle in Transport,Pedestrian,1,True,City of Memphis,,,,,,,137.6102724120563,S WALDRAN BLVD,60.56972043185048,30.0,2,B,MEMPHIS,SHELBY,120.0850893231781,City of Memphis
301009405,2025-03-30,2025-03-30 21:10:00,2025,3,Sunday,21,35.139824,-90.00475,Suspected Serious Injury,Pedestrian,Intersection-On Roadway Crosswalk Not Available,Non-Junction,Dark-Lighted,Not Collision with Motor Vehicle in Transport,Other,1,True,City of Memphis,,,,,,,451.2615274084141,N BELVEDERE BLVD,0.1263699893055135,35.0,2,B,MEMPHIS,SHELBY,1656.1508537305122,City of Memphis
301022225,2025-06-08,2025-06-08 00:10:00,2025,6,Sunday,0,35.10456,-90.0107,Possible Injury,Pedestrian,Intersection-Not on Roadway,OtherLocation,Dark-Not Lighted,Not Collision with Motor Vehicle in Transport,Pedestrian,1,True,City of Memphis,,,,,,,847.2057918728841,ETHLYN AVE,0.2705901325615814,30.0,2,B,MEMPHIS,SHELBY,1685.216512193321,City of Memphis
301018637,2025-05-14,2025-05-14 20:00:00,2025,5,Wednesday,20,35.137676,-90.0116,Possible Injury,Pedestrian,Intersection-In Crosswalk,AccelDecelLane,Dusk,Not Collision with Motor Vehicle in Transport,Pedestrian,1,True,City of Memphis,,,,,,,143.25878622618592,MONROE AVE,31.561117645980616,30.0,2,B,MEMPHIS,SHELBY,1094.637933706657,City of Memphis
301027592,2025-07-09,2025-07-09 23:37:00,2025,7,Wednesday,23,35.064884,-89.93243,Suspected Serious Injury,Pedestrian,Not Intersection-On Roadway Not In Crosswalk,Intersection-Related,Dark-Lighted,Not Collision with Motor Vehicle in Transport,Pedestrian,2,True,TDOT,NEW GETWELL RD,Principal Arterial,40.0,2.0,176,3.0,0.3183575723150796,GETWELL RD,0.0186755769238648,40.0,2,FT,MEMPHIS,SHELBY,1657.414299829959,TDOT
301009842,2025-04-01,2025-04-01 11:00:00,2025,4,Tuesday,11,35.05478,-89.91401,Possible Injury,Pedestrian,Not Intersection-On Roadway Crosswalk not Available,Non-Junction,Daylight,Not Collision with Motor Vehicle in Transport,Pedestrian,1,True,City of Memphis,,,,,,,1005.2394849856254,BARBWOOD DR,18.34771273882411,30.0,2,B,MEMPHIS,SHELBY,2557.671065585863,City of Memphis
301001578,2025-02-13,2025-02-13 06:50:00,2025,2,Thursday,6,35.039467,-90.06915,Possible Injury,Pedestrian,Not Intersection-On Roadway Not In Crosswalk,Intersection-Related,Daylight,Not Collision with Motor Vehicle in Transport,Pedestrian,1,True,TDOT,S THIRD ST,Principal Arterial,45.0,7.0,14,6.0,2.80090436493432,S THIRD ST,0.3236580454397738,45.0,7,B,MEMPHIS,SHELBY,4440.293747058699,TDOT
301011558,2025-04-10,2025-04-10 15:12:00,2025,4,Thursday,15,35.157127,-90.04804,Possible Injury,Pedestrian,Intersection-In Crosswalk,AccelDecelLane,Daylight,Not Collision with Motor Vehicle in Transport,Pedestrian,1,True,City of Memphis,,,,,,,120.43268204132134,N MAIN ST,0.3002383895789257,35.0,3,B,MEMPHIS,SHELBY,448.38476279174023,City of Memphis
300996974,2025-01-17,2025-01-17 18:53:00,2025,1,Friday,18,35.065533,-89.82501,Possible Injury,Pedestrian,Intersection-On Roadway not in Crosswalk,Intersection,Dark-Lighted,Not Collision with Motor Vehicle in Transport,Pedestrian,1,True,City of Memphis,,,,,,,1135.2600074371535,RIVERDALE RD,8.698904545342504,40.0,2,B,MEMPHIS,SHELBY,4951.487586376031,City of Memphis
301011322,2025-04-09,2025-04-09 15:15:00,2025,4,Wednesday,15,35.144215,-90.02126,Possible Injury,Pedestrian,Intersection-Unknown,Intersection,Daylight,Not Collision with Motor Vehicle in Transport,Pedestrian,1,True,City of Memphis,,,,,,,756.9176690610161,POPLAR AVE,28.115224869679587,40.0,7,B,MEMPHIS,SHELBY,104.40694525197466,City of Memphis
301001080,2025-02-11,2025-02-11 12:30:00,2025,2,Tuesday,12,35.139027,-89.97891,Suspected Serious Injury,Pedestrian,Intersection-On Roadway not in Crosswalk,Intersection,Daylight,Not Collision with Motor Vehicle in Transport,Pedestrian,1,True,TDOT,POPLAR AVE,Principal Arterial,40.0,6.0,57,5.0,4.266583996420987,POPLAR AVE,0.1046926572408211,40.0,7,B,MEMPHIS,SHELBY,4004.0785626034226,TDOT
300998193,2025-01-25,2025-01-25 06:47:00,2025,1,Saturday,6,35.05477,-89.89505,No Injury,Pedestrian,Not Intersection-Outside Traffic,Non-Junction,Dawn,Not Collision with Motor Vehicle in Transport,Other,1,True,City of Memphis,,,,,,,2479.9964938073654,CEDRICK AVE,22.80838229750983,30.0,2,B,MEMPHIS,SHELBY,2822.7156735278954,City of Memphis
301025676,2025-06-27,2025-06-27 23:45:00,2025,6,Friday,23,35.018764,-90.00756,Possible Injury,Pedestrian,Not Intersection-Bike Path,Unknown,Dark-Lighted,Not Collision with Motor Vehicle in Transport,Pedestrian,1,True,City of Memphis,,,,,,,255.47418350992567,MILLBRANCH RD,0.3718031335901233,40.0,5,B,MEMPHIS,SHELBY,445.16451126575595,City of Memphis
301020628,2025-05-29,2025-05-29 01:13:00,2025,5,Thursday,1,35.09949,-89.86322,Possible Injury,Pedestrian,Intersection-On Roadway Crosswalk availability Unknown,Intersection,Dark-Lighted,Not Collision with Motor Vehicle in Transport,Pedestrian,1,True,City of Memphis,,,,,,,324.5006634369324,PARK AVE,51.60929664679431,40.0,4,B,MEMPHIS,SHELBY,626.7332576314296,City of Memphis