MstrRecNbrTxt,CollisionDate,CollisionDteTime,YearNmb,Month,DayOfWeek,Hour,Latitude,Longitude,InjuryClass,PersonType,NonMotoristLocation,RelationToJunction,LightCondition,MannerOfCollision,FirstHarmfulEvent,VictimsInCrash,InMemphis,Jurisdiction,StateRoute_NAME,StateRoute_F_System,StateRoute_SPDLIMIT,StateRoute_LANES,StateRoute_ALTNAME_1,StateRoute_Council_District,DistToStateRoute_m,Street_Name,DistToStreet_m,Street_SPDLIMIT,Street_LANES,Street_ONEWAY,Street_CITY_L,Street_COUNTY_L,DistToInterstate_m,Jurisdiction_prev
301009493,2025-03-31,2025-03-31 12:13:00,2025,3,Monday,12,35.205284,-89.92359,Suspected Serious Injury,Pedestrian,Not Intersection-Other Not On Roadway,Non-Junction,Daylight,Not Collision with Motor Vehicle in Transport,Pedestrian,2,True,TDOT,AUSTIN PEAY HWY,Principal Arterial,50.0,3.0,14,7.0,16.244194499454423,AUSTIN PEAY HWY TO JAMES RD,0.0625633611823299,45.0,1,FT,MEMPHIS,SHELBY,1396.7448145719397,TDOT
301006447,2025-03-14,2025-03-14 23:40:00,2025,3,Friday,23,35.089504,-90.0245,Possible Injury,Pedestrian,Not Intersection-On Roadway Not In Crosswalk,Non-Junction,Dark-Lighted,Not Collision with Motor Vehicle in Transport,Pedestrian,1,True,City of Memphis,,,,,,,567.4474041994371,HERNANDO RD,37.48217695050848,35.0,2,B,MEMPHIS,SHELBY,80.0812890714098,City of Memphis
301009722,2025-04-01,2025-04-01 13:35:00,2025,4,Tuesday,13,35.10955,-90.02173,Suspected Serious Injury,Pedestrian,Intersection-In Crosswalk,Non-Junction,Daylight,Not Collision with Motor Vehicle in Transport,Pedestrian,1,True,TDOT,ELVIS PRESLEY BLVD,Minor Arterial,35.0,5.0,3,4.0,0.6981912917163906,S PARKWAY E,0.1543433653896312,35.0,5,B,MEMPHIS,SHELBY,660.9606294808952,TDOT
301002860,2025-02-22,2025-02-22 18:40:00,2025,2,Saturday,18,35.049618,-89.86694,Possible Injury,Pedestrian,Intersection-On Roadway not in Crosswalk,AccelDecelLane,Dark-Lighted,Not Collision with Motor Vehicle in Transport,Pedestrian,1,True,City of Memphis,,,,,,,2607.476048697732,WINCHESTER RD,49.52857661424567,45.0,7,B,MEMPHIS,SHELBY,4001.32611731354,City of Memphis
301013768,2025-04-22,2025-04-22 15:15:00,2025,4,Tuesday,15,35.13617,-90.00993,Possible Injury,Pedestrian,Not Intersection-Unknown,"Driveway, Alley Access, etc",Daylight,Not Collision with Motor Vehicle in Transport,Pedestrian,1,True,TDOT,UNION AVE,Principal Arterial,35.0,6.0,23,5.0,4.907974618379632,UNION AVE,0.3141115797904308,35.0,6,B,MEMPHIS,SHELBY,1291.38177979364,TDOT
301007603,2025-03-21,2025-03-21 08:15:00,2025,3,Friday,8,35.1287,-89.94882,Possible Injury,Pedestrian,Intersection-On Roadway not in Crosswalk,OtherLocation,Daylight,Not Collision with Motor Vehicle in Transport,Pedestrian,1,True,TDOT,POPLAR AVE,Principal Arterial,40.0,7.0,57,5.0,4.918306560139199,POPLAR AVE,0.5472754279069656,40.0,7,B,MEMPHIS,SHELBY,5119.019468022292,TDOT
301005732,2025-03-10,2025-03-10 18:45:00,2025,3,Monday,18,35.054394,-90.0202,Possible Injury,Pedestrian,Not Intersection-On Roadway Crosswalk not Available,Intersection-Related,Daylight,Not Collision with Motor Vehicle in Transport,Pedestrian,1,True,City of Memphis,,,,,,,436.264135716703,W DOVE CREEK CIR,12.758642508236562,30.0,2,B,MEMPHIS,SHELBY,521.2528921217769,City of Memphis
301003303,2025-02-25,2025-02-25 00:00:00,2025,2,Tuesday,99,35.10729,-90.032906,Possible Injury,Pedestrian,Intersection-Not on Roadway,Intersection,Dark-Lighted,Not Collision with Motor Vehicle in Transport,Pedestrian,1,True,City of Memphis,,,,,,,1046.9713643441094,KERR AVE,21.29351168865525,35.0,2,B,MEMPHIS,SHELBY,327.2427082317286,City of Memphis
301008510,2025-03-26,2025-03-26 13:20:00,2025,3,Wednesday,13,35.119232,-89.971664,Possible Injury,Pedestrian,Not Intersection-On Roadway Crosswalk not Available,AccelDecelLane,Daylight,Not Collision with Motor Vehicle in Transport,Pedestrian,1,True,City of Memphis,,,,,,,1159.4111902160505,BUNTYN ST,3.531566855904153,30.0,2,B,MEMPHIS,SHELBY,4494.928316548223,City of Memphis
300977591,2024-09-29,2024-09-29 13:20:00,2024,9,Sunday,13,35.107944,-89.98516,Suspected Serious Injury,Pedestrian,Not Intersection-On Roadway Not In Crosswalk,Non-Junction,Daylight,Not Collision with Motor Vehicle in Transport,Pedestrian,1,True,TDOT,AIRWAYS BLVD,Principal Arterial,35.0,5.0,277,4.0,20.152298546482392,AIRWAYS BLVD,20.612437220249475,35.0,5,B,MEMPHIS,SHELBY,3430.7572270227274,TDOT
301024918,2025-06-23,2025-06-23 22:22:00,2025,6,Monday,22,35.08624,-90.041306,Possible Injury,Pedestrian,Not Intersection-On Roadway Crosswalk not Available,AccelDecelLane,Dark-Lighted,Not Collision with Motor Vehicle in Transport,Pedestrian,3,True,City of Memphis,,,,,,,1408.7839641868402,E MALLORY AVE,1.0816921311783847,40.0,4,B,MEMPHIS,SHELBY,1087.358434894794,City of Memphis
301005664,2025-03-10,2025-03-10 10:30:00,2025,3,Monday,10,35.108543,-89.9849,Suspected Serious Injury,Pedestrian,Intersection-In Crosswalk,Intersection,Daylight,Not Collision with Motor Vehicle in Transport,Pedestrian,1,True,TDOT,AIRWAYS BLVD,Principal Arterial,35.0,5.0,277,4.0,0.1734692187088012,PARK AVE,0.0757729464413112,35.0,5,B,MEMPHIS,SHELBY,3497.577104932471,TDOT
301022850,2025-06-11,2025-06-11 17:20:00,2025,6,Wednesday,17,35.05005,-89.86638,Possible Injury,Pedestrian,Not Intersection-On Roadway Not In Crosswalk,Non-Junction,Daylight,Not Collision with Motor Vehicle in Transport,Pedestrian,1,True,City of Memphis,,,,,,,2541.817242461517,WINCHESTER RD,0.0975908360395385,45.0,7,B,MEMPHIS,SHELBY,3967.925014938094,City of Memphis
301011364,2025-04-09,2025-04-09 16:21:00,2025,4,Wednesday,16,35.135357,-90.00172,Possible Injury,Pedestrian,Not Intersection-On Roadway Not In Crosswalk,AccelDecelLane,Daylight,Not Collision with Motor Vehicle in Transport,Pedestrian,1,True,TDOT,UNION AVE,Principal Arterial,35.0,6.0,23,5.0,4.778267060272433,UNION AVE,0.1900824024055926,35.0,6,B,MEMPHIS,SHELBY,2031.0394437918726,TDOT
300976338,2024-09-21,2024-09-21 00:55:00,2024,9,Saturday,0,35.12391,-89.9715,Suspected Serious Injury,Pedestrian,Intersection-On Roadway Crosswalk Not Available,Non-Junction,Dark-Not Lighted,Not Collision with Motor Vehicle in Transport,Pedestrian,1,True,City of Memphis,,,,,,,1032.1325565944408,CENTRAL AVE,0.4010141128687052,40.0,4,B,MEMPHIS,SHELBY,4775.685093580223,City of Memphis
301022687,2025-06-10,2025-06-10 15:47:00,2025,6,Tuesday,15,35.143394,-90.047226,Possible Injury,Pedestrian,Intersection-Not on Roadway,Intersection,Daylight,Not Collision with Motor Vehicle in Transport,Other,1,True,City of Memphis,,,,,,,194.72138225281907,FLOYD ALY,25.747871786234228,30.0,2,B,MEMPHIS,SHELBY,970.5127660364074,City of Memphis
301024810,2025-06-23,2025-06-23 12:45:00,2025,6,Monday,12,35.07397,-89.90588,Possible Injury,Pedestrian,Intersection-In Crosswalk,Intersection,Daylight,Not Collision with Motor Vehicle in Transport,Pedestrian,1,True,City of Memphis,,,,,,,2353.1319206243065,AMERICAN WAY,0.1306906502451434,45.0,6,B,MEMPHIS,SHELBY,486.60534929090716,City of Memphis
301029574,2025-07-21,2025-07-21 17:00:00,2025,7,Monday,17,35.15186,-89.900986,Possible Injury,Pedestrian,Not Intersection-On Roadway Not In Crosswalk,Non-Junction,Daylight,Not Collision with Motor Vehicle in Transport,Pedestrian,1,True,City of Memphis,,,,,,,361.1184944035014,BOWEN AVE,24.314253797314432,30.0,2,B,MEMPHIS,SHELBY,901.9273685520069,City of Memphis
300996295,2025-01-13,2025-01-13 16:45:00,2025,1,Monday,16,35.069546,-89.856255,Possible Injury,Pedestrian,Not Intersection-On Roadway Not In Crosswalk,AccelDecelLane,Daylight,Not Collision with Motor Vehicle in Transport,Pedestrian,1,True,City of Memphis,,,,,,,197.1610064932445,MOUNT MORIAH ROAD EXT,0.5150462873328949,45.0,5,B,MEMPHIS,SHELBY,2449.526356770888,City of Memphis
300971896,2024-08-23,2024-08-23 21:00:00,2024,8,Friday,21,35.061012,-90.075745,Possible Injury,Pedestrian,Not Intersection-Outside Traffic,AccelDecelLane,Dawn,Not Collision with Motor Vehicle in Transport,Pedestrian,1,True,City of Memphis,,,,,,,1484.147323916553,ROCHESTER RD,24.005030864729694,30.0,2,B,MEMPHIS,SHELBY,2140.161188194316,City of Memphis
301009898,2025-03-30,2025-03-30 20:18:00,2025,3,Sunday,20,35.0765,-89.939,Suspected Serious Injury,Pedestrian,Not Intersection-On Roadway Not In Crosswalk,Non-Junction,Dark-Lighted,Not Collision with Motor Vehicle in Transport,Pedestrian,3,True,City of Memphis,,,,,,,680.4311569072432,AMERICAN WAY,26.04424120332464,45.0,7,B,MEMPHIS,SHELBY,491.4937509999343,City of Memphis
301000130,2025-02-05,2025-02-05 20:29:00,2025,2,Wednesday,20,35.049057,-89.82714,Suspected Serious Injury,Pedestrian,Not Intersection-On Roadway Not In Crosswalk,Intersection-Related,Dark-Lighted,Not Collision with Motor Vehicle in Transport,Pedestrian,1,True,City of Memphis,,,,,,,435.9155524371666,WINCHESTER RD,0.0434110404695064,45.0,7,B,MEMPHIS,SHELBY,5925.5378174270645,City of Memphis
301008678,2025-03-11,2025-03-11 06:50:00,2025,3,Tuesday,6,35.128635,-90.02108,No Injury,Pedestrian,Not Intersection-On Roadway Crosswalk Availability Unknown,Intersection-Related,Dusk,Not Collision with Motor Vehicle in Transport,Pedestrian,1,True,TDOT,S BELLEVUE BLVD,Minor Arterial,35.0,4.0,3,6.0,0.181509058027638,S BELLEVUE BLVD,0.2590154795942856,35.0,4,B,MEMPHIS,SHELBY,241.40378056753954,TDOT
301022059,2025-05-31,2025-05-31 23:49:00,2025,5,Saturday,23,35.061422,-90.059311,Suspected Minor Injury,Pedestrian,Not Intersection-On Roadway Crosswalk not Available,Non-Junction,Dark-Lighted,Not Collision with Motor Vehicle in Transport,Pedestrian,1,True,TDOT,S THIRD ST,Principal Arterial,45.0,7.0,14,6.0,6.488479262398319,S THIRD ST,5.873055442812244,45.0,7,B,MEMPHIS,SHELBY,1931.7493276468495,TDOT
301026773,2025-07-04,2025-07-04 15:34:00,2025,7,Friday,15,35.182423,-89.8719,Possible Injury,Pedestrian,Intersection-In Crosswalk,Intersection,Daylight,Not Collision with Motor Vehicle in Transport,Pedestrian,1,True,City of Memphis,,,,,,,980.4024771204132,SYCAMORE VIEW RD,48.77659403565352,45.0,4,B,MEMPHIS,SHELBY,2113.8496692753847,City of Memphis
301029725,2025-07-22,2025-07-22 18:21:00,2025,7,Tuesday,18,35.181297,-89.93418,Possible Injury,Pedestrian,Intersection-On Roadway not in Crosswalk,Non-Junction,Daylight,Not Collision with Motor Vehicle in Transport,Pedestrian,1,True,TDOT,JACKSON AVE,Principal Arterial,40.0,7.0,14,7.0,11.512866831387612,JACKSON AVE,8.716344070121822,40.0,7,B,MEMPHIS,SHELBY,1071.8818694157274,TDOT
301025107,2025-06-25,2025-06-25 00:00:00,2025,6,Wednesday,99,35.1367,-90.019356,Possible Injury,Pedestrian,Not Intersection-On Roadway Not In Crosswalk,AccelDecelLane,Unknown,Not Collision with Motor Vehicle in Transport,Pedestrian,1,True,City of Memphis,,,,,,,49.9393679026489,UNION AVE,45.3576703572038,35.0,6,B,MEMPHIS,SHELBY,434.958413699305,City of Memphis
301028020,2025-07-12,2025-07-12 02:45:00,2025,7,Saturday,2,35.13695,-90.019646,Suspected Serious Injury,Pedestrian,Intersection-On Roadway Crosswalk Not Available,AccelDecelLane,Dark-Not Lighted,Not Collision with Motor Vehicle in Transport,Pedestrian,1,True,TDOT,UNION AVE,Principal Arterial,35.0,6.0,23,6.0,25.57095747692957,UNION AVE,20.989569894890863,35.0,6,B,MEMPHIS,SHELBY,408.6415743864187,TDOT
301011641,2025-04-10,2025-04-10 11:56:00,2025,4,Thursday,11,35.106213,-89.859,Possible Injury,Pedestrian,Intersection-In Crosswalk,Intersection,Daylight,Not Collision with Motor Vehicle in Transport,Pedestrian,1,True,City of Memphis,,,,,,,472.9356367884876,S SHADY GROVE RD,0.3006769803293547,35.0,5,B,MEMPHIS,SHELBY,998.9390287263382,City of Memphis
301023160,2025-06-13,2025-06-13 16:35:00,2025,6,Friday,16,35.090023,-89.923676,Unknown,Pedestrian,Unknown,Intersection-Related,Daylight,Angle,Other,1,True,City of Memphis,,,,,,,1266.657514842398,DUNN AVE,0.1813435908509937,30.0,2,B,MEMPHIS,SHELBY,1204.8190589217381,City of Memphis
301013973,2025-04-24,2025-04-24 00:59:00,2025,4,Thursday,0,35.061337,-90.03378,Possible Injury,Pedestrian,Intersection-On Roadway Crosswalk Not Available,Intersection-Related,Dark-Lighted,Not Collision with Motor Vehicle in Transport,Pedestrian,2,True,City of Memphis,,,,,,,907.7244165327356,E BROOKS RD,48.77814907820578,45.0,5,B,MEMPHIS,SHELBY,861.5944347081647,City of Memphis
301008084,2025-03-24,2025-03-24 10:15:00,2025,3,Monday,10,35.135654,-89.96237,Possible Injury,Pedestrian,Intersection-In Crosswalk,Intersection,Daylight,Not Collision with Motor Vehicle in Transport,Pedestrian,1,True,TDOT,WALNUT GROVE RD,Minor Arterial,35.0,5.0,23,5.0,4.942329606559473,TILLMAN ST,0.3566738059899433,35.0,4,B,MEMPHIS,SHELBY,5545.133665683304,TDOT
300999925,2025-02-04,2025-02-04 18:08:00,2025,2,Tuesday,18,35.050526,-89.90229,Suspected Serious Injury,Pedestrian,Not Intersection-On Roadway Not In Crosswalk,Non-Junction,Dusk,Not Collision with Motor Vehicle in Transport,Pedestrian,1,True,City of Memphis,,,,,,,1700.3558447270864,OUTLAND RD,49.35859923055553,40.0,5,B,MEMPHIS,SHELBY,3096.251452860851,City of Memphis
301019868,2025-05-24,2025-05-24 20:50:00,2025,5,Saturday,20,35.10915,-89.98218,Suspected Serious Injury,Pedestrian,Not Intersection-On Roadway Not In Crosswalk,Unknown,Unknown,Not Collision with Motor Vehicle in Transport,Pedestrian,1,True,City of Memphis,,,,,,,244.9624647276389,SARATOGA AVE,0.1932193814378685,30.0,2,B,MEMPHIS,SHELBY,3575.721297185577,City of Memphis
301023369,2025-06-14,2025-06-14 20:15:00,2025,6,Saturday,20,35.156425,-89.937675,Suspected Minor Injury,Pedestrian,Not Intersection-Outside Traffic,Intersection,Dark-Lighted,Not Collision with Motor Vehicle in Transport,Pedestrian,1,True,City of Memphis,,,,,,,783.3997837232295,FREEMAN ST,5.265185947386919,30.0,2,B,MEMPHIS,SHELBY,3459.4105982892993,City of Memphis
301002711,2025-02-21,2025-02-21 19:05:00,2025,2,Friday,19,35.035442,-90.02482,Possible Injury,Pedestrian,Intersection-On Roadway not in Crosswalk,AccelDecelLane,Dark-Lighted,Not Collision with Motor Vehicle in Transport,Pedestrian,1,True,City of Memphis,,,,,,,31.379590869481973,E RAINES RD,7.996160554262564,40.0,5,B,MEMPHIS,SHELBY,1912.0778335998502,City of Memphis
301023153,2025-06-13,2025-06-13 00:00:00,2025,6,Friday,99,35.047493,-89.86682,Unknown,Other Non-Motorist,Unknown,Non-Junction,Unknown,Not Collision with Motor Vehicle in Transport,Other,1,True,City of Memphis,,,,,,,2814.996008341639,HICKORY HILL RD,40.301288705492695,45.0,7,B,MEMPHIS,SHELBY,4232.761787952226,City of Memphis
301006264,2025-03-13,2025-03-13 17:26:00,2025,3,Thursday,17,35.053234,-89.88645,Suspected Serious Injury,Pedestrian,Not Intersection-On Roadway Not In Crosswalk,Non-Junction,Daylight,Not Collision with Motor Vehicle in Transport,Pedestrian,1,True,City of Memphis,,,,,,,3069.335399349241,WAYFARER CIR,19.60529605828377,30.0,2,B,MEMPHIS,SHELBY,3302.409020168029,City of Memphis
300996375,2025-01-14,2025-01-14 07:48:00,2025,1,Tuesday,7,35.157948,-89.97601,Suspected Minor Injury,Pedestrian,Not Intersection-On Roadway Crosswalk not Available,Non-Junction,Daylight,Not Collision with Motor Vehicle in Transport,Pedestrian,1,True,TDOT,JACKSON AVE,Principal Arterial,40.0,5.0,14,7.0,4.687374335869879,JACKSON AVE,0.0281101443445548,40.0,5,B,MEMPHIS,SHELBY,3718.4217887152035,TDOT
300999401,2025-02-01,2025-02-01 14:30:00,2025,2,Saturday,14,35.099426,-89.93102,No Injury,Pedestrian,Intersection-In Crosswalk,Intersection,Daylight,Not Collision with Motor Vehicle in Transport,Pedestrian,1,True,City of Memphis,,,,,,,2101.938345230288,RHODES AVE,1.6036480355547262,35.0,4,B,MEMPHIS,SHELBY,2115.8765681998916,City of Memphis
300995628,2025-01-08,2025-01-08 16:00:00,2025,1,Wednesday,16,35.101006,-89.97865,Possible Injury,Pedestrian,Not Intersection-Outside Traffic,Unknown,Daylight,Angle,Other,2,True,TDOT,LAMAR AVE,Principal Arterial,40.0,5.0,4,4.0,8.266503627951279,LAMAR AVE,4.434138158060346,40.0,5,B,MEMPHIS,SHELBY,2705.645110943599,TDOT
301005400,2025-03-08,2025-03-08 06:00:00,2025,3,Saturday,6,35.1603,-90.035835,No Injury,Pedestrian,Unknown,Non-Junction,Unknown,Not Collision with Motor Vehicle in Transport,Other,1,True,City of Memphis,,,,,,,32.16010309801051,LOONEY AVE,24.89586563748027,30.0,2,B,MEMPHIS,SHELBY,1022.899448041112,City of Memphis
301020562,2025-05-29,2025-05-29 17:15:00,2025,5,Thursday,17,35.16884,-90.022896,Possible Injury,Pedestrian,Intersection-On Roadway not in Crosswalk,Intersection-Related,Daylight,Not Collision with Motor Vehicle in Transport,Pedestrian,1,True,City of Memphis,,,,,,,1207.1817760922995,CHELSEA AVE,0.2523646939622764,40.0,5,B,MEMPHIS,SHELBY,390.8524282135505,City of Memphis
301022525,2025-06-09,2025-06-09 21:50:00,2025,6,Monday,21,35.14318,-90.0071,Suspected Minor Injury,Pedestrian,Not Intersection-On Roadway Not In Crosswalk,Non-Junction,Dark-Lighted,Not Collision with Motor Vehicle in Transport,Pedestrian,1,True,City of Memphis,,,,,,,796.8431547084072,N AVALON ST,0.2038070834616866,35.0,2,B,MEMPHIS,SHELBY,1399.8006068212503,City of Memphis
301000756,2025-02-01,2025-02-01 23:00:00,2025,2,Saturday,23,35.155174,-89.798775,No Injury,Other Non-Motorist,Not Intersection-Other Not On Roadway,Non-Junction,Dark-Not Lighted,Angle,Other,1,True,City of Memphis,,,,,,,309.5228034808231,ANNES CIR,15.163057676120692,30.0,2,B,MEMPHIS,SHELBY,3586.546494280059,City of Memphis
301031799,2025-08-03,2025-08-03 20:23:00,2025,8,Sunday,20,35.10679,-90.0648,Possible Injury,Pedestrian,Intersection-On Roadway not in Crosswalk,Non-Junction,Dark-Lighted,Not Collision with Motor Vehicle in Transport,Pedestrian,1,True,City of Memphis,,,,,,,860.1898217621866,KANSAS ST,0.2029744780554102,35.0,2,B,MEMPHIS,SHELBY,981.9871488720319,City of Memphis
300997604,2025-01-21,2025-01-21 18:00:00,2025,1,Tuesday,18,35.020733,-89.952866,Possible Injury,Pedestrian,Intersection-On Roadway not in Crosswalk,AccelDecelLane,Dusk,Not Collision with Motor Vehicle in Transport,Pedestrian,1,True,TDOT,E SHELBY DR,Principal Arterial,45.0,7.0,175,3.0,5.667996070602774,E SHELBY DR,0.9822423423371456,45.0,7,B,MEMPHIS,SHELBY,4523.988894723891,TDOT
301005112,2025-03-06,2025-03-06 07:12:00,2025,3,Thursday,7,35.057228,-89.88584,Possible Injury,Pedestrian,Intersection-On Roadway not in Crosswalk,Intersection,Daylight,Not Collision with Motor Vehicle in Transport,Pedestrian,1,True,City of Memphis,,,,,,,2702.131056903673,S MENDENHALL RD,14.933668251089324,40.0,7,B,MEMPHIS,SHELBY,2925.077986767482,City of Memphis
301026863,2025-07-01,2025-07-01 20:00:00,2025,7,Tuesday,20,35.107574,-89.92609,Possible Injury,Pedestrian,Intersection-In Crosswalk,Intersection-Related,Dark-Unknown Lighting,Not Collision with Motor Vehicle in Transport,Pedestrian,1,True,City of Memphis,,,,,,,1658.391758334683,S GOODLETT ST,12.68141102745498,40.0,4,B,MEMPHIS,SHELBY,3084.7969633647963,City of Memphis
301020543,2025-05-29,2025-05-29 10:24:00,2025,5,Thursday,10,35.1361,-90.02693,Possible Injury,Pedestrian,Intersection-In Crosswalk,Non-Junction,Daylight,Not Collision with Motor Vehicle in Transport,Pedestrian,1,True,City of Memphis,,,,,,,146.49946000840856,EASTMORELAND AVE,0.2313622128492573,30.0,2,B,MEMPHIS,SHELBY,236.0019181981346,City of Memphis
300994636,2025-01-01,2025-01-01 19:29:00,2025,1,Wednesday,19,35.20584,-89.913925,No Injury,Pedestrian,Not Intersection-Unknown,AccelDecelLane,Dark-Lighted,Angle,Other,1,True,TDOT,STAGE RD,Principal Arterial,45.0,6.0,15,1.0,5.017184341297664,STAGE RD,0.3881955669398118,45.0,6,B,MEMPHIS,SHELBY,1664.7390027178383,TDOT
301004501,2025-03-02,2025-03-02 13:45:00,2025,3,Sunday,13,35.096012,-89.925415,Possible Injury,Pedestrian,Not Intersection-Unknown,Non-Junction,Daylight,Not Collision with Motor Vehicle in Transport,Other,1,True,City of Memphis,,,,,,,1804.7544188281945,MEADOW DR,26.54561331770166,30.0,2,B,MEMPHIS,SHELBY,1831.7544834479147,City of Memphis
301002564,2025-02-20,2025-02-20 20:24:00,2025,2,Thursday,20,35.169334,-89.86542,Possible Injury,Pedestrian,Not Intersection-On Roadway Not In Crosswalk,Non-Junction,Dark-Lighted,Not Collision with Motor Vehicle in Transport,Pedestrian,1,True,City of Memphis,,,,,,,403.8179158707501,SYCAMORE VIEW RD,14.043244839896198,45.0,7,B,MEMPHIS,SHELBY,548.8805020301544,City of Memphis
301013587,2025-04-21,2025-04-21 18:35:00,2025,4,Monday,18,35.02621,-89.86514,Possible Injury,Pedestrian,Not Intersection-On Roadway Not In Crosswalk,Non-Junction,Daylight,Not Collision with Motor Vehicle in Transport,Pedestrian,1,True,City of Memphis,,,,,,,645.2750395972967,HICKORY LEAF DR,21.832467356520848,30.0,2,B,MEMPHIS,SHELBY,6573.581706264339,City of Memphis
301004951,2025-03-05,2025-03-05 11:02:00,2025,3,Wednesday,11,35.14255,-90.0511,No Injury,Pedestrian,Intersection-In Crosswalk,Intersection,Daylight,Not Collision with Motor Vehicle in Transport,Pedestrian,1,True,TDOT,S THIRD ST,Minor Arterial,35.0,3.0,14,6.0,1.1768683923196348,UNION AVE,0.4298151266477996,35.0,5,B,MEMPHIS,SHELBY,1165.4342497969374,TDOT
301026657,2025-07-03,2025-07-03 21:00:00,2025,7,Thursday,21,35.109943,-90.05235,Possible Injury,Pedestrian,Not Intersection-On Roadway Not In Crosswalk,SharedUsePathOrTrail,Dark-Not Lighted,Not Collision with Motor Vehicle in Transport,Pedestrian,1,True,City of Memphis,,,,,,,267.59930591648646,LATHAM ST,25.08694685378759,30.0,2,B,MEMPHIS,SHELBY,1911.0194317565274,City of Memphis
301016950,2025-05-08,2025-05-08 20:32:00,2025,5,Thursday,20,35.085995,-89.96237,Possible Injury,Pedestrian,Intersection-In Crosswalk,AccelDecelLane,Dark-Lighted,Not Collision with Motor Vehicle in Transport,Pedestrian,1,True,TDOT,LAMAR AVE,Principal Arterial,40.0,5.0,4,4.0,3.295591924564537,SEMMES ST,0.2076480421632787,30.0,5,B,MEMPHIS,SHELBY,791.959189189456,TDOT
301004076,2025-02-28,2025-02-28 14:30:00,2025,2,Friday,14,35.04577,-89.84503,Suspected Minor Injury,Pedestrian,Intersection-Not on Roadway,Intersection,Daylight,Not Collision with Motor Vehicle in Transport,Pedestrian,1,True,City of Memphis,,,,,,,1666.7954908536176,HART CV,30.048066747366903,25.0,2,B,MEMPHIS,SHELBY,5190.553096614727,City of Memphis
301008169,2025-03-24,2025-03-24 14:00:00,2025,3,Monday,14,35.140484,-89.98288,Possible Injury,Pedestrian,Not Intersection-Unknown,Intersection-Related,Daylight,Not Collision with Motor Vehicle in Transport,Pedestrian,1,True,TDOT,E PARKWAY,Principal Arterial,40.0,3.0,277,5.0,3.423257971540267,E PARKWAY N,0.1030574163878771,40.0,3,TF,MEMPHIS,SHELBY,3626.2746782050294,TDOT
301001945,2025-02-16,2025-02-16 22:00:00,2025,2,Sunday,22,35.02026,-89.93568,Possible Injury,Pedestrian,Intersection-Not on Roadway,Intersection,Dark-Lighted,Other,Other,1,True,City of Memphis,,,,,,,46.22243932674409,E SHELBY DR,41.53978436062092,45.0,7,B,MEMPHIS,SHELBY,6092.738825334329,City of Memphis
301018398,2025-05-17,2025-05-17 04:29:00,2025,5,Saturday,4,35.035267,-89.86451,No Injury,Pedestrian,Unknown,Through Roadway,Dark-Lighted,Not Collision with Motor Vehicle in Transport,Other,1,True,City of Memphis,,,,,,,1650.2717699107768,RAINTREE DR,24.58461994806532,30.0,2,B,MEMPHIS,SHELBY,5601.114005622111,City of Memphis
300994761,2024-12-29,2024-12-29 05:35:00,2024,12,Sunday,5,35.153957,-90.03372,Unknown,Pedestrian,Intersection-Unknown,Intersection,Dark-Lighted,Not Collision with Motor Vehicle in Transport,Pedestrian,1,True,City of Memphis,,,,,,,175.67294201106694,N MANASSAS ST,0.1795244207074096,35.0,3,B,MEMPHIS,SHELBY,360.48684564854375,City of Memphis
300999666,2025-02-03,2025-02-03 14:16:00,2025,2,Monday,14,35.154545,-89.9733,Suspected Serious Injury,Pedestrian,Not Intersection-On Roadway Not In Crosswalk,Non-Junction,Daylight,Not Collision with Motor Vehicle in Transport,Pedestrian,1,True,City of Memphis,,,,,,,383.6153243654806,PERSHING AVE,19.68930425442899,30.0,2,B,MEMPHIS,SHELBY,4077.249068755444,City of Memphis
301016061,2025-05-05,2025-05-05 05:34:00,2025,5,Monday,5,35.148259,-90.043566,Fatal,Pedestrian,Intersection-In Crosswalk,Intersection-Related,Dark-Lighted,Not Collision with Motor Vehicle in Transport,Pedestrian,1,True,TDOT,N DANNY THOMAS BLVD,Principal Arterial,35.0,7.0,1,7.0,1.2539036563145365,POPLAR AVE,0.3372736301777158,35.0,5,B,MEMPHIS,SHELBY,377.5440194757373,TDOT
300922007,2023-11-05,2023-11-05 18:17:00,2023,11,Sunday,18,35.068485,-90.02571,Fatal,Pedestrian,Not Intersection-Other Not On Roadway,Entrance/Exit Ramp Related,Dark-Lighted,Front to Rear,Other,3,True,Interstate (TDOT),,,,,,,342.9517364506062,INTERSTATE 55 N,0.3059325556626174,65.0,5,FT,MEMPHIS,SHELBY,0.30593255566261746,City of Memphis