MstrRecNbrTxt,CollisionDate,CollisionDteTime,YearNmb,Month,DayOfWeek,Hour,Latitude,Longitude,InjuryClass,PersonType,NonMotoristLocation,RelationToJunction,LightCondition,MannerOfCollision,FirstHarmfulEvent,VictimsInCrash,InMemphis,Jurisdiction,StateRoute_NAME,StateRoute_F_System,StateRoute_SPDLIMIT,StateRoute_LANES,StateRoute_ALTNAME_1,StateRoute_Council_District,DistToStateRoute_m,Street_Name,DistToStreet_m,Street_SPDLIMIT,Street_LANES,Street_ONEWAY,Street_CITY_L,Street_COUNTY_L,DistToInterstate_m,Jurisdiction_prev
301042568,2025-10-02,2025-10-02 11:30:00,2025,10,Thursday,11,35.13921,-90.019516,Possible Injury,Pedestrian,Intersection-On Roadway Crosswalk availability Unknown,Intersection-Related,Daylight,Not Collision with Motor Vehicle in Transport,Pedestrian,1,True,City of Memphis,,,,,,,224.77829187789308,N MONTGOMERY ST,0.0324722271518963,30.0,2,B,MEMPHIS,SHELBY,355.27529313690866,City of Memphis
301044910,2025-10-16,2025-10-16 18:51:00,2025,10,Thursday,18,35.11567,-89.971756,Possible Injury,Pedestrian,Intersection-Not on Roadway,Intersection,Dawn,Angle,Other,1,True,City of Memphis,,,,,,,1160.4270258153356,SOUTHERN AVE,0.148059678445836,35.0,3,B,MEMPHIS,SHELBY,4137.606598849388,City of Memphis
301043683,2025-09-08,2025-09-08 10:22:00,2025,9,Monday,10,35.00638,-90.025276,Suspected Minor Injury,Pedestrian,Intersection-In Crosswalk,Intersection,Daylight,Not Collision with Motor Vehicle in Transport,Pedestrian,1,True,TDOT,ELVIS PRESLEY BLVD,Principal Arterial,40.0,5.0,3,3.0,0.3272990056853838,ELVIS PRESLEY BLVD,0.0222494370828868,40.0,5,B,MEMPHIS,SHELBY,2054.9346739472508,TDOT
301041612,2025-09-25,2025-09-25 18:00:00,2025,9,Thursday,18,35.11603,-89.9412,Suspected Minor Injury,Pedestrian,Intersection-Unknown,Intersection,Daylight,Not Collision with Motor Vehicle in Transport,Pedestrian,1,True,City of Memphis,,,,,,,1176.8374166018932,PATTERSON ST,1.1631255265889229,30.0,2,B,MEMPHIS,SHELBY,3769.8640683926533,City of Memphis
300979829,2024-10-14,2024-10-14 00:32:00,2024,10,Monday,0,35.17534,-89.83642,Fatal,Pedestrian,Intersection-On Roadway not in Crosswalk,Non-Junction,Dark-Not Lighted,Front to Rear,Other,1,True,Interstate (TDOT),,,,,,,2005.1337079193008,INTERSTATE 40 W,0.3972598566754114,65.0,4,TF,MEMPHIS,SHELBY,0.39725985667541147,City of Memphis
301041423,2025-09-26,2025-09-26 14:00:00,2025,9,Friday,14,35.027298,-90.02953,Possible Injury,Pedestrian,Not Intersection-On Roadway Crosswalk not Available,Unknown,Daylight,Not Collision with Motor Vehicle in Transport,Pedestrian,1,True,City of Memphis,,,,,,,396.0574926591132,HALE RD,31.16318795845887,35.0,2,B,MEMPHIS,SHELBY,2455.5435878671515,City of Memphis
301041424,2025-09-26,2025-09-26 08:34:00,2025,9,Friday,8,35.11543,-90.02773,Fatal,Pedestrian,Not Intersection-On Roadway Not In Crosswalk,Non-Junction,Daylight,Not Collision with Motor Vehicle in Transport,Pedestrian,1,True,City of Memphis,,,,,,,553.8940854781763,E MCLEMORE AVE,0.0185862469855463,35.0,4,B,MEMPHIS,SHELBY,0.0947811887721186,City of Memphis
301045294,2025-10-18,2025-10-18 20:19:00,2025,10,Saturday,20,35.106754,-90.02136,Possible Injury,Pedestrian,Intersection-Unknown,Intersection-Related,Dark-Not Lighted,Not Collision with Motor Vehicle in Transport,Pedestrian,1,True,TDOT,ELVIS PRESLEY BLVD,Minor Arterial,40.0,4.0,3,4.0,19.350268073767097,KERR AVE,14.998917741398651,35.0,3,B,MEMPHIS,SHELBY,705.7067313864217,TDOT
301043008,2025-10-04,2025-10-04 14:35:00,2025,10,Saturday,14,35.146854,-90.05074,Possible Injury,Pedestrian,Intersection-In Crosswalk,Intersection-Related,Daylight,Not Collision with Motor Vehicle in Transport,Pedestrian,1,True,TDOT,N SECOND ST,Minor Arterial,35.0,2.0,3,6.0,2.1930107503672414,JEFFERSON AVE,0.1242075149255879,40.0,3,B,MEMPHIS,SHELBY,688.0583928230238,TDOT
301040344,2025-09-20,2025-09-20 05:28:00,2025,9,Saturday,5,35.05225,-89.95168,Possible Injury,Pedestrian,Not Intersection-On Roadway Not In Crosswalk,Intersection-Related,Dark-Not Lighted,Not Collision with Motor Vehicle in Transport,Pedestrian,1,True,City of Memphis,,,,,,,1608.6097467406555,NEW TCHULAHOMA RD,0.0288790863545478,45.0,4,B,MEMPHIS,SHELBY,3010.054350623829,City of Memphis
301041181,2025-09-24,2025-09-24 12:17:00,2025,9,Wednesday,12,35.149208,-90.051216,Possible Injury,Pedestrian,Not Intersection-On Roadway Crosswalk not Available,Non-Junction,Daylight,Angle,Other,1,True,City of Memphis,,,,,,,121.00815732866565,N MAIN ST,0.2032455854432452,0.0,1,N,MEMPHIS,SHELBY,426.7305281478644,City of Memphis
301044731,2025-10-15,2025-10-15 15:00:00,2025,10,Wednesday,15,35.177223,-89.772156,Possible Injury,Pedestrian,Intersection-In Crosswalk,Intersection,Daylight,Not Collision with Motor Vehicle in Transport,Pedestrian,1,True,City of Memphis,,,,,,,1895.085286194206,DEXTER RD,0.3821585364300061,40.0,4,B,MEMPHIS,SHELBY,2603.1192995084093,City of Memphis
301009099,2025-03-28,2025-03-28 20:21:00,2025,3,Friday,20,35.051848,-89.950757,Fatal,Pedestrian,Not Intersection-On Roadway Not In Crosswalk,AccelDecelLane,Dark-Not Lighted,Not Collision with Motor Vehicle in Transport,Pedestrian,1,True,City of Memphis,,,,,,,1527.1373095248423,WINCHESTER RD,42.97516422996726,45.0,7,B,MEMPHIS,SHELBY,3080.0044325734275,City of Memphis
301040976,2025-09-23,2025-09-23 15:23:00,2025,9,Tuesday,15,35.144268,-90.0191,Possible Injury,Pedestrian,Not Intersection-On Roadway Not In Crosswalk,Non-Junction,Daylight,Not Collision with Motor Vehicle in Transport,Pedestrian,1,True,City of Memphis,,,,,,,786.4388911876113,POPLAR AVE,0.065187538221562,40.0,7,B,MEMPHIS,SHELBY,299.6346127935326,City of Memphis
301042873,2025-10-03,2025-10-03 16:30:00,2025,10,Friday,16,35.15542,-90.03106,Possible Injury,Pedestrian,Intersection-On Roadway not in Crosswalk,Intersection,Daylight,Not Collision with Motor Vehicle in Transport,Other,1,True,TDOT,N PARKWAY,Minor Arterial,40.0,2.0,1,7.0,4.204519428447064,N DUNLAP ST,5.856993783605859,30.0,2,FT,MEMPHIS,SHELBY,560.6726270269771,TDOT
301043778,2025-10-09,2025-10-09 09:05:00,2025,10,Thursday,9,35.20177,-89.73099,Suspected Minor Injury,Pedestrian,Not Intersection-Outside Traffic,Intersection,Daylight,Not Collision with Motor Vehicle in Transport,Pedestrian,1,True,City of Memphis,,,,,,,453.31356503110175,N HOUSTON LEVEE RD,2.5277065831678978,40.0,3,B,MEMPHIS,SHELBY,2242.8632089751295,City of Memphis
301040384,2025-09-19,2025-09-19 14:51:00,2025,9,Friday,14,35.107742,-89.94052,Suspected Serious Injury,Pedestrian,Intersection-In Crosswalk,Intersection,Daylight,Not Collision with Motor Vehicle in Transport,Pedestrian,1,True,City of Memphis,,,,,,,2052.645834224902,PARK AVE,0.4162444366131799,40.0,5,B,MEMPHIS,SHELBY,2875.5494424474336,City of Memphis
301041867,2025-09-29,2025-09-29 08:05:00,2025,9,Monday,8,35.106373,-90.05563,Possible Injury,Pedestrian,Not Intersection-On Roadway Crosswalk not Available,Non-Junction,Daylight,Not Collision with Motor Vehicle in Transport,Pedestrian,1,True,TDOT,S THIRD ST,Principal Arterial,40.0,4.0,14,6.0,23.147630777486725,S THIRD ST,23.55642930144529,40.0,4,B,MEMPHIS,SHELBY,1816.2589557167792,TDOT
301040183,2025-09-17,2025-09-17 16:30:00,2025,9,Wednesday,16,35.052525,-89.89914,Suspected Serious Injury,Pedestrian,Intersection-In Crosswalk,Intersection-Related,Daylight,Not Collision with Motor Vehicle in Transport,Pedestrian,1,True,City of Memphis,,,,,,,2042.9670857955773,TALL OAKS CIR,25.752521001656863,30.0,2,B,MEMPHIS,SHELBY,2943.8020029735485,City of Memphis
301041664,2025-09-28,2025-09-28 05:25:00,2025,9,Sunday,5,35.04951,-89.843796,Suspected Serious Injury,Pedestrian,Intersection-On Roadway not in Crosswalk,Unknown,Dark-Lighted,Not Collision with Motor Vehicle in Transport,Pedestrian,1,True,City of Memphis,,,,,,,1280.4231028382997,KIRBY PKWY,0.087273510729083,45.0,6,B,MEMPHIS,SHELBY,4905.813156722295,City of Memphis
301044563,2025-10-14,2025-10-14 14:55:00,2025,10,Tuesday,14,35.211857,-90.03222,Possible Injury,Pedestrian,Not Intersection-Other Not On Roadway,OtherLocation,Daylight,"Sideswipe, Opposite Direction",Other,1,True,TDOT,THOMAS ST,,40.0,2.0,3,7.0,1.0285046047679212,MARSH AVE,0.0179438494120289,30.0,2,B,MEMPHIS,SHELBY,2733.87697662368,TDOT
301041549,2025-09-27,2025-09-27 08:00:00,2025,9,Saturday,8,35.10576,-89.96588,Possible Injury,Pedestrian,Intersection-On Roadway Crosswalk availability Unknown,Non-Junction,Daylight,Not Collision with Motor Vehicle in Transport,Pedestrian,1,True,City of Memphis,,,,,,,1072.263144607064,HAYNES ST,0.0357901692890305,35.0,2,B,MEMPHIS,SHELBY,2914.792950138572,City of Memphis
301044028,2025-10-10,2025-10-10 17:40:00,2025,10,Friday,17,35.238167,-89.93071,Possible Injury,Pedestrian,Intersection-Unknown,AccelDecelLane,Daylight,Not Collision with Motor Vehicle in Transport,Pedestrian,1,True,City of Memphis,,,,,,,2709.792637597938,VOLTAIRE AVE,0.1380146852901617,30.0,2,FT,MEMPHIS,SHELBY,5039.58338169091,City of Memphis
301043341,2025-10-07,2025-10-07 06:50:00,2025,10,Tuesday,6,35.03771,-90.034676,Possible Injury,Pedestrian,Not Intersection-On Roadway Crosswalk not Available,Non-Junction,Dark-Lighted,Not Collision with Motor Vehicle in Transport,Pedestrian,1,True,City of Memphis,,,,,,,868.847299399361,AUBURN RD,28.865257928935044,35.0,2,B,MEMPHIS,SHELBY,2575.3104274699563,City of Memphis
301040416,2025-09-20,2025-09-20 15:50:00,2025,9,Saturday,15,35.128716,-90.02107,Suspected Serious Injury,Pedestrian,Intersection-In Crosswalk,Intersection,Daylight,Not Collision with Motor Vehicle in Transport,Pedestrian,1,True,TDOT,S BELLEVUE BLVD,Minor Arterial,35.0,4.0,3,6.0,0.7494499111764238,LAMAR AVE,0.1448637051978994,40.0,6,B,MEMPHIS,SHELBY,242.66768263755216,TDOT
301041927,2025-09-29,2025-09-29 17:57:00,2025,9,Monday,17,35.1495,-89.95806,Possible Injury,Pedestrian,Intersection-Not on Roadway,OtherLocation,Daylight,Not Collision with Motor Vehicle in Transport,Pedestrian,1,True,TDOT,SUMMER AVE,Principal Arterial,35.0,5.0,1,5.0,1.85595729703829,SUMMER AVE,6.509485365030782,35.0,5,B,MEMPHIS,SHELBY,4534.672911044025,TDOT
301043079,2025-10-05,2025-10-05 04:20:00,2025,10,Sunday,4,35.034657,-89.82265,No Injury,Pedestrian,Unknown,Through Roadway,Dark-Lighted,Not Collision with Motor Vehicle in Transport,Other,4,True,City of Memphis,,,,,,,1622.171732294862,S GERMANTOWN RD,36.71324685504915,35.0,2,B,MEMPHIS,SHELBY,7385.834921710134,City of Memphis
301036595,2025-08-29,2025-08-29 20:39:00,2025,8,Friday,20,35.06132,-90.029419,Fatal,Pedestrian,Intersection-On Roadway not in Crosswalk,Non-Junction,Dark-Not Lighted,Not Collision with Motor Vehicle in Transport,Pedestrian,1,True,City of Memphis,,,,,,,516.7199710754139,E BROOKS RD,37.94341036043464,45.0,5,B,MEMPHIS,SHELBY,549.6471940396885,City of Memphis
301040020,2025-09-17,2025-09-17 21:28:00,2025,9,Wednesday,21,35.15216,-89.9513,Possible Injury,Pedestrian,Not Intersection-Bike Path,Non-Junction,Dark-Lighted,Not Collision with Motor Vehicle in Transport,Pedestrian,1,True,City of Memphis,,,,,,,305.6768823864456,TUTWILER AVE,0.0391466861905316,35.0,2,B,MEMPHIS,SHELBY,4196.273483608446,City of Memphis
301043431,2025-10-07,2025-10-07 08:02:00,2025,10,Tuesday,8,35.07825,-89.9936,Possible Injury,Pedestrian,Not Intersection-Outside Traffic,Non-Junction,Daylight,Not Collision with Motor Vehicle in Transport,Pedestrian,1,True,City of Memphis,,,,,,,2323.6666787021663,E ALCY RD,9.162982969475376,40.0,3,B,MEMPHIS,SHELBY,237.0378990611634,City of Memphis
301040476,2025-09-20,2025-09-20 08:05:00,2025,9,Saturday,8,35.16808,-89.93954,No Injury,Pedestrian,Not Intersection-Other Not On Roadway,Intersection,Daylight,Not Collision with Motor Vehicle in Transport,Other,1,True,City of Memphis,,,,,,,550.139558103237,FAIRMONT AVE,19.718564303790185,30.0,2,B,MEMPHIS,SHELBY,2441.2977786779797,City of Memphis
301040919,2025-09-23,2025-09-23 17:05:00,2025,9,Tuesday,17,35.09142,-89.906944,No Injury,Pedestrian,Intersection-In Crosswalk,Intersection,Daylight,Not Collision with Motor Vehicle in Transport,Pedestrian,1,True,City of Memphis,,,,,,,2531.349895135218,QUINCE RD,0.1497546868435134,40.0,4,B,MEMPHIS,SHELBY,1303.999149059722,City of Memphis
301023291,2025-06-14,2025-06-14 05:15:00,2025,6,Saturday,5,35.10749,-89.930664,Fatal,Pedestrian,Not Intersection-On Roadway Not In Crosswalk,Non-Junction,Dark-Lighted,Not Collision with Motor Vehicle in Transport,Pedestrian,1,True,City of Memphis,,,,,,,1857.8450042663085,PARK AVE,0.4329625577441057,40.0,5,B,MEMPHIS,SHELBY,3003.214561617483,City of Memphis
301046014,2025-10-23,2025-10-23 09:25:00,2025,10,Thursday,9,35.177326,-89.93802,Suspected Minor Injury,Pedestrian,Intersection-On Roadway not in Crosswalk,Intersection,Daylight,Not Collision with Motor Vehicle in Transport,Pedestrian,1,True,TDOT,JACKSON AVE,Principal Arterial,40.0,6.0,14,7.0,3.1061729446401425,JACKSON AVE,0.1214183796395414,40.0,6,B,MEMPHIS,SHELBY,1439.200752271955,TDOT
301045971,2025-10-17,2025-10-17 18:30:00,2025,10,Friday,18,35.138756,-90.03589,Possible Injury,Pedestrian,Intersection-In Crosswalk,Intersection,Dark-Lighted,Not Collision with Motor Vehicle in Transport,Pedestrian,1,True,TDOT,UNION AVE,Principal Arterial,35.0,5.0,3,6.0,4.756497215816589,UNION AVE,0.1755132707945493,35.0,5,B,MEMPHIS,SHELBY,1061.6749160528036,TDOT
301045897,2025-10-22,2025-10-22 19:28:00,2025,10,Wednesday,19,35.006374,-90.00265,No Injury,Pedestrian,Not Intersection-Other Not On Roadway,AccelDecelLane,Dark-Lighted,Other,Other,2,True,City of Memphis,,,,,,,1630.19823479921,E HOLMES RD,6.848437543404405,40.0,5,B,MEMPHIS,SHELBY,10.441897551528257,City of Memphis
301045998,2025-10-21,2025-10-21 15:20:00,2025,10,Tuesday,15,35.199173,-89.94291,Possible Injury,Pedestrian,Not Intersection-On Roadway Crosswalk not Available,Intersection-Related,Daylight,Not Collision with Motor Vehicle in Transport,Pedestrian,1,True,City of Memphis,,,,,,,1630.029994207139,STAGE JAMES RD,2.5006435418896484,45.0,7,B,MEMPHIS,SHELBY,992.0995186216438,City of Memphis
301046096,2025-10-21,2025-10-21 13:05:00,2025,10,Tuesday,13,35.169518,-89.97556,Possible Injury,Pedestrian,Intersection-On Roadway not in Crosswalk,Intersection,Daylight,Not Collision with Motor Vehicle in Transport,Pedestrian,1,True,City of Memphis,,,,,,,1278.4483554440872,N HOLLYWOOD ST,0.2332975921654231,40.0,5,B,MEMPHIS,SHELBY,2435.5522394101054,City of Memphis
301049595,2025-11-07,2025-11-07 18:45:00,2025,11,Friday,18,35.182797,-89.871076,Possible Injury,Pedestrian,Intersection-In Crosswalk,Intersection,Dark-Lighted,Not Collision with Motor Vehicle in Transport,Pedestrian,1,True,City of Memphis,,,,,,,949.2899377636784,RALEIGH LAGRANGE RD,2.013367987959401,45.0,2,B,MEMPHIS,SHELBY,2119.117259902604,City of Memphis
301049242,2025-11-08,2025-11-08 18:45:00,2025,11,Saturday,18,35.16192,-89.91128,Suspected Serious Injury,Pedestrian,Not Intersection-On Roadway Crosswalk Availability Unknown,Non-Junction,Dark-Lighted,Not Collision with Motor Vehicle in Transport,Pedestrian,1,True,City of Memphis,,,,,,,1146.1570188581609,MACON RD,0.0105053122242816,40.0,4,B,MEMPHIS,SHELBY,1094.95591163216,City of Memphis
301048242,2025-11-03,2025-11-03 16:19:00,2025,11,Monday,16,35.149467,-89.94452,Suspected Serious Injury,Pedestrian,Not Intersection-On Roadway Not In Crosswalk,Intersection,Daylight,Not Collision with Motor Vehicle in Transport,Pedestrian,1,True,TDOT,SUMMER AVE,Principal Arterial,40.0,7.0,1,5.0,4.627535045821193,N HIGHLAND ST,0.0123918638875059,40.0,5,B,MEMPHIS,SHELBY,4396.262482625249,TDOT
301034346,2025-08-17,2025-08-17 22:57:00,2025,8,Sunday,22,35.076591,-89.951198,Fatal,Pedestrian,Not Intersection-On Roadway Not In Crosswalk,Non-Junction,Dark-Lighted,Not Collision with Motor Vehicle in Transport,Pedestrian,1,True,TDOT,LAMAR AVE,Principal Arterial,40.0,7.0,4,4.0,3.6325085722885726,AMERICAN WAY,0.0835969782728589,45.0,7,B,MEMPHIS,SHELBY,516.5183114819204,TDOT
301035572,2025-08-23,2025-08-23 23:23:00,2025,8,Saturday,23,35.091473,-89.949425,Fatal,Pedestrian,Not Intersection-On Roadway Not In Crosswalk,Non-Junction,Dark-Lighted,Front to Rear,Other,1,True,City of Memphis,,,,,,,1267.6695776493389,PRESCOTT RD,2.246028777213921,40.0,4,B,MEMPHIS,SHELBY,988.7525996067961,City of Memphis
301011588,2025-04-10,2025-04-10 22:25:00,2025,4,Thursday,22,35.108658,-89.982475,Fatal,Pedestrian,Not Intersection-Unknown,OtherLocation,Dark-Unknown Lighting,Not Collision with Motor Vehicle in Transport,Pedestrian,1,True,City of Memphis,,,,,,,220.4646552001773,GRAND ST,25.92593585636424,30.0,2,B,MEMPHIS,SHELBY,3519.464909136184,City of Memphis
301050826,2025-11-16,2025-11-16 16:30:00,2025,11,Sunday,16,35.1069,-90.02119,Suspected Serious Injury,Pedestrian,Intersection-On Roadway not in Crosswalk,Intersection,Daylight,Not Collision with Motor Vehicle in Transport,Pedestrian,1,True,TDOT,ELVIS PRESLEY BLVD,Minor Arterial,40.0,4.0,3,4.0,1.141694593314018,KERR AVE,0.0553073224608662,35.0,3,B,MEMPHIS,SHELBY,720.0232025496615,TDOT
301048285,2025-11-03,2025-11-03 12:00:00,2025,11,Monday,12,35.148865,-90.04574,Possible Injury,Pedestrian,Not Intersection-On Roadway Crosswalk not Available,Non-Junction,Daylight,Not Collision with Motor Vehicle in Transport,Pedestrian,1,True,City of Memphis,,,,,,,207.89130928807623,POPLAR AVE,5.824635260957528,35.0,4,B,MEMPHIS,SHELBY,349.9083280106244,City of Memphis
301049889,2025-11-12,2025-11-12 15:51:00,2025,11,Wednesday,15,35.135986,-90.0207,Possible Injury,Pedestrian,Intersection-In Crosswalk,Intersection,Daylight,Not Collision with Motor Vehicle in Transport,Pedestrian,1,True,TDOT,S BELLEVUE BLVD,Major Collector,35.0,4.0,3,6.0,0.4801831011167422,S BELLEVUE BLVD,0.0872319627982491,35.0,4,B,MEMPHIS,SHELBY,311.86017346197207,TDOT
301047258,2025-10-29,2025-10-29 15:30:00,2025,10,Wednesday,15,35.13248,-90.01326,Possible Injury,Pedestrian,Intersection-In Crosswalk,Intersection,Daylight,Not Collision with Motor Vehicle in Transport,Other,1,True,City of Memphis,,,,,,,447.1983786979424,PEABODY AVE,0.2901394444754615,35.0,4,B,MEMPHIS,SHELBY,971.4124202833638,City of Memphis
300980527,2024-10-14,2024-10-14 05:07:00,2024,10,Monday,5,35.136784,-90.04561,Fatal,Pedestrian,Not Intersection-On Roadway Not In Crosswalk,Unknown,Dark-Lighted,Unknown,Other,1,True,TDOT,DR MARTIN LUTHER KING JR AVE,Minor Arterial,35.0,2.0,208,6.0,5.043685059266163,DR MARTIN LUTHER KING JR AVE,0.4885788983300886,35.0,2,B,MEMPHIS,SHELBY,1663.2509028921384,TDOT
300990914,2024-12-13,2024-12-13 08:18:00,2024,12,Friday,8,35.116175,-90.060941,Fatal,Pedestrian,Intersection-On Roadway not in Crosswalk,Intersection,Daylight,Not Collision with Motor Vehicle in Transport,Pedestrian,1,True,City of Memphis,,,,,,,521.6936250085713,E MCLEMORE AVE,0.2306022887816716,35.0,4,B,MEMPHIS,SHELBY,890.8964503036518,City of Memphis
301049708,2025-11-11,2025-11-11 17:51:00,2025,11,Tuesday,17,35.062656,-89.904495,Possible Injury,Pedestrian,Intersection-On Roadway not in Crosswalk,Non-Junction,Dark-Lighted,Not Collision with Motor Vehicle in Transport,Pedestrian,1,True,City of Memphis,,,,,,,2236.906076329982,KNIGHT ARNOLD RD,33.27934439349812,40.0,5,B,MEMPHIS,SHELBY,1736.9943837387373,City of Memphis
301050264,2025-11-14,2025-11-14 14:03:00,2025,11,Friday,14,35.139484,-90.05103,Suspected Minor Injury,Pedestrian,Not Intersection-On Roadway Crosswalk not Available,Non-Junction,Daylight,Not Collision with Motor Vehicle in Transport,Pedestrian,1,True,City of Memphis,,,,,,,75.82993527664716,RUFUS THOMAS BLVD,0.1576202012621448,30.0,2,B,MEMPHIS,SHELBY,1491.7400427764733,City of Memphis
300972137,2024-08-24,2024-08-24 01:00:00,2024,8,Saturday,1,35.151814,-90.04047,Fatal,Pedestrian,Not Intersection-On Roadway Not In Crosswalk,Non-Junction,Dark-Lighted,Not Collision with Motor Vehicle in Transport,Pedestrian,1,True,TDOT,N DANNY THOMAS BLVD,Principal Arterial,35.0,5.0,1,7.0,1.4394652316976406,40 W TO DANNY THOMAS BLVD,2.037405361065314,25.0,1,FT,MEMPHIS,SHELBY,24.013339269387323,TDOT
301048401,2025-11-04,2025-11-04 09:14:00,2025,11,Tuesday,9,35.137985,-90.028175,Possible Injury,Pedestrian,Intersection-In Crosswalk,Intersection,Daylight,Not Collision with Motor Vehicle in Transport,Pedestrian,1,True,TDOT,UNION AVE,Principal Arterial,35.0,6.0,3,6.0,4.528239217973085,UNION AVE,0.0434846282197005,35.0,6,B,MEMPHIS,SHELBY,353.43602381730466,TDOT
300983238,2024-11-02,2024-11-02 23:02:00,2024,11,Saturday,23,35.050297,-89.87499,Fatal,Pedestrian,Intersection-Not on Roadway,Non-Junction,Dark-Lighted,Not Collision with Motor Vehicle in Transport,Pedestrian,1,True,City of Memphis,,,,,,,2918.629890286649,WINCHESTER RD,0.2254515550771499,45.0,7,B,MEMPHIS,SHELBY,3796.450489943167,City of Memphis
301047707,2025-10-31,2025-10-31 20:05:00,2025,10,Friday,20,35.049263,-89.856575,Possible Injury,Pedestrian,Intersection-On Roadway not in Crosswalk,Intersection,Dark-Lighted,Not Collision with Motor Vehicle in Transport,Pedestrian,1,True,City of Memphis,,,,,,,2201.6834219877555,WINCHESTER RD,53.4555380861016,45.0,7,B,MEMPHIS,SHELBY,4353.639096625676,City of Memphis
301046948,2025-10-26,2025-10-26 11:00:00,2025,10,Sunday,11,35.17752,-89.91791,Possible Injury,Pedestrian,Not Intersection-On Roadway Not In Crosswalk,Non-Junction,Daylight,Not Collision with Motor Vehicle in Transport,Pedestrian,1,True,City of Memphis,,,,,,,1474.963770656844,COMBS ST,20.46888057105685,30.0,2,B,MEMPHIS,SHELBY,694.0312187289694,City of Memphis
301046854,2025-10-29,2025-10-29 00:40:00,2025,10,Wednesday,0,35.020817,-89.84946,Possible Injury,Pedestrian,Intersection-In Crosswalk,Intersection,Dark-Lighted,Not Collision with Motor Vehicle in Transport,Pedestrian,1,True,City of Memphis,,,,,,,42.08015651580926,E SHELBY DR,46.75454249623519,45.0,7,B,MEMPHIS,SHELBY,7526.891231436111,City of Memphis
301047066,2025-10-26,2025-10-26 00:40:00,2025,10,Sunday,0,35.02085,-89.96364,Possible Injury,Pedestrian,Not Intersection-On Roadway Not In Crosswalk,Non-Junction,Dark-Lighted,Angle,Other,1,True,TDOT,E SHELBY DR,Principal Arterial,45.0,6.0,175,3.0,4.939292728999726,E SHELBY DR,0.2546311766871074,45.0,6,B,TENNESSEE AIR NATIONAL GUARD,SHELBY,3540.6205538002323,TDOT
301047141,2025-10-28,2025-10-28 11:50:00,2025,10,Tuesday,11,35.09177,-89.99178,Suspected Minor Injury,Pedestrian,Not Intersection-Unknown,Unknown,Daylight,Not Collision with Motor Vehicle in Transport,Pedestrian,1,True,City of Memphis,,,,,,,1531.868584703522,DUNN AVE,13.956980707647578,40.0,4,B,MEMPHIS,SHELBY,1676.8126515351723,City of Memphis
301049186,2025-11-08,2025-11-08 10:10:00,2025,11,Saturday,10,35.117653,-90.037735,Possible Injury,Pedestrian,Intersection-On Roadway Crosswalk Not Available,Intersection,Daylight,Not Collision with Motor Vehicle in Transport,Pedestrian,1,True,City of Memphis,,,,,,,783.0370973633624,MISSISSIPPI BLVD,0.134090885292558,35.0,2,B,MEMPHIS,SHELBY,918.0292967549282,City of Memphis
301049136,2025-11-07,2025-11-07 18:38:00,2025,11,Friday,18,35.111393,-89.9459,Fatal,Pedestrian,Intersection-On Roadway not in Crosswalk,Non-Junction,Dark-Lighted,Not Collision with Motor Vehicle in Transport,Pedestrian,1,True,City of Memphis,,,,,,,1781.5055085441431,S HIGHLAND ST,0.1472249422744237,35.0,5,B,MEMPHIS,SHELBY,3207.9707713744233,City of Memphis
301049205,2025-11-07,2025-11-07 21:38:00,2025,11,Friday,21,35.14287,-90.05234,Suspected Serious Injury,Pedestrian,Intersection-In Crosswalk,Intersection-Related,Dark-Lighted,Not Collision with Motor Vehicle in Transport,Pedestrian,1,True,TDOT,S SECOND ST,Minor Arterial,35.0,3.0,14,6.0,1.2370596700726548,UNION AVE,0.189504799326109,30.0,4,B,MEMPHIS,SHELBY,1129.7700918297644,TDOT
301050734,2025-11-14,2025-11-14 16:39:00,2025,11,Friday,16,35.124313,-89.88987,Suspected Minor Injury,Pedestrian,Intersection-On Roadway not in Crosswalk,Intersection,Daylight,Not Collision with Motor Vehicle in Transport,Pedestrian,1,True,City of Memphis,,,,,,,690.8556931488611,SHADY GROVE RD,1.2858097557354151,30.0,2,B,MEMPHIS,SHELBY,1935.7106493542283,City of Memphis
301048196,2025-11-03,2025-11-03 07:00:00,2025,11,Monday,7,35.03538,-90.03478,Possible Injury,Pedestrian,Intersection-In Crosswalk,Intersection,Daylight,Not Collision with Motor Vehicle in Transport,Pedestrian,1,True,City of Memphis,,,,,,,877.4587800155648,E RAINES RD,8.953346055774261,40.0,5,B,MEMPHIS,SHELBY,2709.393102224916,City of Memphis