MstrRecNbrTxt,CollisionDate,CollisionDteTime,YearNmb,Month,DayOfWeek,Hour,Latitude,Longitude,InjuryClass,PersonType,NonMotoristLocation,RelationToJunction,LightCondition,MannerOfCollision,FirstHarmfulEvent,VictimsInCrash,InMemphis,Jurisdiction,StateRoute_NAME,StateRoute_F_System,StateRoute_SPDLIMIT,StateRoute_LANES,StateRoute_ALTNAME_1,StateRoute_Council_District,DistToStateRoute_m,Street_Name,DistToStreet_m,Street_SPDLIMIT,Street_LANES,Street_ONEWAY,Street_CITY_L,Street_COUNTY_L,DistToInterstate_m,Jurisdiction_prev
301063761,2026-02-05,2026-02-05 22:30:00,2026,2,Thursday,22,35.20396,-89.91622,Possible Injury,Pedestrian,Not Intersection-On Roadway Not In Crosswalk,Intersection-Related,Dark-Lighted,Not Collision with Motor Vehicle in Transport,Pedestrian,1,True,City of Memphis,,,,,,,180.2595890139237,BEVERLY HILL ST,26.096646414419144,30.0,2,B,MEMPHIS,SHELBY,1392.2183637650683,City of Memphis
301045948,2025-10-20,2025-10-20 11:15:00,2025,10,Monday,11,35.137028,-89.973434,Fatal,Pedestrian,Not Intersection-On Roadway Not In Crosswalk,Non-Junction,Daylight,"Sideswipe, Same Direction",Other,1,True,TDOT,POPLAR AVE,Principal Arterial,40.0,7.0,57,5.0,4.272525740096778,POPLAR AVE,0.0599301647576361,40.0,7,B,MEMPHIS,SHELBY,4525.526222029782,TDOT
301065903,2026-02-18,2026-02-18 18:40:00,2026,2,Wednesday,18,35.143955,-90.01564,Fatal,Pedestrian,Not Intersection-On Roadway Not In Crosswalk,Non-Junction,Dark-Lighted,Not Collision with Motor Vehicle in Transport,Pedestrian,1,True,City of Memphis,,,,,,,789.8753669471429,POPLAR AVE,0.1332189960499262,40.0,7,B,MEMPHIS,SHELBY,616.8395586558686,City of Memphis
301066918,2026-02-24,2026-02-24 18:25:00,2026,2,Tuesday,18,35.079853,-90.01907,Possible Injury,Pedestrian,Intersection-On Roadway not in Crosswalk,Intersection,Dark-Not Lighted,Not Collision with Motor Vehicle in Transport,Pedestrian,1,True,TDOT,ELVIS PRESLEY BLVD,Minor Arterial,40.0,4.0,3,6.0,1.6236494339858845,ELVIS PRESLEY BLVD,0.5075656429191983,40.0,4,B,MEMPHIS,SHELBY,588.6861218202068,TDOT
301065910,2026-02-17,2026-02-17 23:53:00,2026,2,Tuesday,23,35.16971,-89.93218,No Injury,Other Non-Motorist,Not Intersection-Unknown,Through Roadway,Dark-Lighted,Not Collision with Motor Vehicle in Transport,Other,1,True,City of Memphis,,,,,,,943.8955297942916,BAYLISS AVE,0.2439545775931425,35.0,2,B,MEMPHIS,SHELBY,2255.5767212715054,City of Memphis
301063378,2026-02-03,2026-02-03 20:18:00,2026,2,Tuesday,20,35.11533,-90.02302,Possible Injury,Pedestrian,Intersection-Unknown,AccelDecelLane,Dark-Lighted,Not Collision with Motor Vehicle in Transport,Pedestrian,1,True,City of Memphis,,,,,,,124.3920836801409,E MCLEMORE AVE,0.0409334327177004,35.0,2,B,MEMPHIS,SHELBY,394.192610377357,City of Memphis
301049296,2025-11-04,2025-11-04 09:55:00,2025,11,Tuesday,9,35.17046,-90.018524,Possible Injury,Pedestrian,Not Intersection-Outside Traffic,Non-Junction,Daylight,Unknown,Other,2,True,Interstate (TDOT),,,,,,,1315.0045233621872,INTERSTATE 40 W,0.0235898111699789,65.0,3,TF,MEMPHIS,SHELBY,0.02358981116997894,City of Memphis
301065744,2026-02-17,2026-02-17 18:05:00,2026,2,Tuesday,18,35.077816,-90.02018,Possible Injury,Pedestrian,Intersection-On Roadway Crosswalk availability Unknown,"Driveway, Alley Access, etc",Dark-Lighted,Not Collision with Motor Vehicle in Transport,Pedestrian,1,True,City of Memphis,,,,,,,54.19519727451087,E ALCY RD,32.12378254781003,35.0,2,B,MEMPHIS,SHELBY,490.53821984978094,City of Memphis
301065922,2026-02-18,2026-02-18 19:25:00,2026,2,Wednesday,19,35.136402,-90.01229,Suspected Serious Injury,Pedestrian,Intersection-In Crosswalk,Intersection,Dark-Lighted,Not Collision with Motor Vehicle in Transport,Pedestrian,1,True,TDOT,UNION AVE,Principal Arterial,35.0,6.0,23,5.0,4.462121401909397,S MCNEIL ST,0.0160717377245748,30.0,2,B,MEMPHIS,SHELBY,1078.7619698066876,TDOT
301065945,2026-02-12,2026-02-12 18:40:00,2026,2,Thursday,18,35.234871,-89.893177,Possible Injury,Pedestrian,Not Intersection-On Roadway Not In Crosswalk,Non-Junction,Dark-Not Lighted,Not Collision with Motor Vehicle in Transport,Pedestrian,1,True,City of Memphis,,,,,,,121.980669615688,NEW COVINGTON PIKE,125.11581969094992,45.0,5,B,MEMPHIS,SHELBY,5389.276742428617,City of Memphis
301064945,2026-02-10,2026-02-10 06:15:00,2026,2,Tuesday,6,35.108124,-89.97131,Possible Injury,Pedestrian,Not Intersection-On Roadway Not In Crosswalk,Intersection,Dawn,Not Collision with Motor Vehicle in Transport,Pedestrian,1,True,City of Memphis,,,,,,,1016.686876953752,PARK AVE,1.2597551445327484,35.0,4,B,MEMPHIS,SHELBY,3363.038168202922,City of Memphis
301056159,2025-12-16,2025-12-16 17:34:00,2025,12,Tuesday,17,35.053406,-89.88612,Possible Injury,Pedestrian,Not Intersection-On Roadway Crosswalk not Available,Non-Junction,Dark-Lighted,Not Collision with Motor Vehicle in Transport,Pedestrian,2,True,City of Memphis,,,,,,,3091.7719927167223,S MENDENHALL RD,0.4150666930662237,40.0,7,B,MEMPHIS,SHELBY,3297.9494563319986,City of Memphis
301066210,2026-02-20,2026-02-20 12:00:00,2026,2,Friday,12,35.108547,-89.98474,Possible Injury,Pedestrian,Intersection-In Crosswalk,Intersection-Related,Daylight,Not Collision with Motor Vehicle in Transport,Pedestrian,1,True,TDOT,AIRWAYS BLVD,Principal Arterial,35.0,5.0,277,4.0,14.719779806119655,PARK AVE,0.7112191208750932,35.0,4,B,MEMPHIS,SHELBY,3498.3222081790036,TDOT
301064679,2026-02-11,2026-02-11 19:00:00,2026,2,Wednesday,19,35.116024,-90.05953,Possible Injury,Pedestrian,Not Intersection-Outside Traffic,Non-Junction,Dark-Lighted,Not Collision with Motor Vehicle in Transport,Pedestrian,1,True,City of Memphis,,,,,,,392.91124151046427,S MAIN ST,6.851429071259271,30.0,2,B,MEMPHIS,SHELBY,1011.5568772626626,City of Memphis
301064069,2026-02-07,2026-02-07 17:00:00,2026,2,Saturday,17,35.108543,-89.98489,Possible Injury,Pedestrian,Intersection-In Crosswalk,Intersection,Daylight,Not Collision with Motor Vehicle in Transport,Pedestrian,1,True,TDOT,AIRWAYS BLVD,Principal Arterial,35.0,5.0,277,4.0,1.0840112497385266,PARK AVE,0.0582363706776887,35.0,4,B,MEMPHIS,SHELBY,3497.594162348753,TDOT
300964552,2024-07-02,2024-07-02 22:59:00,2024,7,Tuesday,22,35.063282,-90.07291,Suspected Serious Injury,Pedestrian,Not Intersection-On Roadway Crosswalk not Available,SharedUsePathOrTrail,Dark-Lighted,Not Collision with Motor Vehicle in Transport,Pedestrian,1,True,City of Memphis,,,,,,,1247.0468003728583,W BROOKS RD,0.1479198087718156,35.0,4,B,MEMPHIS,SHELBY,1837.916942101885,City of Memphis
301065988,2026-02-19,2026-02-19 08:40:00,2026,2,Thursday,8,35.104794,-90.00043,Suspected Minor Injury,Pedestrian,Intersection-Not on Roadway,Through Roadway,Daylight,Not Collision with Motor Vehicle in Transport,Pedestrian,1,True,City of Memphis,,,,,,,993.5494444310016,S BARKSDALE ST,23.361132088814884,30.0,2,B,MEMPHIS,SHELBY,2581.7794754857878,City of Memphis
301066234,2026-02-20,2026-02-20 19:48:00,2026,2,Friday,19,35.05938,-89.92223,Suspected Minor Injury,Pedestrian,Intersection-On Roadway Crosswalk Not Available,Intersection,Dark-Lighted,Not Collision with Motor Vehicle in Transport,Pedestrian,1,True,City of Memphis,,,,,,,796.0505300302609,FOREST VIEW DR,0.2694585678097962,30.0,2,B,MEMPHIS,SHELBY,2099.147976661363,City of Memphis
301066238,2026-02-20,2026-02-20 19:00:00,2026,2,Friday,19,35.243095,-89.92586,Possible Injury,Pedestrian,Intersection-On Roadway not in Crosswalk,Intersection-Related,Dark-Lighted,Not Collision with Motor Vehicle in Transport,Pedestrian,2,True,City of Memphis,,,,,,,2712.985733440028,EGYPT CENTRAL RD,0.1451887355926036,45.0,5,B,MEMPHIS,SHELBY,5578.711800465751,City of Memphis
301064481,2026-02-10,2026-02-10 18:45:00,2026,2,Tuesday,18,35.13938,-89.95824,Possible Injury,Pedestrian,Not Intersection-On Roadway Not In Crosswalk,Non-Junction,Dark-Lighted,Not Collision with Motor Vehicle in Transport,Pedestrian,1,True,City of Memphis,,,,,,,513.9671138283272,BALTIC ST,19.5182819956526,30.0,2,B,MEMPHIS,SHELBY,5655.625419843226,City of Memphis
301042813,2025-10-02,2025-10-02 20:05:00,2025,10,Thursday,20,35.11538,-89.99917,Fatal,Pedestrian,Intersection-Not on Roadway,Intersection,Dark-Lighted,Not Collision with Motor Vehicle in Transport,Pedestrian,2,True,TDOT,LAMAR AVE,Principal Arterial,40.0,4.0,4,4.0,3.790706622813512,LAMAR AVE,0.3036564390949042,40.0,4,B,MEMPHIS,SHELBY,2464.754202264421,TDOT
301066599,2026-02-23,2026-02-23 10:10:00,2026,2,Monday,10,35.148514,-90.04872,Possible Injury,Pedestrian,Intersection-Not on Roadway,Intersection-Related,Daylight,Not Collision with Motor Vehicle in Transport,Pedestrian,1,True,TDOT,N THIRD ST,Minor Arterial,35.0,3.0,3,6.0,1.8100462640199384,N B B KING BLVD,0.0917096103461619,35.0,3,FT,MEMPHIS,SHELBY,490.7339508684569,TDOT
301064499,2026-02-10,2026-02-10 17:00:00,2026,2,Tuesday,17,35.15055,-89.97693,Possible Injury,Pedestrian,Intersection-In Crosswalk,Intersection,Daylight,Not Collision with Motor Vehicle in Transport,Pedestrian,2,True,TDOT,SUMMER AVE,Principal Arterial,35.0,5.0,1,5.0,4.809049076136353,N HOLLYWOOD ST,0.1211265686968115,35.0,2,B,MEMPHIS,SHELBY,4021.399656906894,TDOT
301068787,2026-03-07,2026-03-07 21:25:00,2026,3,Saturday,21,35.107857,-89.962135,Suspected Serious Injury,Pedestrian,Not Intersection-On Roadway Not In Crosswalk,Non-Junction,Dark-Unknown Lighting,Not Collision with Motor Vehicle in Transport,Pedestrian,1,True,City of Memphis,,,,,,,1471.317336408911,PARK AVE,0.3117722774087954,35.0,4,B,MEMPHIS,SHELBY,3004.0953101266264,City of Memphis
301068410,2026-03-05,2026-03-05 15:47:00,2026,3,Thursday,15,35.137707,-89.999671,Fatal,Pedestrian,Not Intersection-In Crosswalk,Non-Junction,Daylight,Not Collision with Motor Vehicle in Transport,Pedestrian,1,True,City of Memphis,,,,,,,278.0915883459591,MADISON AVE,1.0960402190859904,35.0,3,B,MEMPHIS,SHELBY,2151.9834495994164,City of Memphis
301065286,2026-02-15,2026-02-15 01:30:00,2026,2,Sunday,1,35.136803,-89.99027,Suspected Minor Injury,Pedestrian,Intersection-On Roadway not in Crosswalk,Intersection,Dark-Lighted,Not Collision with Motor Vehicle in Transport,Pedestrian,1,True,City of Memphis,,,,,,,286.27204832771423,N COOPER ST,17.027289906449326,35.0,4,B,MEMPHIS,SHELBY,3012.831047298224,City of Memphis
301039285,2025-09-14,2025-09-14 01:09:00,2025,9,Sunday,1,35.059162,-89.93354,Fatal,Pedestrian,Not Intersection-On Roadway Crosswalk not Available,Non-Junction,Dark-Lighted,Not Collision with Motor Vehicle in Transport,Pedestrian,1,True,City of Memphis,,,,,,,84.94960679242087,OLD GETWELL RD,10.6734350876734,30.0,2,B,MEMPHIS,SHELBY,2300.179122918866,City of Memphis
300996151,2025-01-12,2025-01-12 19:16:00,2025,1,Sunday,19,35.122568,-90.054533,Fatal,Pedestrian,Intersection-On Roadway not in Crosswalk,Intersection-Related,Dark-Lighted,Not Collision with Motor Vehicle in Transport,Pedestrian,1,True,City of Memphis,,,,,,,41.74652639471779,MARYLAND AVE,25.20312861605821,30.0,2,B,MEMPHIS,SHELBY,1148.1285059653794,City of Memphis
301050532,2025-11-15,2025-11-15 09:00:00,2025,11,Saturday,9,35.182857,-89.856219,Fatal,Pedestrian,Intersection-Not on Roadway,Non-Junction,Daylight,Not Collision with Motor Vehicle in Transport,Pedestrian,1,True,City of Memphis,,,,,,,85.60819612462397,SUMMER HILLS CIR,15.150915082075125,25.0,2,B,MEMPHIS,SHELBY,1551.3036180470322,City of Memphis
301067720,2026-03-01,2026-03-01 20:47:00,2026,3,Sunday,20,35.242843,-89.919394,Suspected Minor Injury,Pedestrian,Not Intersection-On Roadway Crosswalk not Available,Non-Junction,Dark-Not Lighted,Not Collision with Motor Vehicle in Transport,Pedestrian,1,True,City of Memphis,,,,,,,2239.635078466652,EGYPT CENTRAL RD,14.354759208516484,45.0,2,B,MEMPHIS,SHELBY,5581.098310442461,City of Memphis
301068022,2026-03-03,2026-03-03 16:42:00,2026,3,Tuesday,16,35.051945,-90.00755,Possible Injury,Pedestrian,Not Intersection-On Roadway Crosswalk Availability Unknown,AccelDecelLane,Daylight,Not Collision with Motor Vehicle in Transport,Pedestrian,1,True,City of Memphis,,,,,,,1596.3703471334604,MILLBRANCH RD,8.093302504014517,40.0,4,B,MEMPHIS,SHELBY,333.78334634801234,City of Memphis
301067817,2026-03-02,2026-03-02 12:10:00,2026,3,Monday,12,35.143955,-90.01564,Suspected Minor Injury,Pedestrian,Intersection-In Crosswalk,Intersection-Related,Daylight,Not Collision with Motor Vehicle in Transport,Pedestrian,1,True,City of Memphis,,,,,,,789.8753669471429,POPLAR AVE,0.1332189960499262,40.0,7,B,MEMPHIS,SHELBY,616.8395586558686,City of Memphis
301068051,2026-03-03,2026-03-03 20:00:00,2026,3,Tuesday,20,35.160507,-90.03022,Possible Injury,Pedestrian,Not Intersection-On Roadway Not In Crosswalk,Unknown,Dawn,Not Collision with Motor Vehicle in Transport,Pedestrian,1,True,City of Memphis,,,,,,,379.9663692340961,N DUNLAP ST,0.0966625931130215,30.0,2,B,MEMPHIS,SHELBY,893.8069290580179,City of Memphis
301069129,2026-03-10,2026-03-10 07:20:00,2026,3,Tuesday,7,35.21943,-89.97326,Possible Injury,Pedestrian,Intersection-In Crosswalk,Intersection,Dawn,Not Collision with Motor Vehicle in Transport,Pedestrian,1,True,City of Memphis,,,,,,,4109.482548723694,MCGREGOR AVE,21.163846515253766,30.0,2,B,MEMPHIS,SHELBY,3070.642118532663,City of Memphis
301069855,2026-03-13,2026-03-13 19:00:00,2026,3,Friday,19,35.01912,-90.04311,Possible Injury,Pedestrian,Not Intersection-On Roadway Not In Crosswalk,"Driveway, Alley Access, etc",Dark-Lighted,Not Collision with Motor Vehicle in Transport,Pedestrian,1,True,City of Memphis,,,,,,,200.05106766651733,HAVEN CT,1.1607516867318726,30.0,2,B,MEMPHIS,SHELBY,3690.0783900871966,City of Memphis
301025278,2025-06-25,2025-06-25 22:21:00,2025,6,Wednesday,22,35.083027,-89.92271,Fatal,Pedestrian,Intersection-On Roadway not in Crosswalk,Intersection,Dark-Lighted,Not Collision with Motor Vehicle in Transport,Other,1,True,City of Memphis,,,,,,,833.0628298620519,E MALLORY AVE,10.923015675259675,35.0,2,B,MEMPHIS,SHELBY,455.8513671366629,City of Memphis
301069704,2026-03-13,2026-03-13 08:00:00,2026,3,Friday,8,35.075638,-89.92319,Possible Injury,Pedestrian,Intersection-On Roadway Crosswalk Not Available,Non-Junction,Daylight,Not Collision with Motor Vehicle in Transport,Pedestrian,2,True,City of Memphis,,,,,,,764.5854042948552,COLONY PARK DR,38.5332182287053,30.0,2,B,MEMPHIS,SHELBY,336.2628473562738,City of Memphis
301074929,2026-04-12,2026-04-12 23:00:00,2026,4,Sunday,23,35.099876,-89.86282,Possible Injury,Pedestrian,Intersection-In Crosswalk,Intersection,Dark-Lighted,Not Collision with Motor Vehicle in Transport,Pedestrian,1,True,City of Memphis,,,,,,,275.5332039705707,PARK AVE,10.63229220982627,40.0,4,B,MEMPHIS,SHELBY,662.8369249615943,City of Memphis
301066701,2026-02-23,2026-02-23 22:18:00,2026,2,Monday,22,35.19489,-89.79239,Fatal,Pedestrian,Not Intersection-On Roadway Crosswalk not Available,Non-Junction,Dark-Not Lighted,Not Collision with Motor Vehicle in Transport,Pedestrian,1,True,TDOT,N GERMANTOWN PKWY,Principal Arterial,45.0,7.0,177,1.0,0.4098703648635052,N GERMANTOWN PKWY,0.0677186861915323,45.0,7,B,MEMPHIS,SHELBY,0.19611384317242977,TDOT
301073157,2026-04-02,2026-04-02 20:32:00,2026,4,Thursday,20,35.051453,-90.00747,Suspected Serious Injury,Pedestrian,Not Intersection-On Roadway Crosswalk not Available,Intersection-Related,Dark-Lighted,Not Collision with Motor Vehicle in Transport,Pedestrian,1,True,City of Memphis,,,,,,,1604.027423703211,MILLBRANCH RD,0.3923881869255088,40.0,4,B,MEMPHIS,SHELBY,313.65849382505957,City of Memphis
301072316,2026-03-28,2026-03-28 16:50:00,2026,3,Saturday,16,35.09949,-89.86321,Possible Injury,Pedestrian,Not Intersection-On Roadway Not In Crosswalk,Non-Junction,Daylight,Not Collision with Motor Vehicle in Transport,Pedestrian,1,True,City of Memphis,,,,,,,324.3276548003746,PARK AVE,51.6750617940444,40.0,4,B,MEMPHIS,SHELBY,627.6448929469196,City of Memphis
301009788,2025-04-01,2025-04-01 21:16:00,2025,4,Tuesday,21,35.14281,-89.95136,Fatal,Pedestrian,Intersection-On Roadway Crosswalk Not Available,Intersection,Dark-Lighted,Not Collision with Motor Vehicle in Transport,Pedestrian,1,True,City of Memphis,,,,,,,731.4388335741062,N HOLMES ST,21.787061669414644,40.0,4,B,MEMPHIS,SHELBY,5231.921485158995,City of Memphis
301073793,2026-04-05,2026-04-05 16:34:00,2026,4,Sunday,16,35.104935,-90.04287,Possible Injury,Pedestrian,Intersection-In Crosswalk,Intersection,Daylight,Not Collision with Motor Vehicle in Transport,Pedestrian,1,True,City of Memphis,,,,,,,1144.459677128216,MCMILLAN ST,17.5945976387023,30.0,2,B,MEMPHIS,SHELBY,1227.4197380025983,City of Memphis
301071113,2026-03-22,2026-03-22 01:30:00,2026,3,Sunday,1,35.020687,-89.95011,Suspected Serious Injury,Pedestrian,Not Intersection-Bike Path,Intersection-Related,Dark-Lighted,Not Collision with Motor Vehicle in Transport,Pedestrian,1,True,TDOT,E SHELBY DR,Principal Arterial,45.0,7.0,175,3.0,8.960424289512725,CHEVRON RD,1.2315693982874278,35.0,2,B,MEMPHIS,SHELBY,4775.540781146503,TDOT
301074948,2026-04-12,2026-04-12 21:32:00,2026,4,Sunday,21,35.125786,-90.00115,Suspected Serious Injury,Pedestrian,Not Intersection-Outside Traffic,"Driveway, Alley Access, etc",Dark-Lighted,Not Collision with Motor Vehicle in Transport,Pedestrian,1,True,City of Memphis,,,,,,,794.3394383053416,S MCLEAN BLVD,22.494329282847,35.0,4,B,MEMPHIS,SHELBY,2065.1202424945795,City of Memphis
301075525,2026-04-15,2026-04-15 19:39:00,2026,4,Wednesday,19,35.11159,-90.05228,Possible Injury,Pedestrian,Not Intersection-On Roadway Not In Crosswalk,Through Roadway,Dark-Lighted,Not Collision with Motor Vehicle in Transport,Pedestrian,1,True,City of Memphis,,,,,,,271.4963901173253,LATHAM ST,0.5115859679138832,30.0,2,B,MEMPHIS,SHELBY,1827.7023971730373,City of Memphis
301074651,2026-04-10,2026-04-10 15:57:00,2026,4,Friday,15,35.107227,-89.98316,No Injury,Pedestrian,Not Intersection-On Roadway Crosswalk Availability Unknown,OtherLocation,Daylight,Not Collision with Motor Vehicle in Transport,Pedestrian,1,True,City of Memphis,,,,,,,166.333462769789,ETHEL ST,15.46908326059921,30.0,2,B,MEMPHIS,SHELBY,3357.328424773575,City of Memphis
301033012,2025-08-10,2025-08-10 01:02:00,2025,8,Sunday,1,35.054753,-89.8291,Fatal,Pedestrian,Not Intersection-Outside Traffic,Non-Junction,Dark-Lighted,Rear to Side,Other,1,True,TDOT,STATE ROUTE 385,Freeway and Expressway,65.0,3.0,NONCONNAH PKWY,2.0,3.6578479711783,RIVERDALE RD,0.0026958282234095,45.0,6,B,MEMPHIS,SHELBY,5361.215404617227,TDOT
301076080,2026-04-18,2026-04-18 23:25:00,2026,4,Saturday,23,35.115795,-90.04454,Suspected Serious Injury,Pedestrian,Not Intersection-On Roadway Not In Crosswalk,Non-Junction,Dark-Lighted,Not Collision with Motor Vehicle in Transport,Pedestrian,1,True,City of Memphis,,,,,,,948.3194439616002,E MCLEMORE AVE,1.9730150513633928,35.0,2,B,MEMPHIS,SHELBY,1458.5138378470774,City of Memphis
301006644,2025-03-16,2025-03-16 01:59:00,2025,3,Sunday,1,35.168148,-89.86397,Fatal,Pedestrian,Not Intersection-On Roadway Not In Crosswalk,Non-Junction,Dark-Lighted,Not Collision with Motor Vehicle in Transport,Pedestrian,1,True,City of Memphis,,,,,,,589.5564986514669,SYCAMORE VIEW RD,30.066080972040005,45.0,7,B,MEMPHIS,SHELBY,373.7305159387375,City of Memphis
301075323,2026-04-14,2026-04-14 01:40:00,2026,4,Tuesday,1,35.09949,-89.86321,Possible Injury,Pedestrian,Not Intersection-On Roadway Not In Crosswalk,OtherLocation,Dark-Lighted,Not Collision with Motor Vehicle in Transport,Pedestrian,1,True,City of Memphis,,,,,,,324.3276548003746,PARK AVE,51.6750617940444,40.0,4,B,MEMPHIS,SHELBY,627.6448929469196,City of Memphis
301075328,2026-04-14,2026-04-14 17:39:00,2026,4,Tuesday,17,35.064632,-89.86523,Possible Injury,Pedestrian,Intersection-On Roadway not in Crosswalk,Non-Junction,Daylight,Not Collision with Motor Vehicle in Transport,Pedestrian,1,True,City of Memphis,,,,,,,1110.341798568272,FOX RIDGE DR,1.2595324381176634,30.0,2,B,MEMPHIS,SHELBY,2474.7914607168154,City of Memphis
301071963,2026-03-26,2026-03-26 16:00:00,2026,3,Thursday,16,35.031788,-90.03665,Possible Injury,Pedestrian,Intersection-On Roadway Crosswalk Not Available,Intersection,Daylight,Not Collision with Motor Vehicle in Transport,Pedestrian,1,True,City of Memphis,,,,,,,1047.2708173794758,BROWNLEE RD,99.220970283863,35.0,2,B,MEMPHIS,SHELBY,3052.4520848813104,City of Memphis
301074437,2026-04-09,2026-04-09 20:00:00,2026,4,Thursday,20,35.21758,-89.994064,Possible Injury,Pedestrian,Not Intersection-On Roadway Crosswalk not Available,Intersection-Related,Dawn,Angle,Other,1,True,City of Memphis,,,,,,,2677.898008714464,FRAYSER BLVD,36.297358017277126,40.0,5,B,MEMPHIS,SHELBY,2733.644734744837,City of Memphis
301071051,2026-03-21,2026-03-21 21:20:00,2026,3,Saturday,21,35.064884,-89.93243,Fatal,Pedestrian,Intersection-Unknown,Intersection,Dark-Lighted,Not Collision with Motor Vehicle in Transport,Pedestrian,1,True,TDOT,NEW GETWELL RD,Principal Arterial,40.0,2.0,176,3.0,0.3183575723150796,GETWELL RD,0.0186755769238648,40.0,2,FT,MEMPHIS,SHELBY,1657.414299829959,TDOT
301074447,2026-04-09,2026-04-09 19:18:00,2026,4,Thursday,19,35.221107,-89.97553,Suspected Minor Injury,Pedestrian,Not Intersection-On Roadway Not In Crosswalk,AccelDecelLane,Daylight,Not Collision with Motor Vehicle in Transport,Pedestrian,1,True,City of Memphis,,,,,,,3833.442738510042,FRAYSER BLVD,0.0929208205289068,40.0,4,B,MEMPHIS,SHELBY,3241.7331456241604,City of Memphis
301071977,2026-03-26,2026-03-26 21:05:00,2026,3,Thursday,21,35.07205,-89.93236,Suspected Serious Injury,Pedestrian,Not Intersection-On Roadway Not In Crosswalk,AccelDecelLane,Dark-Lighted,Not Collision with Motor Vehicle in Transport,Pedestrian,1,True,City of Memphis,,,,,,,38.20977952350216,ARROWHEAD AVE,30.22995326713981,30.0,2,B,MEMPHIS,SHELBY,873.4150556590761,City of Memphis
301076761,2026-04-22,2026-04-22 13:07:00,2026,4,Wednesday,13,35.00787,-90.046455,No Injury,Pedestrian,Not Intersection-Adjacent to Roadway,SharedUsePathOrTrail,Daylight,Not Collision with Motor Vehicle in Transport,Other,2,True,City of Memphis,,,,,,,1445.1893112438613,BERTA RD,30.90977488039649,35.0,2,B,MEMPHIS,SHELBY,3989.131267343551,City of Memphis
301075347,2026-04-14,2026-04-14 20:20:00,2026,4,Tuesday,20,35.20799,-89.91052,Suspected Serious Injury,Pedestrian,Not Intersection-On Roadway Crosswalk not Available,Through Roadway,Dark-Unknown Lighting,Not Collision with Motor Vehicle in Transport,Pedestrian,1,True,City of Memphis,,,,,,,179.23657467205248,SCHEIBLER RD,58.20073227143519,35.0,2,B,MEMPHIS,SHELBY,2014.7817991177874,City of Memphis
301028565,2025-07-15,2025-07-15 20:00:00,2025,7,Tuesday,20,35.101875,-89.859383,Fatal,Pedestrian,Not Intersection-On Roadway Not In Crosswalk,Non-Junction,Dusk,Not Collision with Motor Vehicle in Transport,Pedestrian,1,True,TDOT,POPLAR AVE,Principal Arterial,40.0,7.0,57,2.0,4.48287276584801,S SHADY GROVE RD,0.0085512398481789,35.0,5,B,MEMPHIS,SHELBY,972.9720015206066,TDOT
301069679,2026-03-10,2026-03-10 12:20:00,2026,3,Tuesday,12,35.035515,-90.02516,Suspected Minor Injury,Pedestrian,Intersection-In Crosswalk,Intersection,Daylight,Not Collision with Motor Vehicle in Transport,Pedestrian,1,True,TDOT,ELVIS PRESLEY BLVD,Principal Arterial,40.0,5.0,3,6.0,0.3167575447708924,ELVIS PRESLEY BLVD,0.0906632569155174,40.0,6,B,MEMPHIS,SHELBY,1935.2922642461058,TDOT
301073009,2026-04-01,2026-04-01 08:53:00,2026,4,Wednesday,8,35.148502,-89.92846,Possible Injury,Pedestrian,Intersection-On Roadway Crosswalk Not Available,Non-Junction,Daylight,Not Collision with Motor Vehicle in Transport,Pedestrian,1,True,City of Memphis,,,,,,,73.70705205667211,N GRAHAM ST,37.32616322060165,40.0,5,B,MEMPHIS,SHELBY,3209.531618088646,City of Memphis
301069106,2026-03-10,2026-03-10 05:00:00,2026,3,Tuesday,5,35.175415,-89.97533,Fatal,Pedestrian,Not Intersection-On Roadway Not In Crosswalk,Non-Junction,Dark-Lighted,Not Collision with Motor Vehicle in Transport,Pedestrian,1,True,City of Memphis,,,,,,,1932.251998966644,N HOLLYWOOD ST,8.232795788043813,40.0,4,B,MEMPHIS,SHELBY,1781.7902933263244,City of Memphis
301073690,2026-04-04,2026-04-04 13:00:00,2026,4,Saturday,13,35.142082,-90.03187,Possible Injury,Pedestrian,Not Intersection-On Roadway Not In Crosswalk,Intersection-Related,Daylight,Not Collision with Motor Vehicle in Transport,Pedestrian,1,True,City of Memphis,,,,,,,403.4662993468131,JEFFERSON AVE,60.67545480235469,40.0,4,B,MEMPHIS,SHELBY,791.1933017456314,City of Memphis