MstrRecNbrTxt,CollisionDate,CollisionDteTime,YearNmb,Month,DayOfWeek,Hour,Latitude,Longitude,InjuryClass,PersonType,NonMotoristLocation,RelationToJunction,LightCondition,MannerOfCollision,FirstHarmfulEvent,VictimsInCrash,InMemphis,Jurisdiction,StateRoute_NAME,StateRoute_F_System,StateRoute_SPDLIMIT,StateRoute_LANES,StateRoute_ALTNAME_1,StateRoute_Council_District,DistToStateRoute_m,Street_Name,DistToStreet_m,Street_SPDLIMIT,Street_LANES,Street_ONEWAY,Street_CITY_L,Street_COUNTY_L,DistToInterstate_m,Jurisdiction_prev
301073359,2026-04-04,2026-04-04 04:13:00,2026,4,Saturday,4,35.105015,-90.02044,Possible Injury,Pedestrian,Intersection-On Roadway not in Crosswalk,Intersection,Dark-Unknown Lighting,Not Collision with Motor Vehicle in Transport,Pedestrian,1,True,TDOT,ELVIS PRESLEY BLVD,Minor Arterial,40.0,4.0,3,4.0,25.160586964621057,ELVIS PRESLEY BLVD,26.064238199962244,40.0,4,B,MEMPHIS,SHELBY,795.8537113950566,TDOT
301072003,2026-03-26,2026-03-26 18:23:00,2026,3,Thursday,18,35.148026,-90.05299,Possible Injury,Pedestrian,Intersection-On Roadway not in Crosswalk,Intersection,Daylight,Not Collision with Motor Vehicle in Transport,Pedestrian,1,True,City of Memphis,,,,,,,232.67029274890896,N FRONT ST,10.658971038429256,30.0,5,B,MEMPHIS,SHELBY,557.5737771818636,City of Memphis
301021460,2025-05-31,2025-05-31 23:45:00,2025,5,Saturday,23,35.0613,-90.05918,Fatal,Pedestrian,Not Intersection-On Roadway Not In Crosswalk,Non-Junction,Dark-Lighted,Not Collision with Motor Vehicle in Transport,Pedestrian,1,True,TDOT,S THIRD ST,Principal Arterial,45.0,7.0,14,6.0,19.467945836341293,S THIRD ST,18.852574636440583,45.0,7,B,MEMPHIS,SHELBY,1942.1375500971374,TDOT
301073827,2026-04-06,2026-04-06 23:34:00,2026,4,Monday,23,35.215113,-90.003464,Fatal,Pedestrian,Not Intersection-On Roadway Crosswalk not Available,Intersection,Dark-Lighted,Not Collision with Motor Vehicle in Transport,Pedestrian,1,True,City of Memphis,,,,,,,2132.310257983976,N WATKINS ST,3.9823240073221258,40.0,5,B,MEMPHIS,SHELBY,2497.248976387807,City of Memphis
301002080,2025-02-16,2025-02-16 03:05:00,2025,2,Sunday,3,35.088028,-89.931046,Fatal,Pedestrian,Intersection-Unknown,Intersection,Dark-Lighted,Not Collision with Motor Vehicle in Transport,Pedestrian,1,True,City of Memphis,,,,,,,837.549091773712,GETWELL RD,9.230402773848066,40.0,5,B,MEMPHIS,SHELBY,870.7947844963095,City of Memphis
301070937,2026-03-20,2026-03-20 19:45:00,2026,3,Friday,19,35.000706,-90.015594,Possible Injury,Pedestrian,Intersection-On Roadway Crosswalk Not Available,Intersection-Related,Dark-Lighted,Not Collision with Motor Vehicle in Transport,Pedestrian,1,True,City of Memphis,,,,,,,890.5950381738772,WINFIELD AVE,2.741352968914564,35.0,2,B,MEMPHIS,SHELBY,1175.564402946091,City of Memphis
301076569,2026-04-21,2026-04-21 17:43:00,2026,4,Tuesday,17,35.155178,-89.97616,Possible Injury,Pedestrian,Intersection-On Roadway not in Crosswalk,Through Roadway,Daylight,Not Collision with Motor Vehicle in Transport,Pedestrian,1,True,City of Memphis,,,,,,,311.99394954389817,N HOLLYWOOD ST,22.556441180847926,35.0,2,B,MEMPHIS,SHELBY,4013.257040482537,City of Memphis
301071209,2026-03-23,2026-03-23 03:18:00,2026,3,Monday,3,35.183582,-89.87671,Fatal,Pedestrian,Not Intersection-On Roadway Not In Crosswalk,Non-Junction,Dark-Lighted,Not Collision with Motor Vehicle in Transport,Pedestrian,1,True,City of Memphis,,,,,,,1399.2987228936177,RALEIGH LAGRANGE RD,2.0183185854886414,45.0,6,B,MEMPHIS,SHELBY,2414.4603792139565,City of Memphis
301073322,2026-04-03,2026-04-03 18:02:00,2026,4,Friday,18,35.061916,-89.885826,Possible Injury,Pedestrian,Not Intersection-On Roadway Not In Crosswalk,Through Roadway,Daylight,Not Collision with Motor Vehicle in Transport,Pedestrian,1,True,City of Memphis,,,,,,,2249.9886007664727,KNIGHT ARNOLD RD,0.021483898101557,40.0,4,B,MEMPHIS,SHELBY,2455.0984052877798,City of Memphis
301076345,2026-04-20,2026-04-20 08:40:00,2026,4,Monday,8,35.06133,-89.928825,Suspected Serious Injury,Pedestrian,Not Intersection-Outside Traffic,Non-Junction,Daylight,Not Collision with Motor Vehicle in Transport,Pedestrian,1,True,City of Memphis,,,,,,,197.0861937205057,CAMELOT LN,18.70378150128473,30.0,2,B,MEMPHIS,SHELBY,1988.785866421846,City of Memphis
301070742,2026-03-19,2026-03-19 17:18:00,2026,3,Thursday,17,35.040314,-89.82702,Possible Injury,Pedestrian,Intersection-In Crosswalk,Intersection,Daylight,Not Collision with Motor Vehicle in Transport,Pedestrian,1,True,City of Memphis,,,,,,,1374.526831103618,FROSTY MEADOW DR,84.4075679236584,30.0,2,B,MEMPHIS,SHELBY,6648.030024928292,City of Memphis
301049362,2025-11-08,2025-11-08 17:03:00,2025,11,Saturday,17,35.14743,-90.02614,Fatal,Pedestrian,Not Intersection-Outside Traffic,Intersection,Daylight,Not Collision with Motor Vehicle in Transport,Pedestrian,1,True,City of Memphis,,,,,,,810.6376369498911,DECATUR ST,0.0841083394590821,30.0,2,B,MEMPHIS,SHELBY,265.6105711494825,City of Memphis
301072428,2026-03-29,2026-03-29 15:35:00,2026,3,Sunday,15,35.05159,-90.00781,Possible Injury,Pedestrian,Intersection-Not on Roadway,Non-Junction,Daylight,Angle,Other,1,True,City of Memphis,,,,,,,1572.9085117991344,BELLBRANCH DR,16.06512171321707,30.0,2,B,MEMPHIS,SHELBY,293.9217740893014,City of Memphis
301074031,2026-04-07,2026-04-07 08:15:00,2026,4,Tuesday,8,35.145485,-90.04989,Possible Injury,Pedestrian,Intersection-In Crosswalk,Intersection,Daylight,Not Collision with Motor Vehicle in Transport,Pedestrian,1,True,TDOT,N THIRD ST,Minor Arterial,35.0,3.0,3,6.0,5.498988552972202,COURT AVE,2.9000076198285463,30.0,2,B,MEMPHIS,SHELBY,840.2624330997331,TDOT
301081667,2026-05-18,2026-05-18 12:54:00,2026,5,Monday,12,35.07929,-89.98485,Fatal,Pedestrian,Intersection-On Roadway not in Crosswalk,Non-Junction,Daylight,Not Collision with Motor Vehicle in Transport,Pedestrian,1,True,City of Memphis,,,,,,,2111.968854137994,AIRWAYS BLVD,0.0125660271065151,40.0,7,B,MEMPHIS,SHELBY,254.02355646518578,City of Memphis
301079968,2026-05-09,2026-05-09 15:00:00,2026,5,Saturday,15,35.10211,-89.865555,Possible Injury,Pedestrian,Not Intersection-Other Not On Roadway,Non-Junction,Daylight,Not Collision with Motor Vehicle in Transport,Pedestrian,1,True,City of Memphis,,,,,,,36.59636521703834,POPLAR AVE,32.14270455971229,40.0,5,FT,MEMPHIS,SHELBY,410.1806811032256,City of Memphis
301079472,2026-05-07,2026-05-07 09:04:00,2026,5,Thursday,9,35.14011,-89.96166,Possible Injury,Pedestrian,Intersection-On Roadway not in Crosswalk,Through Roadway,Daylight,Not Collision with Motor Vehicle in Transport,Pedestrian,1,True,City of Memphis,,,,,,,486.039562064186,MCADOO AVE,0.0133861511791218,30.0,2,B,MEMPHIS,SHELBY,5554.4726935029585,City of Memphis
301077119,2026-04-23,2026-04-23 20:40:00,2026,4,Thursday,20,35.1334,-89.980545,Fatal,Pedestrian,Not Intersection-On Roadway Not In Crosswalk,Non-Junction,Dark-Lighted,Front to Rear,Other,1,True,TDOT,UNION AVE,Principal Arterial,35.0,7.0,23,5.0,4.591611920438122,UNION AVE,0.0561330398460095,35.0,7,B,MEMPHIS,SHELBY,3954.8726481195213,TDOT
301018340,2025-05-15,2025-05-15 22:10:00,2025,5,Thursday,22,35.142204,-90.03157,Fatal,Pedestrian,Not Intersection-On Roadway Not In Crosswalk,Non-Junction,Dark-Lighted,Not Collision with Motor Vehicle in Transport,Pedestrian,1,True,City of Memphis,,,,,,,420.536277152444,JEFFERSON AVE,47.1331252586254,40.0,4,B,MEMPHIS,SHELBY,770.5586920391574,City of Memphis
301032468,2025-08-07,2025-08-07 04:07:00,2025,8,Thursday,4,35.15228,-90.04579,Fatal,Pedestrian,Not Intersection-On Roadway Crosswalk not Available,Non-Junction,Dark-Lighted,Not Collision with Motor Vehicle in Transport,Pedestrian,1,True,Interstate (TDOT),,,,,,,123.53587085921107,INTERSTATE 40 E,0.7325668420573141,65.0,3,FT,MEMPHIS,SHELBY,0.7325668420573141,City of Memphis
301052594,2025-11-26,2025-11-26 05:37:00,2025,11,Wednesday,5,35.074295,-90.00193,Fatal,Pedestrian,Not Intersection-Adjacent to Roadway,Non-Junction,Dark-Lighted,Front to Rear,Other,2,True,Interstate (TDOT),,,,,,,1654.6532176096644,INTERSTATE 240 E,0.1795451244930996,65.0,3,FT,MEMPHIS,SHELBY,0.1795451244930996,City of Memphis
300933529,2024-01-03,2024-01-03 18:25:00,2024,1,Wednesday,18,35.048794,-89.92077,Fatal,Pedestrian,Not Intersection-On Roadway Not In Crosswalk,Non-Junction,Dark-Lighted,Not Collision with Motor Vehicle in Transport,Pedestrian,1,True,City of Memphis,,,,,,,100.28217402182622,MOUNT HOOD ST,28.82512055165657,30.0,2,B,MEMPHIS,SHELBY,3249.301070246672,City of Memphis
301078671,2026-05-03,2026-05-03 19:10:00,2026,5,Sunday,19,35.161133,-89.917366,Suspected Serious Injury,Pedestrian,Intersection-On Roadway Crosswalk Not Available,Intersection,Daylight,Not Collision with Motor Vehicle in Transport,Pedestrian,1,True,City of Memphis,,,,,,,1350.8593281228734,EMILY AVE,0.0229696056588374,30.0,2,B,MEMPHIS,SHELBY,1611.7028920649159,City of Memphis
301079833,2026-05-08,2026-05-08 20:48:00,2026,5,Friday,20,35.221107,-89.97553,Suspected Serious Injury,Pedestrian,Intersection-Unknown,Intersection,Dusk,Not Collision with Motor Vehicle in Transport,Pedestrian,1,True,City of Memphis,,,,,,,3833.442738510042,FRAYSER BLVD,0.0929208205289068,40.0,4,B,MEMPHIS,SHELBY,3241.7331456241604,City of Memphis
301078016,2026-04-29,2026-04-29 10:55:00,2026,4,Wednesday,10,35.144867,-90.05153,Possible Injury,Pedestrian,Not Intersection-On Roadway Crosswalk not Available,AccelDecelLane,Daylight,Not Collision with Motor Vehicle in Transport,Other,1,True,TDOT,S SECOND ST,Minor Arterial,35.0,3.0,3,6.0,1.6045868902886944,MADISON AVE,0.0036460371978028,30.0,3,B,MEMPHIS,SHELBY,908.2552334812693,TDOT
301061148,2026-01-17,2026-01-17 10:00:00,2026,1,Saturday,10,35.07157,-90.0211,Fatal,Pedestrian,Not Intersection-On Roadway Crosswalk not Available,Non-Junction,Daylight,Not Collision with Motor Vehicle in Transport,Pedestrian,1,True,Interstate (TDOT),ELVIS PRESLEY BLVD,Minor Arterial,40.0,4.0,3,6.0,1.5858426193598758,INTERSTATE 240 W,0.0358675906749751,65.0,3,TF,MEMPHIS,SHELBY,0.03586759067497515,TDOT
301078947,2026-05-03,2026-05-03 12:01:00,2026,5,Sunday,12,35.106583,-89.89539,Suspected Serious Injury,Pedestrian,Intersection-In Crosswalk,Intersection-Related,Daylight,Not Collision with Motor Vehicle in Transport,Pedestrian,1,True,City of Memphis,,,,,,,588.4932749312294,PARK AVE,0.0069955067629267,40.0,5,B,MEMPHIS,SHELBY,2302.0116928684083,City of Memphis
301077034,2026-04-23,2026-04-23 22:42:00,2026,4,Thursday,22,35.10871,-89.97572,Fatal,Pedestrian,Not Intersection-On Roadway Not In Crosswalk,Non-Junction,Dark-Lighted,Not Collision with Motor Vehicle in Transport,Pedestrian,1,True,City of Memphis,,,,,,,834.7511733896557,DALLAS ST,38.13646760587259,30.0,2,B,MEMPHIS,SHELBY,3533.392999278687,City of Memphis
301047539,2025-10-29,2025-10-29 15:22:00,2025,10,Wednesday,15,35.23621,-90.00019,Suspected Serious Injury,Pedestrian,Intersection-On Roadway not in Crosswalk,Intersection,Daylight,Not Collision with Motor Vehicle in Transport,Pedestrian,1,True,City of Memphis,,,,,,,1033.3614692242493,WELLONS AVE,0.085545181958917,30.0,2,B,MEMPHIS,SHELBY,4807.54104913279,City of Memphis
301081746,2026-05-18,2026-05-18 17:39:00,2026,5,Monday,17,35.104298,-89.97926,No Injury,Pedestrian,Unknown,Non-Junction,Daylight,Not Collision with Motor Vehicle in Transport,Other,1,True,City of Memphis,,,,,,,265.7646404449892,CELLA ST,18.92083551791508,30.0,2,B,MEMPHIS,SHELBY,3062.968304741851,City of Memphis
301061695,2026-01-20,2026-01-20 12:50:00,2026,1,Tuesday,12,35.07659,-89.951195,Fatal,Pedestrian,Intersection-In Crosswalk,Entrance/Exit Ramp Related,Daylight,Not Collision with Motor Vehicle in Transport,Pedestrian,1,True,TDOT,LAMAR AVE,Principal Arterial,40.0,7.0,4,4.0,3.5209749700767605,AMERICAN WAY,0.1482524889545472,45.0,7,B,MEMPHIS,SHELBY,516.7253578771239,TDOT
301077017,2026-04-23,2026-04-23 20:20:00,2026,4,Thursday,20,35.01894,-90.04959,Suspected Serious Injury,Pedestrian,Not Intersection-On Roadway Not In Crosswalk,Through Roadway,Dark-Lighted,Not Collision with Motor Vehicle in Transport,Pedestrian,1,True,City of Memphis,,,,,,,212.18974419043408,HODGE RD,0.9830640714699044,30.0,2,B,MEMPHIS,SHELBY,4281.36064280689,City of Memphis
301077018,2026-04-23,2026-04-23 22:00:00,2026,4,Thursday,22,35.209473,-90.03271,Possible Injury,Pedestrian,Intersection-Unknown,Intersection,Dark-Lighted,Not Collision with Motor Vehicle in Transport,Pedestrian,1,True,TDOT,THOMAS ST,,40.0,2.0,3,7.0,1.0786823200423497,THOMAS ST,0.0215984777537107,40.0,2,B,MEMPHIS,SHELBY,2542.4876793875023,TDOT
301072422,2026-03-29,2026-03-29 20:40:00,2026,3,Sunday,20,35.14176,-90.04817,Fatal,Pedestrian,Not Intersection-On Roadway Not In Crosswalk,Intersection,Dawn,Not Collision with Motor Vehicle in Transport,Pedestrian,1,True,TDOT,UNION AVE,Minor Arterial,35.0,5.0,3,6.0,4.231060327441916,UNION AVE,0.0791469795124046,35.0,5,B,MEMPHIS,SHELBY,1168.4144364110452,TDOT
301079340,2026-05-06,2026-05-06 15:55:00,2026,5,Wednesday,15,35.08793,-89.946815,Possible Injury,Pedestrian,Not Intersection-Outside Traffic,"Driveway, Alley Access, etc",Daylight,Not Collision with Motor Vehicle in Transport,Pedestrian,1,True,City of Memphis,,,,,,,1162.5997572115243,S HIGHLAND ST,45.166527875092896,30.0,2,B,MEMPHIS,SHELBY,610.5462728072034,City of Memphis
301081352,2026-05-16,2026-05-16 17:51:00,2026,5,Saturday,17,35.134354,-89.83459,Possible Injury,Pedestrian,Intersection-On Roadway Crosswalk Not Available,Non-Junction,Daylight,Not Collision with Motor Vehicle in Transport,Pedestrian,1,True,City of Memphis,,,,,,,3045.529286712631,WALNUT GROVE RD,0.1972429534434492,55.0,2,FT,MEMPHIS,SHELBY,2997.7130097798267,City of Memphis
301078082,2026-04-28,2026-04-28 20:00:00,2026,4,Tuesday,20,35.0536,-90.019104,Possible Injury,Pedestrian,Intersection-On Roadway not in Crosswalk,Intersection,Dark-Lighted,Not Collision with Motor Vehicle in Transport,Pedestrian,1,True,City of Memphis,,,,,,,540.222337197554,HERMITAGE DR,43.072845784191614,35.0,2,B,MEMPHIS,SHELBY,476.62236302416966,City of Memphis
301078876,2026-05-04,2026-05-04 16:01:00,2026,5,Monday,16,35.156944,-90.04743,Fatal,Pedestrian,Not Intersection-On Roadway Not In Crosswalk,AccelDecelLane,Daylight,Not Collision with Motor Vehicle in Transport,Pedestrian,1,True,City of Memphis,,,,,,,61.268720833939895,A W WILLIS AVE,3.0739331893801003,35.0,5,B,MEMPHIS,SHELBY,435.4152920470962,City of Memphis
301014888,2025-04-28,2025-04-28 22:48:00,2025,4,Monday,22,35.06494,-89.90679,Fatal,Pedestrian,Intersection-On Roadway not in Crosswalk,Non-Junction,Dark-Lighted,Not Collision with Motor Vehicle in Transport,Pedestrian,1,True,City of Memphis,,,,,,,2246.139860973355,ALOHA AVE,84.10363158741114,30.0,2,B,MEMPHIS,SHELBY,1451.236580981293,City of Memphis
301057819,2025-12-26,2025-12-26 21:42:00,2025,12,Friday,21,35.072655,-89.98633,Fatal,Pedestrian,Not Intersection-Unknown,Intersection,Dark-Lighted,Not Collision with Motor Vehicle in Transport,Pedestrian,1,True,City of Memphis,,,,,,,2634.500981822921,AIRWAYS BLVD,0.2555414390511817,40.0,3,FT,MEMPHIS,SHELBY,394.4869270836183,City of Memphis
301079367,2026-04-29,2026-04-29 11:45:00,2026,4,Wednesday,11,35.11443,-89.943054,Possible Injury,Pedestrian,Intersection-In Crosswalk,Intersection,Daylight,Not Collision with Motor Vehicle in Transport,Pedestrian,1,True,City of Memphis,,,,,,,1390.543357269461,BRISTER ST,27.634556993706564,30.0,2,B,MEMPHIS,SHELBY,3568.9728507727114,City of Memphis
301036961,2025-09-01,2025-09-01 23:10:00,2025,9,Monday,23,35.177515,-89.861159,Suspected Serious Injury,Pedestrian,Not Intersection-On Roadway Crosswalk not Available,Non-Junction,Dark-Lighted,Not Collision with Motor Vehicle in Transport,Pedestrian,1,True,City of Memphis,,,,,,,119.85596839491616,SUMMER AVE,116.7051764531498,45.0,4,B,MEMPHIS,SHELBY,1205.614740271523,City of Memphis
301079037,2026-05-05,2026-05-05 06:00:00,2026,5,Tuesday,6,35.051704,-90.01452,No Injury,Pedestrian,Intersection-Not on Roadway,AccelDecelLane,Dawn,Not Collision with Motor Vehicle in Transport,Other,1,True,City of Memphis,,,,,,,960.6554347715548,GRACELAND DR,0.1951429160961583,35.0,2,B,MEMPHIS,SHELBY,213.19835337781146,City of Memphis
301078384,2026-04-30,2026-04-30 20:49:00,2026,4,Thursday,20,35.150913,-89.98125,Suspected Serious Injury,Pedestrian,Intersection-In Crosswalk,Intersection,Daylight,Not Collision with Motor Vehicle in Transport,Pedestrian,1,True,TDOT,E PARKWAY,Principal Arterial,40.0,7.0,57,5.0,5.88733297932374,E PARKWAY N,5.011341285587654,40.0,7,B,MEMPHIS,SHELBY,3625.834863547989,TDOT
301019499,2025-05-22,2025-05-22 21:48:00,2025,5,Thursday,21,35.167316,-89.94523,Fatal,Pedestrian,Not Intersection-On Roadway Crosswalk not Available,Non-Junction,Dark-Lighted,Not Collision with Motor Vehicle in Transport,Pedestrian,1,True,City of Memphis,,,,,,,274.7968933318152,NATIONAL ST,0.695872165992882,40.0,4,B,MEMPHIS,SHELBY,2497.8965261273597,City of Memphis
301077875,2026-04-25,2026-04-25 16:50:00,2026,4,Saturday,16,35.160507,-90.03022,Possible Injury,Pedestrian,Intersection-On Roadway not in Crosswalk,Intersection,Daylight,Not Collision with Motor Vehicle in Transport,Pedestrian,1,True,City of Memphis,,,,,,,379.9663692340961,N DUNLAP ST,0.0966625931130215,30.0,2,B,MEMPHIS,SHELBY,893.8069290580179,City of Memphis
301081368,2026-05-16,2026-05-16 23:43:00,2026,5,Saturday,23,35.138874,-90.058,Possible Injury,Pedestrian,Not Intersection-Outside Traffic,Intersection-Related,Dark-Lighted,Angle,Other,1,True,City of Memphis,,,,,,,314.2209278621109,PONTOTOC AVE,3.151116600396241,30.0,2,B,MEMPHIS,SHELBY,1573.0007195382489,City of Memphis
301077901,2026-04-28,2026-04-28 16:00:00,2026,4,Tuesday,16,35.079296,-90.05733,Suspected Minor Injury,Pedestrian,Not Intersection-Unknown,AccelDecelLane,Daylight,Angle,Other,1,True,TDOT,S THIRD ST,Principal Arterial,40.0,5.0,14,6.0,0.0822730516057256,S THIRD ST,0.0899439157171573,40.0,5,B,MEMPHIS,SHELBY,0.13428297696492536,TDOT
301077651,2026-04-28,2026-04-28 00:25:00,2026,4,Tuesday,0,35.06306,-89.905334,Suspected Minor Injury,Pedestrian,Not Intersection-On Roadway Crosswalk Availability Unknown,OtherLocation,Dark-Lighted,Not Collision with Motor Vehicle in Transport,Pedestrian,1,True,City of Memphis,,,,,,,2215.009111033089,S PERKINS RD,37.44222671905197,40.0,7,B,MEMPHIS,SHELBY,1678.2945545527245,City of Memphis
301065830,2026-02-18,2026-02-18 06:52:00,2026,2,Wednesday,6,35.109688,-90.02922,Fatal,Pedestrian,Not Intersection-On Roadway Crosswalk not Available,Non-Junction,Dawn,Not Collision with Motor Vehicle in Transport,Pedestrian,1,True,City of Memphis,,,,,,,679.0105178131033,S PARKWAY E,0.0250817123559015,35.0,3,FT,MEMPHIS,SHELBY,0.052579131732019904,City of Memphis
301078187,2026-04-30,2026-04-30 18:35:00,2026,4,Thursday,18,35.14742,-89.88427,No Injury,Pedestrian,Not Intersection-Outside Traffic,Non-Junction,Daylight,Angle,Other,1,True,City of Memphis,,,,,,,719.7211401883698,PODESTA ST,0.2421509551910371,30.0,2,B,MEMPHIS,SHELBY,285.75166820612264,City of Memphis
301082844,2026-05-25,2026-05-25 00:00:00,2026,5,Monday,99,35.108906,-90.00335,Suspected Serious Injury,Pedestrian,Intersection-Unknown,Unknown,Unknown,Unknown,Other,1,True,City of Memphis,,,,,,,802.8813077978226,S PARKWAY E,10.031727468613417,35.0,4,B,MEMPHIS,SHELBY,2322.102200490057,City of Memphis
301017287,2025-05-11,2025-05-11 23:42:00,2025,5,Sunday,23,35.151276,-89.94446,Suspected Serious Injury,Pedestrian,Not Intersection-On Roadway Crosswalk not Available,Non-Junction,Dark-Lighted,Not Collision with Motor Vehicle in Transport,Pedestrian,1,True,City of Memphis,,,,,,,195.94192324546933,N HIGHLAND ST,1.4130698559084791,40.0,4,B,MEMPHIS,SHELBY,4278.10947574362,City of Memphis
301082549,2026-05-22,2026-05-22 02:50:00,2026,5,Friday,2,35.17474,-89.979675,Suspected Serious Injury,Pedestrian,Not Intersection-Unknown,Through Roadway,Dark-Lighted,Not Collision with Motor Vehicle in Transport,Pedestrian,1,True,City of Memphis,,,,,,,1795.7390630767632,CHELSEA AVE,2.400917619096377,40.0,4,B,MEMPHIS,SHELBY,1885.6277349586676,City of Memphis
301082557,2026-05-22,2026-05-22 19:42:00,2026,5,Friday,19,35.150623,-89.97994,Suspected Minor Injury,Pedestrian,Not Intersection-On Roadway Crosswalk not Available,Intersection-Related,Dark-Lighted,Not Collision with Motor Vehicle in Transport,Pedestrian,1,True,TDOT,SUMMER AVE,Principal Arterial,35.0,6.0,1,5.0,29.05353656328384,SUMMER AVE,24.48151025435863,35.0,6,B,MEMPHIS,SHELBY,3748.3408617025193,TDOT
300966431,2024-07-16,2024-07-16 20:56:00,2024,7,Tuesday,20,35.07365,-89.900955,Fatal,Pedestrian,Not Intersection-On Roadway Not In Crosswalk,AccelDecelLane,Dark-Lighted,Not Collision with Motor Vehicle in Transport,Pedestrian,1,True,City of Memphis,,,,,,,2386.830723852767,FAIRBROOK AVE,106.76001343067912,30.0,2,B,MEMPHIS,SHELBY,688.9370107348826,City of Memphis
301083087,2026-05-26,2026-05-26 17:59:00,2026,5,Tuesday,17,35.073963,-89.91918,Possible Injury,Pedestrian,Not Intersection-On Roadway Not In Crosswalk,AccelDecelLane,Dawn,Not Collision with Motor Vehicle in Transport,Pedestrian,1,True,City of Memphis,,,,,,,1143.9804879984474,AMERICAN WAY,0.1296677225939361,45.0,6,B,MEMPHIS,SHELBY,457.89270433004884,City of Memphis
301069623,2026-03-12,2026-03-12 16:20:00,2026,3,Thursday,16,35.208828,-90.011665,Fatal,Pedestrian,Not Intersection-On Roadway Not In Crosswalk,Intersection-Related,Daylight,Not Collision with Motor Vehicle in Transport,Pedestrian,1,True,City of Memphis,,,,,,,1902.3475893688887,WHITNEY AVE,0.1925227349457349,40.0,4,B,MEMPHIS,SHELBY,1886.7390591271155,City of Memphis
301083130,2026-05-26,2026-05-26 17:18:00,2026,5,Tuesday,17,35.064816,-89.929436,Suspected Serious Injury,Pedestrian,Not Intersection-On Roadway Not In Crosswalk,AccelDecelLane,Daylight,Angle,Other,1,True,City of Memphis,,,,,,,263.46091079480834,KNIGHT ARNOLD RD,0.1245584338160652,40.0,5,B,MEMPHIS,SHELBY,1617.4184486856607,City of Memphis
301083138,2026-05-26,2026-05-26 22:14:00,2026,5,Tuesday,22,35.175045,-89.952995,Possible Injury,Pedestrian,Intersection-On Roadway Crosswalk Not Available,AccelDecelLane,Dark-Lighted,Not Collision with Motor Vehicle in Transport,Pedestrian,1,True,City of Memphis,,,,,,,836.6377439722714,MOUNT OLIVE RD,13.92527535138562,25.0,2,B,MEMPHIS,SHELBY,1674.6862938377099,City of Memphis
301050619,2025-11-16,2025-11-16 21:23:00,2025,11,Sunday,21,35.135696,-90.00856,Fatal,Pedestrian,Intersection-On Roadway Crosswalk Not Available,Intersection,Dark-Not Lighted,Not Collision with Motor Vehicle in Transport,Pedestrian,1,True,City of Memphis,,,,,,,43.07817473307674,S AVALON ST,29.318780607740617,35.0,2,B,MEMPHIS,SHELBY,1417.642822263439,City of Memphis
300922722,2023-11-09,2023-11-09 17:35:00,2023,11,Thursday,17,35.02193,-89.85966,Fatal,Pedestrian,Intersection-On Roadway Crosswalk availability Unknown,Intersection-Related,Dark-Lighted,Not Collision with Motor Vehicle in Transport,Pedestrian,1,True,City of Memphis,,,,,,,170.06354847177354,CRUMP RD,1.084419107747441,30.0,2,B,MEMPHIS,SHELBY,7142.880441331895,City of Memphis
301082802,2026-05-24,2026-05-24 20:30:00,2026,5,Sunday,20,35.07397,-89.905876,Suspected Serious Injury,Pedestrian,Not Intersection-On Roadway Not In Crosswalk,Non-Junction,Dusk,Not Collision with Motor Vehicle in Transport,Pedestrian,1,True,City of Memphis,,,,,,,2353.49559183424,S PERKINS RD,0.0687522200021117,40.0,7,B,MEMPHIS,SHELBY,486.70586107434895,City of Memphis
300939947,2024-02-07,2024-02-07 15:30:00,2024,2,Wednesday,15,35.14416,-90.01663,Possible Injury,Pedestrian,Not Intersection-Outside Traffic,"Driveway, Alley Access, etc",Daylight,Not Collision with Motor Vehicle in Transport,Pedestrian,1,True,City of Memphis,,,,,,,801.5166506661801,POPLAR AVE,13.02203676776044,40.0,7,B,MEMPHIS,SHELBY,524.8420201930654,City of Memphis
300942228,2024-02-20,2024-02-20 21:52:00,2024,2,Tuesday,21,35.2166,-90.02861,Possible Injury,Pedestrian,Not Intersection-Outside Traffic,Unknown,Dark-Not Lighted,Not Collision with Motor Vehicle in Transport,Pedestrian,1,True,City of Memphis,,,,,,,148.1779157711204,MILLINGTON ST,0.1139599959481277,40.0,2,B,MEMPHIS,SHELBY,3040.451670703347,City of Memphis
300941389,2024-02-16,2024-02-16 08:28:00,2024,2,Friday,8,35.03523,-90.00727,Possible Injury,Pedestrian,Intersection-In Crosswalk,Intersection-Related,Daylight,Not Collision with Motor Vehicle in Transport,Pedestrian,1,True,City of Memphis,,,,,,,1571.3070559515108,MILLBRANCH RD,22.116346933160152,40.0,4,B,MEMPHIS,SHELBY,420.68211312666796,City of Memphis