MstrRecNbrTxt,CollisionDate,CollisionDteTime,YearNmb,Month,DayOfWeek,Hour,Latitude,Longitude,InjuryClass,PersonType,NonMotoristLocation,RelationToJunction,LightCondition,MannerOfCollision,FirstHarmfulEvent,VictimsInCrash,InMemphis,Jurisdiction,StateRoute_NAME,StateRoute_F_System,StateRoute_SPDLIMIT,StateRoute_LANES,StateRoute_ALTNAME_1,StateRoute_Council_District,DistToStateRoute_m,Street_Name,DistToStreet_m,Street_SPDLIMIT,Street_LANES,Street_ONEWAY,Street_CITY_L,Street_COUNTY_L,DistToInterstate_m,Jurisdiction_prev
300939738,2024-02-07,2024-02-07 14:47:00,2024,2,Wednesday,14,35.116596,-89.90878,Possible Injury,Pedestrian,Intersection-Unknown,AccelDecelLane,Daylight,Not Collision with Motor Vehicle in Transport,Pedestrian,1,True,City of Memphis,,,,,,,43.712306220019535,PERKINS ROAD EXT,33.58815286542588,35.0,5,B,MEMPHIS,SHELBY,3569.576222391266,City of Memphis
300939951,2024-02-04,2024-02-04 11:00:00,2024,2,Sunday,11,35.23399,-89.89301,Suspected Serious Injury,Pedestrian,Not Intersection-Unknown,Unknown,Daylight,Not Collision with Motor Vehicle in Transport,Pedestrian,1,True,City of Memphis,,,,,,,62.98969238882766,NEW COVINGTON PIKE,65.95150792571387,45.0,5,B,MEMPHIS,SHELBY,5310.255092879633,City of Memphis
300941629,2024-02-13,2024-02-13 20:59:00,2024,2,Tuesday,20,35.11744,-89.94505,Possible Injury,Pedestrian,Intersection-In Crosswalk,Intersection,Dark-Not Lighted,Not Collision with Motor Vehicle in Transport,Pedestrian,1,True,City of Memphis,,,,,,,1112.697406237535,MYNDERS AVE,39.44862639312838,30.0,2,B,MEMPHIS,SHELBY,3882.627058031619,City of Memphis
300937885,2024-01-28,2024-01-28 12:25:00,2024,1,Sunday,12,35.088028,-89.89613,Suspected Minor Injury,Pedestrian,Intersection-On Roadway Crosswalk Not Available,Intersection,Daylight,Not Collision with Motor Vehicle in Transport,Pedestrian,1,True,City of Memphis,,,,,,,1925.1118547607743,HELENE RD,0.0917333096586743,30.0,2,B,MEMPHIS,SHELBY,561.2543007563843,City of Memphis
300939243,2024-02-03,2024-02-03 19:00:00,2024,2,Saturday,19,35.156513,-90.035866,Possible Injury,Pedestrian,Intersection-Not on Roadway,OtherLocation,Dark-Lighted,Not Collision with Motor Vehicle in Transport,Pedestrian,1,True,TDOT,JACKSON AVE,Principal Arterial,35.0,4.0,14,7.0,4.662758874448873,JACKSON AVE,0.031142895618125,35.0,4,B,MEMPHIS,SHELBY,607.818010772051,TDOT
300942024,2024-02-20,2024-02-20 09:45:00,2024,2,Tuesday,9,35.04483,-90.05732,Suspected Serious Injury,Pedestrian,Intersection-On Roadway Crosswalk Not Available,Intersection-Related,Daylight,Not Collision with Motor Vehicle in Transport,Pedestrian,1,True,City of Memphis,,,,,,,589.6804020122637,E FAIRWAY AVE,6.492848385165231,30.0,2,B,MEMPHIS,SHELBY,3677.421685081179,City of Memphis
300938415,2024-01-30,2024-01-30 21:27:00,2024,1,Tuesday,21,35.00638,-90.02528,Possible Injury,Pedestrian,Not Intersection-On Roadway Not In Crosswalk,AccelDecelLane,Dark-Not Lighted,Other,Other,1,True,TDOT,ELVIS PRESLEY BLVD,Principal Arterial,40.0,5.0,3,3.0,0.0377175879513398,E HOLMES RD,0.0789820631082459,40.0,4,B,MEMPHIS,SHELBY,2055.2998066585496,TDOT
300939087,2024-01-29,2024-01-29 00:00:00,2024,1,Monday,0,35.145138,-90.031746,Possible Injury,Pedestrian,Intersection-On Roadway not in Crosswalk,Intersection,Dark-Not Lighted,Not Collision with Motor Vehicle in Transport,Pedestrian,1,True,City of Memphis,,,,,,,740.9813598882538,POPLAR AVE,34.890435607312114,40.0,7,B,MEMPHIS,SHELBY,556.6954025909816,City of Memphis
300937709,2024-01-26,2024-01-26 21:58:00,2024,1,Friday,21,35.107098,-89.98816,Possible Injury,Pedestrian,Intersection-On Roadway not in Crosswalk,OtherLocation,Dark-Lighted,Not Collision with Motor Vehicle in Transport,Pedestrian,1,True,City of Memphis,,,,,,,63.96653404558528,LAMAR AVE,61.90741737032526,40.0,5,B,MEMPHIS,SHELBY,3340.536835120708,City of Memphis
300941663,2024-02-17,2024-02-17 00:00:00,2024,2,Saturday,99,35.177235,-89.78453,No Injury,Other Non-Motorist,Unknown,Non-Junction,Unknown,Rear to Side,Other,1,True,City of Memphis,,,,,,,767.9350559059461,KINGS TRAIL CV,26.680373027090265,25.0,2,B,MEMPHIS,SHELBY,2061.522695184486,City of Memphis
300941851,2024-02-19,2024-02-19 09:30:00,2024,2,Monday,9,35.150013,-89.965576,Possible Injury,Pedestrian,Not Intersection-Outside Traffic,Non-Junction,Daylight,Not Collision with Motor Vehicle in Transport,Pedestrian,1,True,City of Memphis,,,,,,,44.04257464424372,LESTER ST,36.96924260831789,30.0,2,B,MEMPHIS,SHELBY,4527.6527711679455,City of Memphis
300938173,2024-01-30,2024-01-30 03:43:00,2024,1,Tuesday,3,35.16954,-89.986885,Possible Injury,Pedestrian,Intersection-Unknown,Unknown,Dark-Lighted,Not Collision with Motor Vehicle in Transport,Pedestrian,1,True,City of Memphis,,,,,,,1114.0396314090583,HUNTER AVE,0.2594299494362684,30.0,2,B,MEMPHIS,SHELBY,2507.1367977972855,City of Memphis
300914146,2023-09-30,2023-09-30 01:08:00,2023,9,Saturday,1,35.10479,-89.97786,Suspected Serious Injury,Pedestrian,Intersection-On Roadway Crosswalk Not Available,Intersection,Dark-Lighted,Not Collision with Motor Vehicle in Transport,Pedestrian,1,True,City of Memphis,,,,,,,384.4709813387255,DEADRICK AVE,0.1474343161092665,35.0,2,B,MEMPHIS,SHELBY,3124.1855744412633,City of Memphis
300929665,2023-12-13,2023-12-13 18:07:00,2023,12,Wednesday,18,35.11741,-89.94256,Possible Injury,Pedestrian,Intersection-On Roadway Crosswalk availability Unknown,Intersection,Dark-Lighted,Not Collision with Motor Vehicle in Transport,Pedestrian,1,True,City of Memphis,,,,,,,1058.9094643534395,MYNDERS AVE,35.74145069577835,30.0,2,B,MEMPHIS,SHELBY,3902.6416453039355,City of Memphis
300934493,2024-01-08,2024-01-08 18:00:00,2024,1,Monday,18,35.137287,-90.02113,Unknown,Pedestrian,Not Intersection-On Roadway Not In Crosswalk,AccelDecelLane,Dark-Lighted,Not Collision with Motor Vehicle in Transport,Pedestrian,1,True,TDOT,UNION AVE,Principal Arterial,35.0,6.0,3,6.0,4.647149302009394,UNION AVE,0.0668499760326738,35.0,6,B,MEMPHIS,SHELBY,272.76206552780684,TDOT
300932272,2023-12-26,2023-12-26 17:42:00,2023,12,Tuesday,17,35.10049,-89.8543,Suspected Minor Injury,Pedestrian,Not Intersection-On Roadway Not In Crosswalk,Non-Junction,Dark-Lighted,Not Collision with Motor Vehicle in Transport,Pedestrian,1,True,City of Memphis,,,,,,,53.69253983526922,POPLAR AVE,49.17032125726213,40.0,7,B,MEMPHIS,SHELBY,1439.276887863479,City of Memphis
300935624,2024-01-11,2024-01-11 07:30:00,2024,1,Thursday,7,35.10098,-90.01408,Possible Injury,Pedestrian,Not Intersection-Adjacent to Roadway,Non-Junction,Daylight,Angle,Other,1,True,City of Memphis,,,,,,,417.7739355287391,E PERSON AVE,25.12693242583998,35.0,4,B,MEMPHIS,SHELBY,1267.8260972083992,City of Memphis
300932453,2023-12-24,2023-12-24 21:35:00,2023,12,Sunday,21,35.171764,-90.03605,Possible Injury,Pedestrian,Not Intersection-On Roadway Not In Crosswalk,Intersection,Dark-Lighted,Not Collision with Motor Vehicle in Transport,Pedestrian,1,True,TDOT,THOMAS ST,Minor Arterial,35.0,4.0,3,7.0,0.0557694346714126,ARRINGTON AVE,0.3253598136351789,30.0,2,B,MEMPHIS,SHELBY,1596.0227159534652,TDOT
300930370,2023-12-16,2023-12-16 21:50:00,2023,12,Saturday,21,35.140656,-90.05613,Possible Injury,Pedestrian,Intersection-On Roadway Crosswalk availability Unknown,Intersection,Dark-Lighted,Unknown,Other,1,True,City of Memphis,,,,,,,249.2595429996432,BEALE ST,0.0474599354201634,30.0,3,B,MEMPHIS,SHELBY,1375.4814004142088,City of Memphis
300932015,2023-12-24,2023-12-24 23:50:00,2023,12,Sunday,23,35.055607,-89.85654,Possible Injury,Pedestrian,Not Intersection-On Roadway Not In Crosswalk,SharedUsePathOrTrail,Dark-Unknown Lighting,Not Collision with Motor Vehicle in Transport,Pedestrian,1,True,City of Memphis,,,,,,,1612.1345208291514,RIDGEWAY RD,67.69569431447906,45.0,5,B,MEMPHIS,SHELBY,3721.884636448399,City of Memphis
300932772,2023-12-29,2023-12-29 17:00:00,2023,12,Friday,17,35.073807,-89.94823,Possible Injury,Pedestrian,Intersection-Not on Roadway,Non-Junction,Dark-Lighted,Not Collision with Motor Vehicle in Transport,Pedestrian,1,True,TDOT,LAMAR AVE,Principal Arterial,40.0,7.0,4,4.0,3.452614730096471,LAMAR AVE,0.9327361015168796,40.0,7,B,MEMPHIS,SHELBY,904.7363819234614,TDOT
300930392,2023-12-17,2023-12-17 00:48:00,2023,12,Sunday,0,35.2081,-90.00367,Possible Injury,Pedestrian,Intersection-On Roadway Crosswalk availability Unknown,Non-Junction,Dark-Lighted,Not Collision with Motor Vehicle in Transport,Pedestrian,1,True,City of Memphis,,,,,,,2559.4360761112966,N WATKINS ST,13.077781132356463,40.0,2,B,MEMPHIS,SHELBY,1727.0255856086205,City of Memphis
300940726,2024-02-13,2024-02-13 08:00:00,2024,2,Tuesday,8,35.034355,-90.01449,Possible Injury,Pedestrian,Intersection-In Crosswalk,Intersection,Daylight,Not Collision with Motor Vehicle in Transport,Pedestrian,1,True,City of Memphis,,,,,,,974.578440185156,GRACELAND DR,42.18893174134491,30.0,2,B,MEMPHIS,SHELBY,1085.48733865164,City of Memphis
300935903,2024-01-07,2024-01-07 14:21:00,2024,1,Sunday,14,35.02445,-90.0263,No Injury,Pedestrian,Not Intersection-Unknown,Non-Junction,Daylight,Not Collision with Motor Vehicle in Transport,Other,1,True,City of Memphis,,,,,,,100.30010521839964,BLANCHARD RD,28.830720105825883,30.0,2,B,MEMPHIS,SHELBY,2159.015760606251,City of Memphis
300925149,2023-11-20,2023-11-20 13:00:00,2023,11,Monday,13,35.080994,-90.022575,No Injury,Pedestrian,Not Intersection-Unknown,Non-Junction,Daylight,Not Collision with Motor Vehicle in Transport,Other,1,True,City of Memphis,,,,,,,334.1866037543007,PRATT ST,24.19423516498562,30.0,2,B,MEMPHIS,SHELBY,267.31442502308056,City of Memphis
300931656,2023-12-22,2023-12-22 13:17:00,2023,12,Friday,13,35.166477,-89.95006,Possible Injury,Pedestrian,Not Intersection-Adjacent to Roadway,Non-Junction,Daylight,Not Collision with Motor Vehicle in Transport,Pedestrian,1,True,City of Memphis,,,,,,,43.0205261296424,FARMVILLE AVE,33.117204474832455,30.0,2,B,MEMPHIS,SHELBY,2603.9057683239726,City of Memphis
300937256,2024-01-24,2024-01-24 18:33:00,2024,1,Wednesday,18,35.21021,-90.03286,Possible Injury,Pedestrian,Not Intersection-On Roadway Not In Crosswalk,AccelDecelLane,Dawn,Not Collision with Motor Vehicle in Transport,Pedestrian,1,True,TDOT,THOMAS ST,,40.0,2.0,3,7.0,25.98064099658865,THOMAS ST,27.071196621024857,40.0,2,B,MEMPHIS,SHELBY,2616.7608199331535,TDOT
300936215,2024-01-16,2024-01-16 19:00:00,2024,1,Tuesday,19,35.1721,-89.916954,Possible Injury,Pedestrian,Intersection-On Roadway Crosswalk availability Unknown,Non-Junction,Dark-Not Lighted,Not Collision with Motor Vehicle in Transport,Pedestrian,1,True,City of Memphis,,,,,,,1368.8136026677516,GREY RD,0.03355539385196,30.0,2,B,MEMPHIS,SHELBY,937.509631655104,City of Memphis
300935698,2024-01-13,2024-01-13 10:29:00,2024,1,Saturday,10,35.245056,-90.00627,Suspected Minor Injury,Pedestrian,Intersection-On Roadway not in Crosswalk,Intersection-Related,Daylight,Not Collision with Motor Vehicle in Transport,Pedestrian,1,True,TDOT,N US HIGHWAY 51,Principal Arterial,55.0,2.0,3,7.0,24.216061549771062,N US HIGHWAY 51,4.934403353414655,55.0,2,FT,MEMPHIS,SHELBY,5827.654452270623,TDOT
300929530,2023-12-12,2023-12-12 09:50:00,2023,12,Tuesday,9,35.178947,-90.021279,Possible Injury,Pedestrian,Not Intersection-Adjacent to Roadway,Non-Junction,Daylight,Other,Other,1,True,City of Memphis,,,,,,,1311.9279283110266,BREEDLOVE ST,0.4135705300191401,35.0,2,B,MEMPHIS,SHELBY,284.62537582649145,City of Memphis
300932285,2023-12-26,2023-12-26 18:46:00,2023,12,Tuesday,18,35.05005,-89.86638,Possible Injury,Pedestrian,Intersection-On Roadway not in Crosswalk,Non-Junction,Dusk,Not Collision with Motor Vehicle in Transport,Pedestrian,1,True,City of Memphis,,,,,,,2541.817242461517,WINCHESTER RD,0.0975908360395385,45.0,7,B,MEMPHIS,SHELBY,3967.925014938094,City of Memphis
300931438,2023-12-21,2023-12-21 22:20:00,2023,12,Thursday,22,35.163002,-89.87765,Suspected Serious Injury,Pedestrian,Not Intersection-Adjacent to Roadway,Intersection,Dark-Lighted,Not Collision with Motor Vehicle in Transport,Pedal-cycle,1,True,TDOT,SUMMER AVE,Principal Arterial,45.0,4.0,1,1.0,3.0380368052495803,SUMMER AVE,0.1608352833289896,45.0,4,B,MEMPHIS,SHELBY,414.4456460452489,TDOT
300930743,2023-12-15,2023-12-15 14:15:00,2023,12,Friday,14,35.217148,-89.98453,Unknown,Pedestrian,Intersection-Unknown,Intersection,Daylight,Not Collision with Motor Vehicle in Transport,Pedestrian,1,True,City of Memphis,,,,,,,3416.3062945954066,FRAYSER BLVD,0.0037576567632139,40.0,4,B,MEMPHIS,SHELBY,2742.563531634905,City of Memphis
300935426,2024-01-12,2024-01-12 07:40:00,2024,1,Friday,7,35.050167,-89.88562,Possible Injury,Pedestrian,Intersection-On Roadway Crosswalk availability Unknown,Intersection,Dark-Lighted,Not Collision with Motor Vehicle in Transport,Pedestrian,1,True,City of Memphis,,,,,,,2886.151095406537,WINCHESTER RD,40.5734433832462,45.0,7,B,MEMPHIS,SHELBY,3642.1958316485034,City of Memphis
300929787,2023-12-13,2023-12-13 21:49:00,2023,12,Wednesday,21,35.11906,-89.94067,Possible Injury,Pedestrian,Intersection-In Crosswalk,Intersection,Dark-Not Lighted,Not Collision with Motor Vehicle in Transport,Pedestrian,1,True,City of Memphis,,,,,,,839.0854176111608,MIDLAND AVE,0.2758074117991055,35.0,2,B,MEMPHIS,SHELBY,4109.393836745777,City of Memphis
300909242,2023-09-05,2023-09-05 20:00:00,2023,9,Tuesday,20,35.26113,-89.927155,No Injury,Pedestrian,Unknown,Non-Junction,Dark-Lighted,Not Collision with Motor Vehicle in Transport,Other,1,True,City of Memphis,,,,,,,4059.6100440801592,KINARD CV,31.17520577528488,25.0,2,B,MEMPHIS,SHELBY,7579.020432393933,City of Memphis
300931181,2023-12-20,2023-12-20 20:08:00,2023,12,Wednesday,20,35.18957,-89.92806,Suspected Serious Injury,Pedestrian,Not Intersection-On Roadway Not In Crosswalk,Non-Junction,Dark-Lighted,Not Collision with Motor Vehicle in Transport,Pedestrian,1,True,City of Memphis,,,,,,,37.76091773339388,JACKSON AVE,40.57588833400592,40.0,7,B,MEMPHIS,SHELBY,334.54214475222994,City of Memphis
300932221,2023-12-22,2023-12-22 08:15:00,2023,12,Friday,8,35.079124,-90.01563,Possible Injury,Pedestrian,Intersection-On Roadway Crosswalk Not Available,Unknown,Daylight,Not Collision with Motor Vehicle in Transport,Pedestrian,1,True,City of Memphis,,,,,,,325.04645238011415,RALSTON AVE,22.81945478597049,30.0,2,B,MEMPHIS,SHELBY,758.9300372101397,City of Memphis
300930678,2023-12-17,2023-12-17 20:30:00,2023,12,Sunday,20,35.090458,-89.93107,Possible Injury,Pedestrian,Not Intersection-On Roadway Not In Crosswalk,AccelDecelLane,Dark-Lighted,Not Collision with Motor Vehicle in Transport,Pedestrian,1,True,City of Memphis,,,,,,,1107.022776410411,GETWELL RD,1.5171754370009225,40.0,5,B,MEMPHIS,SHELBY,1135.735048614639,City of Memphis
300935626,2024-01-13,2024-01-13 05:45:00,2024,1,Saturday,5,35.051266,-90.00558,Possible Injury,Pedestrian,Intersection-In Crosswalk,AccelDecelLane,Dark-Lighted,Not Collision with Motor Vehicle in Transport,Pedestrian,1,True,City of Memphis,,,,,,,1776.59398692768,COMMONWEALTH DR,16.52215629228865,30.0,2,B,MEMPHIS,SHELBY,454.3260284253279,City of Memphis
300922681,2023-11-08,2023-11-08 20:42:00,2023,11,Wednesday,20,35.143936,-89.89806,Fatal,Pedestrian,Not Intersection-On Roadway Not In Crosswalk,Non-Junction,Dark-Lighted,Not Collision with Motor Vehicle in Transport,Pedestrian,1,True,City of Memphis,,,,,,,518.693932547081,N MENDENHALL RD,2.0115758813047706,40.0,4,B,MEMPHIS,SHELBY,1385.5887338132507,City of Memphis
300930135,2023-12-15,2023-12-15 18:17:00,2023,12,Friday,18,35.006474,-89.98989,Suspected Serious Injury,Pedestrian,Not Intersection-On Roadway Crosswalk not Available,AccelDecelLane,Dark-Lighted,Not Collision with Motor Vehicle in Transport,Pedestrian,1,True,City of Memphis,,,,,,,1621.0658323129048,E HOLMES RD,0.0737450282028369,40.0,2,B,MEMPHIS,SHELBY,1154.0315262422805,City of Memphis
300929636,2023-12-12,2023-12-12 18:00:00,2023,12,Tuesday,18,35.0687,-89.98752,Possible Injury,Pedestrian,Intersection-On Roadway not in Crosswalk,Intersection,Dark-Lighted,Not Collision with Motor Vehicle in Transport,Pedestrian,1,True,City of Memphis,,,,,,,2993.713055209326,DEMOCRAT RD,0.1381165683334524,35.0,7,B,MEMPHIS,SHELBY,840.4666849545151,City of Memphis
300933726,2024-01-05,2024-01-05 06:40:00,2024,1,Friday,6,35.21489,-89.894775,Possible Injury,Pedestrian,Intersection-In Crosswalk,Intersection,Daylight,Not Collision with Motor Vehicle in Transport,Pedestrian,1,True,City of Memphis,,,,,,,34.38198410063715,CRAIGMONT DR,32.08515750614878,35.0,2,B,MEMPHIS,SHELBY,3460.9452752453312,City of Memphis
300898436,2023-07-13,2023-07-13 00:52:00,2023,7,Thursday,0,35.20091,-89.912476,Fatal,Pedestrian,Not Intersection-On Roadway Not In Crosswalk,Non-Junction,Dark-Lighted,Not Collision with Motor Vehicle in Transport,Pedestrian,1,True,City of Memphis,,,,,,,566.0014016248258,RALEIGH LAGRANGE RD,0.2101342772518869,35.0,4,B,MEMPHIS,SHELBY,1247.9697016446216,City of Memphis
300935901,2024-01-14,2024-01-14 05:00:00,2024,1,Sunday,5,35.09865,-89.91224,Possible Injury,Pedestrian,Intersection-In Crosswalk,Intersection,Dark-Not Lighted,Not Collision with Motor Vehicle in Transport,Pedestrian,1,True,City of Memphis,,,,,,,1976.3983991726725,FAIR MEADOW RD,0.8898696834286746,30.0,2,B,MEMPHIS,SHELBY,2235.435244228696,City of Memphis
300930948,2023-12-18,2023-12-18 21:40:00,2023,12,Monday,21,35.140484,-89.98288,Suspected Minor Injury,Pedestrian,Intersection-On Roadway not in Crosswalk,Intersection-Related,Dark-Lighted,Other,Other,1,True,TDOT,E PARKWAY,Principal Arterial,40.0,3.0,277,5.0,3.423257971540267,E PARKWAY N,0.1030574163878771,40.0,3,TF,MEMPHIS,SHELBY,3626.2746782050294,TDOT
300926176,2023-11-24,2023-11-24 09:22:00,2023,11,Friday,9,35.086906,-89.92768,Fatal,Pedestrian,Not Intersection-On Roadway Crosswalk not Available,Non-Junction,Daylight,Not Collision with Motor Vehicle in Transport,Pedestrian,1,True,City of Memphis,,,,,,,785.625029119235,NEW WILLOW RD,28.5567411369534,35.0,2,B,MEMPHIS,SHELBY,800.9991603893485,City of Memphis
300941070,2024-02-14,2024-02-14 16:10:00,2024,2,Wednesday,16,35.0104,-90.02526,Possible Injury,Pedestrian,Intersection-On Roadway not in Crosswalk,Intersection-Related,Daylight,Not Collision with Motor Vehicle in Transport,Pedestrian,1,True,TDOT,ELVIS PRESLEY BLVD,Principal Arterial,40.0,5.0,3,3.0,0.2563123780858887,HESTER RD,0.1498697098748787,35.0,2,B,MEMPHIS,SHELBY,2055.8659777333164,TDOT
300940514,2024-02-11,2024-02-11 18:07:00,2024,2,Sunday,18,35.219906,-89.97871,Suspected Serious Injury,Pedestrian,Intersection-On Roadway Crosswalk availability Unknown,Intersection,Daylight,Not Collision with Motor Vehicle in Transport,Pedestrian,1,True,City of Memphis,,,,,,,3673.4482611602807,FRAYSER BLVD,0.3733473805879249,40.0,4,B,MEMPHIS,SHELBY,3086.3475656783253,City of Memphis
300939622,2024-02-06,2024-02-06 13:51:00,2024,2,Tuesday,13,35.206627,-89.90824,Possible Injury,Pedestrian,Intersection-On Roadway not in Crosswalk,Intersection,Daylight,Not Collision with Motor Vehicle in Transport,Pedestrian,1,True,TDOT,STAGE RD,Principal Arterial,45.0,6.0,15,1.0,4.60833579809602,ROBBIEDON ST,0.0064212700911883,30.0,2,B,MEMPHIS,SHELBY,1989.897111394805,TDOT
300938545,2024-01-31,2024-01-31 19:36:00,2024,1,Wednesday,19,35.099407,-89.93087,Possible Injury,Pedestrian,Intersection-In Crosswalk,Intersection,Dark-Lighted,Not Collision with Motor Vehicle in Transport,Pedestrian,1,True,City of Memphis,,,,,,,2100.043579057687,RHODES AVE,0.2033120850265409,35.0,4,B,MEMPHIS,SHELBY,2116.0837186862227,City of Memphis
300927558,2023-12-02,2023-12-02 23:54:00,2023,12,Saturday,23,35.208508,-89.99435,Fatal,Pedestrian,Not Intersection-Other Not On Roadway,Intersection,Dark-Lighted,Not Collision with Motor Vehicle in Transport,Other,2,True,City of Memphis,,,,,,,3228.4219772857978,OVERTON CROSSING ST,9.621888473208145,40.0,2,B,MEMPHIS,SHELBY,1726.8128221497836,City of Memphis
300937595,2024-01-26,2024-01-26 18:00:00,2024,1,Friday,18,35.082268,-89.97191,Suspected Minor Injury,Pedestrian,Not Intersection-Bike Path,OtherLocation,Dark-Lighted,Not Collision with Motor Vehicle in Transport,Pedestrian,1,True,City of Memphis,,,,,,,943.0101409274782,PENDLETON ST,0.6789040301589698,35.0,2,B,MEMPHIS,SHELBY,579.2659533746984,City of Memphis
300940372,2024-02-11,2024-02-11 02:05:00,2024,2,Sunday,2,35.115723,-89.96846,No Injury,Other Non-Motorist,Unknown,OtherLocation,Dark-Not Lighted,Not Collision with Motor Vehicle in Transport,Other,1,True,City of Memphis,,,,,,,1460.6038515055654,SOUTHERN AVE,15.057768932576655,35.0,3,B,MEMPHIS,SHELBY,4023.341999007929,City of Memphis
300940554,2024-02-12,2024-02-12 11:28:00,2024,2,Monday,11,35.030006,-90.02422,Possible Injury,Pedestrian,Not Intersection-Other Not On Roadway,Non-Junction,Daylight,Not Collision with Motor Vehicle in Transport,Pedestrian,1,True,City of Memphis,,,,,,,87.68376938295765,FINLEY RD,29.933116670414964,35.0,2,B,MEMPHIS,SHELBY,1972.5561496135288,City of Memphis
300938377,2024-01-30,2024-01-30 00:00:00,2024,1,Tuesday,99,35.13146,-90.02999,Unknown,Other Non-Motorist,Intersection-Unknown,AccelDecelLane,Unknown,Angle,Other,1,True,City of Memphis,,,,,,,43.14217674252114,E E H CRUMP BLVD,38.51633784143005,40.0,7,B,MEMPHIS,SHELBY,534.637519812126,City of Memphis
300966598,2024-07-17,2024-07-17 07:20:00,2024,7,Wednesday,7,35.1367,-90.019356,Possible Injury,Pedestrian,Intersection-In Crosswalk,Unknown,Daylight,Not Collision with Motor Vehicle in Transport,Pedestrian,1,True,City of Memphis,,,,,,,49.9393679026489,UNION AVE,45.3576703572038,35.0,6,B,MEMPHIS,SHELBY,434.958413699305,City of Memphis
300966573,2024-07-17,2024-07-17 00:00:00,2024,7,Wednesday,99,35.138954,-90.0459,Suspected Serious Injury,Pedestrian,Intersection-In Crosswalk,Intersection,Unknown,Not Collision with Motor Vehicle in Transport,Pedestrian,1,True,TDOT,S DANNY THOMAS BLVD,Principal Arterial,35.0,4.0,1,6.0,0.7020976176451253,BEALE ST,0.1919867609931346,35.0,2,B,MEMPHIS,SHELBY,1428.2520595634019,TDOT
300858189,2023-01-01,2023-01-01 10:08:00,2023,1,Sunday,10,35.08672,-89.931175,Suspected Serious Injury,Pedestrian,Intersection-In Crosswalk,Intersection,Daylight,Not Collision with Motor Vehicle in Transport,Pedestrian,1,True,City of Memphis,,,,,,,692.2017551267472,ELLISTON RD,0.3785896588862153,35.0,3,B,MEMPHIS,SHELBY,725.8254707309784,City of Memphis
300861245,2023-01-16,2023-01-16 19:03:00,2023,1,Monday,19,35.05556,-90.07048,Suspected Serious Injury,Pedestrian,Intersection-In Crosswalk,Intersection,Dark-Lighted,Not Collision with Motor Vehicle in Transport,Pedestrian,1,True,City of Memphis,,,,,,,934.9515191900808,W MITCHELL RD,0.4728844667474702,35.0,2,B,MEMPHIS,SHELBY,2661.5290316877804,City of Memphis
300858766,2023-01-04,2023-01-04 00:00:00,2023,1,Wednesday,0,35.209473,-90.032715,Suspected Serious Injury,Pedestrian,Intersection-On Roadway not in Crosswalk,Non-Junction,Dark-Not Lighted,Not Collision with Motor Vehicle in Transport,Pedestrian,1,True,TDOT,THOMAS ST,,40.0,2.0,3,7.0,0.6292259866229746,WHITNEY AVE,0.1330750336933865,35.0,2,B,MEMPHIS,SHELBY,2542.7570015752744,TDOT
300859362,2023-01-06,2023-01-06 16:45:00,2023,1,Friday,16,35.0261,-90.00753,Possible Injury,Pedestrian,Not Intersection-On Roadway Not In Crosswalk,AccelDecelLane,Daylight,Not Collision with Motor Vehicle in Transport,Pedestrian,3,True,City of Memphis,,,,,,,558.3440889298786,MILL STREAM DR,0.2535245695473865,30.0,2,B,MEMPHIS,SHELBY,446.9986514477994,City of Memphis
300860362,2023-01-11,2023-01-11 19:58:00,2023,1,Wednesday,19,35.1757,-89.89697,Suspected Serious Injury,Pedestrian,Not Intersection-On Roadway Crosswalk not Available,AccelDecelLane,Dark-Not Lighted,Not Collision with Motor Vehicle in Transport,Pedestrian,1,True,TDOT,COVINGTON PIKE,Principal Arterial,45.0,2.0,204,1.0,1.1044918422735586,COVINGTON PIKE,0.0837183260589635,45.0,2,FT,MEMPHIS,SHELBY,796.7047882581392,TDOT
300860817,2023-01-12,2023-01-12 14:00:00,2023,1,Thursday,14,35.151516,-89.89816,No Injury,Other Non-Motorist,Intersection-Unknown,Intersection,Daylight,Not Collision with Motor Vehicle in Transport,Other,1,True,City of Memphis,,,,,,,319.54508317285246,BOWEN AVE,21.009254705996405,30.0,2,B,MEMPHIS,SHELBY,747.4773160047978,City of Memphis
300861535,2023-01-18,2023-01-18 09:20:00,2023,1,Wednesday,9,35.086098,-89.9416,Possible Injury,Pedestrian,Unknown,Non-Junction,Daylight,Not Collision with Motor Vehicle in Transport,Other,2,True,City of Memphis,,,,,,,1126.9386984714083,SHARPE AVE,20.70109216611673,35.0,2,B,MEMPHIS,SHELBY,493.1783154861252,City of Memphis