MstrRecNbrTxt,CollisionDate,CollisionDteTime,YearNmb,Month,DayOfWeek,Hour,Latitude,Longitude,InjuryClass,PersonType,NonMotoristLocation,RelationToJunction,LightCondition,MannerOfCollision,FirstHarmfulEvent,VictimsInCrash,InMemphis,Jurisdiction,StateRoute_NAME,StateRoute_F_System,StateRoute_SPDLIMIT,StateRoute_LANES,StateRoute_ALTNAME_1,StateRoute_Council_District,DistToStateRoute_m,Street_Name,DistToStreet_m,Street_SPDLIMIT,Street_LANES,Street_ONEWAY,Street_CITY_L,Street_COUNTY_L,DistToInterstate_m,Jurisdiction_prev
300858269,2023-01-01,2023-01-01 21:41:00,2023,1,Sunday,21,35.02959,-90.01794,Possible Injury,Pedestrian,Not Intersection-On Roadway Not In Crosswalk,AccelDecelLane,Dark-Not Lighted,Not Collision with Motor Vehicle in Transport,Pedestrian,1,True,City of Memphis,,,,,,,660.7740506685059,FINLEY RD,21.99465774787,35.0,2,B,MEMPHIS,SHELBY,1399.2147430003358,City of Memphis
300860889,2023-01-14,2023-01-14 16:05:00,2023,1,Saturday,16,35.136528,-90.05566,Possible Injury,Pedestrian,Intersection-In Crosswalk,Intersection-Related,Daylight,Not Collision with Motor Vehicle in Transport,Pedestrian,1,True,TDOT,S SECOND ST,Minor Arterial,35.0,2.0,14,6.0,2.225379684998678,VANCE AVE,0.4115495671458486,30.0,3,B,MEMPHIS,SHELBY,1625.7550817313258,TDOT
300859928,2023-01-09,2023-01-09 12:40:00,2023,1,Monday,12,35.066715,-89.83936,Possible Injury,Pedestrian,Not Intersection-Adjacent to Roadway,SharedUsePathOrTrail,Daylight,Not Collision with Motor Vehicle in Transport,Pedestrian,1,True,City of Memphis,,,,,,,201.20335225416704,QUINCE RD,5.450015157916999,45.0,3,B,MEMPHIS,SHELBY,3792.0335592303895,City of Memphis
300859924,2023-01-09,2023-01-09 15:52:00,2023,1,Monday,15,35.04934,-89.88578,No Injury,Pedestrian,Not Intersection-On Roadway Not In Crosswalk,AccelDecelLane,Daylight,Not Collision with Motor Vehicle in Transport,Pedestrian,1,True,City of Memphis,,,,,,,2814.336269720558,S MENDENHALL RD,42.31899446200711,45.0,7,B,MEMPHIS,SHELBY,3718.9626674716005,City of Memphis
300861083,2023-01-15,2023-01-15 03:04:00,2023,1,Sunday,3,35.19199,-90.007965,Possible Injury,Pedestrian,Not Intersection-Unknown,Unknown,Dark-Not Lighted,Not Collision with Motor Vehicle in Transport,Pedestrian,1,True,City of Memphis,,,,,,,2466.161931690003,N WATKINS ST,0.1967875825235923,50.0,5,B,MEMPHIS,SHELBY,0.24993636951640416,City of Memphis
300861622,2023-01-16,2023-01-16 20:10:00,2023,1,Monday,20,35.085697,-89.90716,Suspected Serious Injury,Pedestrian,Intersection-On Roadway Crosswalk Not Available,Non-Junction,Dark-Lighted,Front to Rear,Other,1,True,City of Memphis,,,,,,,2276.627329521661,WILLOW RD,0.1848576941043426,35.0,2,B,MEMPHIS,SHELBY,738.2537410158593,City of Memphis
300859656,2023-01-07,2023-01-07 19:40:00,2023,1,Saturday,19,35.099323,-89.84542,Possible Injury,Pedestrian,Intersection-On Roadway Crosswalk availability Unknown,Intersection,Dark-Lighted,Not Collision with Motor Vehicle in Transport,Pedestrian,2,True,TDOT,POPLAR AVE,Principal Arterial,40.0,7.0,57,2.0,3.628257374104553,POPLAR AVE,0.8959596712463712,40.0,7,B,MEMPHIS,SHELBY,2249.79965644604,TDOT
300859667,2023-01-07,2023-01-07 18:55:00,2023,1,Saturday,18,35.033012,-90.02144,Possible Injury,Pedestrian,Intersection-On Roadway Crosswalk Not Available,Intersection,Dark-Not Lighted,Not Collision with Motor Vehicle in Transport,Pedestrian,1,True,City of Memphis,,,,,,,340.6193832990594,WESLEY DR,70.68336639177299,30.0,2,B,MEMPHIS,SHELBY,1720.7512883059076,City of Memphis
300858949,2023-01-04,2023-01-04 15:10:00,2023,1,Wednesday,15,35.11676,-90.03054,Possible Injury,Pedestrian,Not Intersection-On Roadway Crosswalk not Available,SharedUsePathOrTrail,Daylight,Not Collision with Motor Vehicle in Transport,Pedestrian,1,True,City of Memphis,,,,,,,816.8513402500489,SAXON AVE,17.628570194277277,30.0,2,B,MEMPHIS,SHELBY,275.1770831961038,City of Memphis
300859466,2023-01-07,2023-01-07 00:03:00,2023,1,Saturday,0,35.14826,-90.043564,Possible Injury,Pedestrian,Intersection-On Roadway Crosswalk availability Unknown,Intersection,Dark-Lighted,Not Collision with Motor Vehicle in Transport,Pedestrian,1,True,TDOT,N DANNY THOMAS BLVD,Principal Arterial,35.0,7.0,1,7.0,1.394637586416222,POPLAR AVE,0.1784069839519049,35.0,5,B,MEMPHIS,SHELBY,377.4169958322586,TDOT
300858660,2023-01-02,2023-01-02 22:45:00,2023,1,Monday,22,35.234222,-89.925735,Suspected Serious Injury,Pedestrian,Not Intersection-On Roadway Not In Crosswalk,Intersection,Dark-Lighted,Not Collision with Motor Vehicle in Transport,Pedestrian,1,True,City of Memphis,,,,,,,2082.2673527234174,RALEIGH MILLINGTON RD,0.1658858623874169,45.0,5,B,MEMPHIS,SHELBY,4594.55851399083,City of Memphis
300860961,2023-01-14,2023-01-14 18:35:00,2023,1,Saturday,18,35.06228,-89.88635,Possible Injury,Pedestrian,Not Intersection-On Roadway Not In Crosswalk,Intersection,Dark-Lighted,Not Collision with Motor Vehicle in Transport,Pedestrian,1,True,City of Memphis,,,,,,,2241.208860032168,KNIGHT ARNOLD RD,39.0363084419034,40.0,4,B,MEMPHIS,SHELBY,2398.138223378221,City of Memphis
300860031,2023-01-03,2023-01-03 12:00:00,2023,1,Tuesday,12,35.077984,-90.02098,No Injury,Other Non-Motorist,Unknown,Non-Junction,Daylight,Not Collision with Motor Vehicle in Transport,Other,1,True,City of Memphis,,,,,,,129.39967633500132,E ALCY RD,16.149314038032713,35.0,2,B,MEMPHIS,SHELBY,417.33772373653153,City of Memphis
300860549,2023-01-12,2023-01-12 20:20:00,2023,1,Thursday,20,35.06016,-89.84379,Possible Injury,Pedestrian,Intersection-In Crosswalk,Intersection-Related,Dark-Not Lighted,Not Collision with Motor Vehicle in Transport,Pedestrian,1,True,City of Memphis,,,,,,,561.9511437540904,KNIGHT ARNOLD RD,0.5733442793000103,40.0,7,B,MEMPHIS,SHELBY,3983.8627478816015,City of Memphis
300859497,2023-01-07,2023-01-07 17:54:00,2023,1,Saturday,17,35.048244,-90.082054,Unknown,Pedestrian,Intersection-Unknown,Intersection,Dark-Lighted,Not Collision with Motor Vehicle in Transport,Pedestrian,1,True,City of Memphis,,,,,,,1525.0835637264802,FORD RD,34.95430274269159,30.0,2,B,MEMPHIS,SHELBY,3660.975159798582,City of Memphis
300860561,2023-01-11,2023-01-11 20:00:00,2023,1,Wednesday,20,35.055153,-89.856476,Possible Injury,Pedestrian,Intersection-On Roadway Crosswalk Not Available,Non-Junction,Dawn,Not Collision with Motor Vehicle in Transport,Pedestrian,1,True,City of Memphis,,,,,,,1655.883407422349,VILLAGE GREEN LN,67.3608029180101,25.0,2,B,MEMPHIS,SHELBY,3769.36676152683,City of Memphis
300864771,2023-02-02,2023-02-02 22:00:00,2023,2,Thursday,22,35.046165,-90.0574,No Injury,Pedestrian,Not Intersection-Other Not On Roadway,Unknown,Unknown,Not Collision with Motor Vehicle in Transport,Other,1,True,City of Memphis,,,,,,,523.3576985314311,MARTY ST,22.00239693341322,30.0,2,B,MEMPHIS,SHELBY,3572.972594961751,City of Memphis
300863294,2023-01-26,2023-01-26 18:44:00,2023,1,Thursday,18,35.221054,-89.96052,Possible Injury,Pedestrian,Intersection-On Roadway not in Crosswalk,Intersection,Dawn,Not Collision with Motor Vehicle in Transport,Pedestrian,1,True,City of Memphis,,,,,,,3781.1973868579175,FRAYSER RALEIGH RD,0.1778811969004603,30.0,2,B,MEMPHIS,SHELBY,3335.9501888463374,City of Memphis
300867899,2023-02-18,2023-02-18 19:47:00,2023,2,Saturday,19,35.128242,-90.06182,Possible Injury,Pedestrian,Intersection-In Crosswalk,Intersection,Dark-Lighted,Not Collision with Motor Vehicle in Transport,Pedestrian,1,True,City of Memphis,,,,,,,394.4880919390047,W CAROLINA AVE,0.2491862420794517,30.0,2,B,MEMPHIS,SHELBY,578.219016936671,City of Memphis
300862283,2023-01-21,2023-01-21 19:47:00,2023,1,Saturday,19,35.13463,-90.04869,Possible Injury,Pedestrian,Not Intersection-Bike Path,AccelDecelLane,Dark-Lighted,Not Collision with Motor Vehicle in Transport,Pedestrian,1,True,City of Memphis,,,,,,,191.3513972480338,FOOTE PARK PL,0.2291092473891776,25.0,2,B,MEMPHIS,SHELBY,1946.714336743157,City of Memphis
300866809,2023-02-12,2023-02-12 21:03:00,2023,2,Sunday,21,35.16381,-90.0092,Possible Injury,Pedestrian,Intersection-On Roadway Crosswalk Not Available,AccelDecelLane,Unknown,Not Collision with Motor Vehicle in Transport,Pedestrian,1,True,City of Memphis,,,,,,,538.558759825263,GARLAND ST,23.83733268125957,30.0,2,B,MEMPHIS,SHELBY,875.6893125779735,City of Memphis
300862071,2023-01-20,2023-01-20 17:00:00,2023,1,Friday,17,35.061424,-90.023605,Possible Injury,Pedestrian,Intersection-In Crosswalk,Intersection,Dusk,Not Collision with Motor Vehicle in Transport,Pedestrian,1,True,TDOT,ELVIS PRESLEY BLVD,Principal Arterial,40.0,6.0,3,6.0,1.8898952635722013,ELVIS PRESLEY BLVD,0.7930746933887426,40.0,6,B,MEMPHIS,SHELBY,186.9713501172393,TDOT
300868423,2023-02-21,2023-02-21 09:40:00,2023,2,Tuesday,9,35.124565,-89.90786,Possible Injury,Pedestrian,Not Intersection-Adjacent to Roadway,Intersection,Daylight,Not Collision with Motor Vehicle in Transport,Pedestrian,1,True,City of Memphis,,,,,,,728.9457465197739,WOODMONT DR,6.227763191468708,30.0,2,B,MEMPHIS,SHELBY,3570.763718398232,City of Memphis
300867695,2023-02-17,2023-02-17 19:00:00,2023,2,Friday,19,35.06423,-89.845,Suspected Serious Injury,Pedestrian,Not Intersection-On Roadway Not In Crosswalk,Non-Junction,Dawn,Not Collision with Motor Vehicle in Transport,Pedestrian,1,True,City of Memphis,,,,,,,307.4659022126441,MOUNT MORIAH ROAD EXT,6.727475749345917,45.0,5,B,MEMPHIS,SHELBY,3583.4970020590954,City of Memphis
300863323,2023-01-26,2023-01-26 22:40:00,2023,1,Thursday,22,35.010193,-90.00763,No Injury,Pedestrian,Not Intersection-Unknown,Intersection-Related,Dark-Not Lighted,Angle,Other,1,True,City of Memphis,,,,,,,1206.144714158184,HESTER RD,0.1181928535607565,30.0,2,B,MEMPHIS,SHELBY,446.47537277977483,City of Memphis
300867946,2023-02-19,2023-02-19 00:20:00,2023,2,Sunday,0,35.15307,-89.88861,Suspected Serious Injury,Pedestrian,Intersection-Unknown,Intersection,Dark-Lighted,Not Collision with Motor Vehicle in Transport,Pedestrian,1,True,TDOT,SUMMER AVE,Principal Arterial,40.0,7.0,1,5.0,2.9276120819423816,N WHITE STATION RD,0.0447245129595817,40.0,5,B,MEMPHIS,SHELBY,57.8519527931337,TDOT
300862832,2023-01-24,2023-01-24 16:05:00,2023,1,Tuesday,16,35.02104,-89.98982,Unknown,Pedestrian,Intersection-On Roadway not in Crosswalk,Intersection,Daylight,Not Collision with Motor Vehicle in Transport,Pedestrian,1,True,TDOT,E SHELBY DR,Principal Arterial,40.0,7.0,175,3.0,5.227872065291814,AIRWAYS BLVD,0.3459765280279479,45.0,7,B,MEMPHIS,SHELBY,1151.1245641412863,TDOT
300862344,2023-01-22,2023-01-22 01:30:00,2023,1,Sunday,1,35.083305,-90.01855,Possible Injury,Pedestrian,Not Intersection-On Roadway Not In Crosswalk,Intersection,Dark-Lighted,Not Collision with Motor Vehicle in Transport,Pedestrian,1,True,TDOT,ELVIS PRESLEY BLVD,Minor Arterial,40.0,4.0,3,6.0,0.0251714708775897,NORRIS RD,0.124507636430282,40.0,4,B,MEMPHIS,SHELBY,630.7433470096478,TDOT
300861852,2023-01-18,2023-01-18 17:32:00,2023,1,Wednesday,17,35.085995,-89.96237,Possible Injury,Pedestrian,Intersection-On Roadway Crosswalk availability Unknown,Intersection-Related,Dark-Not Lighted,Not Collision with Motor Vehicle in Transport,Pedestrian,1,True,TDOT,LAMAR AVE,Principal Arterial,40.0,5.0,4,4.0,3.295591924564537,SEMMES ST,0.2076480421632787,30.0,5,B,MEMPHIS,SHELBY,791.959189189456,TDOT
300862589,2023-01-23,2023-01-23 08:00:00,2023,1,Monday,8,35.057922,-90.08071,Suspected Minor Injury,Other Non-Motorist,Unknown,AccelDecelLane,Daylight,Not Collision with Motor Vehicle in Transport,Pedestrian,2,True,City of Memphis,,,,,,,1901.08691518126,FORD RD,11.837558977411094,35.0,2,B,MEMPHIS,SHELBY,2605.3159628593703,City of Memphis
300867963,2023-02-16,2023-02-16 18:00:00,2023,2,Thursday,18,35.145138,-90.031746,Possible Injury,Pedestrian,Intersection-Unknown,Unknown,Unknown,Unknown,Other,1,True,City of Memphis,,,,,,,740.9813598882538,POPLAR AVE,34.890435607312114,40.0,7,B,MEMPHIS,SHELBY,556.6954025909816,City of Memphis
300862887,2023-01-23,2023-01-23 17:48:00,2023,1,Monday,17,35.062195,-89.85703,Suspected Serious Injury,Pedestrian,Intersection-In Crosswalk,Intersection,Dawn,Not Collision with Motor Vehicle in Transport,Pedestrian,1,True,City of Memphis,,,,,,,961.0805311888058,BELLE FOREST DR,0.9940387012963888,30.0,2,B,MEMPHIS,SHELBY,3064.999370638643,City of Memphis
300867496,2023-02-16,2023-02-16 18:10:00,2023,2,Thursday,18,35.158142,-90.01176,Suspected Minor Injury,Pedestrian,Intersection-On Roadway not in Crosswalk,AccelDecelLane,Dark-Not Lighted,Not Collision with Motor Vehicle in Transport,Pedestrian,1,True,TDOT,JACKSON AVE,Principal Arterial,35.0,4.0,14,7.0,4.859198920868163,JACKSON AVE,0.2519102505700054,35.0,4,B,MEMPHIS,SHELBY,765.9893584301956,TDOT
300864461,2023-01-21,2023-01-21 23:19:00,2023,1,Saturday,23,35.083454,-90.02569,Possible Injury,Pedestrian,Not Intersection-Adjacent to Roadway,Entrance/Exit Ramp Related,Dark-Not Lighted,Not Collision with Motor Vehicle in Transport,Pedestrian,1,True,City of Memphis,,,,,,,649.8630810088302,NORRIS RD,0.2932612253290505,40.0,5,B,MEMPHIS,SHELBY,0.9404137214988678,City of Memphis
300862673,2023-01-23,2023-01-23 19:30:00,2023,1,Monday,19,35.21309,-90.00359,Possible Injury,Pedestrian,Intersection-In Crosswalk,Intersection,Dark-Lighted,Not Collision with Motor Vehicle in Transport,Pedestrian,1,True,City of Memphis,,,,,,,2247.451389385403,N WATKINS ST,1.4001628901699723,40.0,5,B,MEMPHIS,SHELBY,2275.8025888274424,City of Memphis
300862268,2023-01-21,2023-01-21 15:50:00,2023,1,Saturday,15,35.20146,-90.007744,Suspected Minor Injury,Pedestrian,Not Intersection-On Roadway Not In Crosswalk,Intersection-Related,Daylight,Angle,Other,1,True,City of Memphis,,,,,,,2386.9006571963864,OBERLE AVE,0.5646018125836212,30.0,2,B,MEMPHIS,SHELBY,1040.6610549576765,City of Memphis
300865750,2023-02-08,2023-02-08 00:20:00,2023,2,Wednesday,0,35.0533,-89.99128,Suspected Serious Injury,Pedestrian,Not Intersection-On Roadway Not In Crosswalk,Non-Junction,Dark-Lighted,Not Collision with Motor Vehicle in Transport,Pedestrian,1,True,City of Memphis,,,,,,,3069.11200772196,WINCHESTER RD,0.2430555409906003,40.0,7,B,MEMPHIS,SHELBY,1704.4554961295946,City of Memphis
300866299,2023-02-10,2023-02-10 14:21:00,2023,2,Friday,14,35.021023,-90.00753,Possible Injury,Pedestrian,Intersection-Not on Roadway,Intersection,Daylight,Angle,Other,1,True,TDOT,E SHELBY DR,Minor Arterial,40.0,7.0,175,3.0,4.9301821433886985,MILLBRANCH RD,0.1033145587826636,40.0,7,B,MEMPHIS,SHELBY,443.5819956154202,TDOT
300864254,2023-01-30,2023-01-30 20:40:00,2023,1,Monday,20,35.1069,-90.02119,Suspected Minor Injury,Pedestrian,Not Intersection-On Roadway Crosswalk Availability Unknown,Intersection,Dark-Lighted,Not Collision with Motor Vehicle in Transport,Pedestrian,1,True,TDOT,ELVIS PRESLEY BLVD,Minor Arterial,40.0,4.0,3,4.0,1.141694593314018,KERR AVE,0.0553073224608662,35.0,3,B,MEMPHIS,SHELBY,720.0232025496615,TDOT
300864280,2023-01-28,2023-01-28 14:35:00,2023,1,Saturday,14,35.0133,-90.09468,Fatal,Pedestrian,Not Intersection-On Roadway Not In Crosswalk,Non-Junction,Daylight,Not Collision with Motor Vehicle in Transport,Pedestrian,1,True,City of Memphis,,,,,,,50.20447705933964,S THIRD ST,47.08365754510185,45.0,4,B,MEMPHIS,SHELBY,7705.416347956987,City of Memphis
300863500,2023-01-27,2023-01-27 19:13:00,2023,1,Friday,19,35.09297,-89.93103,Suspected Serious Injury,Pedestrian,Intersection-On Roadway not in Crosswalk,AccelDecelLane,Dark-Lighted,Not Collision with Motor Vehicle in Transport,Pedestrian,1,True,City of Memphis,,,,,,,1385.7381949584856,KIMBALL AVE,0.3529840027682116,40.0,2,B,MEMPHIS,SHELBY,1410.5449056710463,City of Memphis
300866060,2023-02-08,2023-02-08 19:00:00,2023,2,Wednesday,19,35.106213,-89.969765,Possible Injury,Pedestrian,Intersection-On Roadway not in Crosswalk,Non-Junction,Dark-Lighted,Not Collision with Motor Vehicle in Transport,Pedestrian,1,True,City of Memphis,,,,,,,913.2343312236668,SELECT AVE,0.1283205971197779,30.0,2,B,MEMPHIS,SHELBY,3111.3992655450083,City of Memphis
300864284,2023-01-31,2023-01-31 17:30:00,2023,1,Tuesday,17,35.15775,-90.02433,Possible Injury,Pedestrian,Not Intersection-Unknown,Non-Junction,Daylight,Not Collision with Motor Vehicle in Transport,Other,1,True,City of Memphis,,,,,,,51.37163207275613,JACKSON AVE,55.93538956051814,35.0,5,B,MEMPHIS,SHELBY,321.5652951258971,City of Memphis
300863228,2023-01-26,2023-01-26 16:20:00,2023,1,Thursday,16,35.122772,-89.99094,Possible Injury,Pedestrian,Not Intersection-On Roadway Not In Crosswalk,Intersection,Dawn,Not Collision with Motor Vehicle in Transport,Pedestrian,1,True,City of Memphis,,,,,,,607.2186180083805,EVELYN AVE,0.5622560170801704,30.0,2,B,MEMPHIS,SHELBY,3029.976147900434,City of Memphis
300863989,2023-01-30,2023-01-30 06:50:00,2023,1,Monday,6,35.175808,-89.76771,No Injury,Pedestrian,Not Intersection-Outside Traffic,Intersection-Related,Daylight,Not Collision with Motor Vehicle in Transport,Other,1,True,City of Memphis,,,,,,,2301.310960633384,OVERLEA CV,0.4827697515260052,25.0,2,B,MEMPHIS,SHELBY,2935.320690968527,City of Memphis
300867018,2023-02-14,2023-02-14 18:05:00,2023,2,Tuesday,18,35.135986,-90.020706,Suspected Serious Injury,Pedestrian,Intersection-On Roadway Crosswalk availability Unknown,Intersection,Dark-Lighted,Not Collision with Motor Vehicle in Transport,Pedestrian,1,True,TDOT,S BELLEVUE BLVD,Major Collector,35.0,4.0,3,6.0,0.0664531757145414,EASTMORELAND AVE,0.2274062506235155,30.0,2,B,MEMPHIS,SHELBY,311.3133424701929,TDOT
300873679,2023-03-16,2023-03-16 21:30:00,2023,3,Thursday,21,35.10955,-90.021736,Possible Injury,Pedestrian,Not Intersection-On Roadway Not In Crosswalk,Crossover-Related,Dark-Lighted,Not Collision with Motor Vehicle in Transport,Pedestrian,1,True,TDOT,ELVIS PRESLEY BLVD,Minor Arterial,35.0,5.0,3,4.0,1.2377861424997234,S PARKWAY E,0.1733265836224657,35.0,5,B,MEMPHIS,SHELBY,660.4140047743335,TDOT
300870763,2023-03-03,2023-03-03 08:30:00,2023,3,Friday,8,35.149506,-89.90439,Possible Injury,Pedestrian,Intersection-In Crosswalk,Intersection,Daylight,Not Collision with Motor Vehicle in Transport,Pedestrian,1,True,City of Memphis,,,,,,,91.61969892803825,SUMMER AVE,96.27618480023014,40.0,7,B,MEMPHIS,SHELBY,1307.1185139874453,City of Memphis
300869507,2023-02-25,2023-02-25 10:00:00,2023,2,Saturday,10,35.151417,-89.98071,Possible Injury,Pedestrian,Intersection-In Crosswalk,Intersection,Daylight,Not Collision with Motor Vehicle in Transport,Pedestrian,1,True,City of Memphis,,,,,,,41.71929117176937,N TREZEVANT ST,40.90126637663226,40.0,4,B,MEMPHIS,SHELBY,3667.456258836947,City of Memphis
300871066,2023-03-04,2023-03-04 10:08:00,2023,3,Saturday,10,35.091415,-89.90695,No Injury,Pedestrian,Not Intersection-Outside Traffic,Intersection,Daylight,Angle,Other,1,True,City of Memphis,,,,,,,2530.603829056677,S PERKINS RD,0.3756989138415835,35.0,4,B,MEMPHIS,SHELBY,1303.7297227686756,City of Memphis
300870152,2023-02-28,2023-02-28 23:10:00,2023,2,Tuesday,23,35.083065,-89.93171,Suspected Serious Injury,Pedestrian,Not Intersection-On Roadway Not In Crosswalk,Non-Junction,Dark-Lighted,Not Collision with Motor Vehicle in Transport,Pedestrian,1,True,City of Memphis,,,,,,,288.9813946539106,GETWELL RD,41.04552473585913,40.0,7,B,MEMPHIS,SHELBY,317.9836422367503,City of Memphis
300870798,2023-03-01,2023-03-01 20:20:00,2023,3,Wednesday,20,35.02046,-90.0481,Fatal,Pedestrian,Not Intersection-On Roadway Not In Crosswalk,Non-Junction,Dark-Not Lighted,Not Collision with Motor Vehicle in Transport,Pedestrian,1,True,City of Memphis,,,,,,,46.24652005818493,DALTON RD,23.872929831050197,30.0,2,B,MEMPHIS,SHELBY,4146.289640485656,City of Memphis
300870841,2023-03-02,2023-03-02 21:25:00,2023,3,Thursday,21,35.050034,-89.86632,No Injury,Other Non-Motorist,Not Intersection-On Roadway Not In Crosswalk,Intersection,Dark-Lighted,Angle,Other,1,True,City of Memphis,,,,,,,2540.9785282611288,WINCHESTER RD,1.4138928546929257,45.0,7,B,MEMPHIS,SHELBY,3971.0709991808567,City of Memphis
300871117,2023-03-05,2023-03-05 01:05:00,2023,3,Sunday,1,35.18188,-89.79283,Possible Injury,Pedestrian,Not Intersection-On Roadway Not In Crosswalk,Non-Junction,Dark-Unknown Lighting,Not Collision with Motor Vehicle in Transport,Pedestrian,1,True,TDOT,N GERMANTOWN PKWY,Principal Arterial,50.0,6.0,177,1.0,0.201829116590844,AMBERGATE LN,0.3278625814092176,30.0,2,B,MEMPHIS,SHELBY,1246.7280291760615,TDOT
300871977,2023-03-08,2023-03-08 17:05:00,2023,3,Wednesday,17,35.100784,-89.97206,Possible Injury,Pedestrian,Intersection-On Roadway not in Crosswalk,Intersection,Dawn,Not Collision with Motor Vehicle in Transport,Pedestrian,1,True,City of Memphis,,,,,,,292.5923936791166,BARRON AVE,0.2173437423442568,35.0,2,B,MEMPHIS,SHELBY,2620.612104734442,City of Memphis
300874516,2023-03-21,2023-03-21 15:45:00,2023,3,Tuesday,15,35.139824,-89.80343,Possible Injury,Pedestrian,Intersection-On Roadway not in Crosswalk,Intersection-Related,Daylight,Not Collision with Motor Vehicle in Transport,Pedestrian,1,True,City of Memphis,,,,,,,701.1721769698903,TRINITY RD,0.3606255809634147,45.0,3,B,MEMPHIS,SHELBY,4877.961229141122,City of Memphis
300864056,2023-01-23,2023-01-23 20:15:00,2023,1,Monday,20,35.050297,-89.87499,No Injury,Pedestrian,Not Intersection-Outside Traffic,AccelDecelLane,Dark-Lighted,Not Collision with Motor Vehicle in Transport,Other,1,True,City of Memphis,,,,,,,2918.629890286649,WINCHESTER RD,0.2254515550771499,45.0,7,B,MEMPHIS,SHELBY,3796.450489943167,City of Memphis
300870580,2023-03-02,2023-03-02 20:15:00,2023,3,Thursday,20,35.137314,-89.994194,Suspected Serious Injury,Pedestrian,Intersection-In Crosswalk,Intersection,Dark-Lighted,Not Collision with Motor Vehicle in Transport,Pedestrian,1,True,City of Memphis,,,,,,,297.34565988887266,N MORRISON ST,23.372840139657228,30.0,2,B,MEMPHIS,SHELBY,2650.7982453313325,City of Memphis
300868788,2023-02-23,2023-02-23 03:15:00,2023,2,Thursday,3,35.226337,-90.02248,Possible Injury,Pedestrian,Not Intersection-On Roadway Not In Crosswalk,Non-Junction,Dark-Lighted,Not Collision with Motor Vehicle in Transport,Pedestrian,1,True,TDOT,THOMAS ST,,40.0,2.0,3,7.0,2.0789092984669297,CRESTON AVE,0.2854966907708918,30.0,2,B,MEMPHIS,SHELBY,3911.398156624841,TDOT
300868671,2023-02-20,2023-02-20 20:00:00,2023,2,Monday,20,35.142185,-89.913795,Possible Injury,Pedestrian,Not Intersection-Adjacent to Roadway,"Driveway, Alley Access, etc",Dark-Unknown Lighting,Other,Other,1,True,City of Memphis,,,,,,,742.3751022888472,SEQUOIA AVE,29.3899892997159,30.0,2,B,MEMPHIS,SHELBY,2487.660526876983,City of Memphis
300873572,2023-03-16,2023-03-16 21:09:00,2023,3,Thursday,21,35.067947,-89.84247,Suspected Serious Injury,Pedestrian,Not Intersection-On Roadway Not In Crosswalk,Non-Junction,Daylight,Not Collision with Motor Vehicle in Transport,Pedestrian,1,True,City of Memphis,,,,,,,147.77291105660555,QUINCE RD,40.19463855669692,45.0,4,B,MEMPHIS,SHELBY,3484.3688746291073,City of Memphis
300869980,2023-02-28,2023-02-28 07:30:00,2023,2,Tuesday,7,35.09506,-90.07175,Suspected Serious Injury,Pedestrian,Intersection-In Crosswalk,Non-Junction,Daylight,Not Collision with Motor Vehicle in Transport,Pedestrian,1,True,City of Memphis,,,,,,,1440.6327302365742,JOUBERT AVE,50.13762149855598,30.0,2,B,MEMPHIS,SHELBY,421.657577901689,City of Memphis
300869437,2023-02-25,2023-02-25 21:29:00,2023,2,Saturday,21,35.053326,-90.02045,Possible Injury,Pedestrian,Intersection-On Roadway not in Crosswalk,Intersection,Dark-Lighted,Not Collision with Motor Vehicle in Transport,Pedestrian,1,True,City of Memphis,,,,,,,418.3747235202776,ROYAL OAKS CV,62.58265034707945,35.0,2,B,MEMPHIS,SHELBY,598.7511159597211,City of Memphis
300869117,2023-02-20,2023-02-20 18:30:00,2023,2,Monday,18,35.06238,-89.90577,Possible Injury,Pedestrian,Intersection-On Roadway not in Crosswalk,Intersection,Dawn,Not Collision with Motor Vehicle in Transport,Pedestrian,1,True,City of Memphis,,,,,,,2133.1923531878374,S PERKINS RD,0.2129291738117823,40.0,2,FT,MEMPHIS,SHELBY,1745.881118488321,City of Memphis
300871759,2023-03-08,2023-03-08 00:15:00,2023,3,Wednesday,0,35.127785,-89.94525,Suspected Serious Injury,Pedestrian,Intersection-In Crosswalk,Intersection,Dark-Lighted,Not Collision with Motor Vehicle in Transport,Pedestrian,1,True,TDOT,POPLAR AVE,Principal Arterial,40.0,7.0,57,5.0,4.826539638491354,POPLAR AVE,0.3687807402716993,40.0,7,B,MEMPHIS,SHELBY,5026.938958037244,TDOT