MstrRecNbrTxt,CollisionDate,CollisionDteTime,YearNmb,Month,DayOfWeek,Hour,Latitude,Longitude,InjuryClass,PersonType,NonMotoristLocation,RelationToJunction,LightCondition,MannerOfCollision,FirstHarmfulEvent,VictimsInCrash,InMemphis,Jurisdiction,StateRoute_NAME,StateRoute_F_System,StateRoute_SPDLIMIT,StateRoute_LANES,StateRoute_ALTNAME_1,StateRoute_Council_District,DistToStateRoute_m,Street_Name,DistToStreet_m,Street_SPDLIMIT,Street_LANES,Street_ONEWAY,Street_CITY_L,Street_COUNTY_L,DistToInterstate_m,Jurisdiction_prev
300873088,2023-03-14,2023-03-14 06:02:00,2023,3,Tuesday,6,35.216984,-89.90984,Possible Injury,Pedestrian,Not Intersection-Outside Traffic,Intersection,Dark-Lighted,Not Collision with Motor Vehicle in Transport,Pedestrian,1,True,City of Memphis,,,,,,,248.136803918638,PLATO AVE,100.87993894029104,30.0,2,B,MEMPHIS,SHELBY,2949.429306685714,City of Memphis
300869176,2023-02-20,2023-02-20 20:51:00,2023,2,Monday,20,35.23399,-89.89301,Possible Injury,Pedestrian,Intersection-Unknown,AccelDecelLane,Dawn,Not Collision with Motor Vehicle in Transport,Pedestrian,1,True,City of Memphis,,,,,,,62.98969238882766,NEW COVINGTON PIKE,65.95150792571387,45.0,5,B,MEMPHIS,SHELBY,5310.255092879633,City of Memphis
300868831,2023-02-17,2023-02-17 20:00:00,2023,2,Friday,20,35.14714,-90.050514,Possible Injury,Pedestrian,Intersection-On Roadway Crosswalk availability Unknown,Non-Junction,Dark-Lighted,Not Collision with Motor Vehicle in Transport,Pedestrian,1,True,TDOT,N SECOND ST,Minor Arterial,35.0,3.0,3,6.0,12.139923354246298,N SECOND ST,10.458325464347109,35.0,3,TF,MEMPHIS,SHELBY,656.4136766967596,TDOT
300868833,2023-02-23,2023-02-23 08:00:00,2023,2,Thursday,8,35.07851,-89.85198,Possible Injury,Pedestrian,Intersection-In Crosswalk,Intersection,Daylight,Not Collision with Motor Vehicle in Transport,Pedestrian,1,True,City of Memphis,,,,,,,828.8462046492618,QUINCE RD,83.07281604104048,40.0,5,B,MEMPHIS,SHELBY,2101.267196906969,City of Memphis
300870934,2023-03-03,2023-03-03 13:29:00,2023,3,Friday,13,35.061687,-90.02356,No Injury,Pedestrian,Intersection-In Crosswalk,Intersection,Daylight,Not Collision with Motor Vehicle in Transport,Pedestrian,1,True,TDOT,ELVIS PRESLEY BLVD,Principal Arterial,40.0,6.0,3,6.0,0.3988418677348408,E BROOKS RD,0.3372372171413326,45.0,5,B,MEMPHIS,SHELBY,160.97179696148552,TDOT
300872885,2023-03-13,2023-03-13 09:05:00,2023,3,Monday,9,35.11621,-89.94114,Possible Injury,Pedestrian,Intersection-On Roadway Crosswalk availability Unknown,Unknown,Daylight,Not Collision with Motor Vehicle in Transport,Pedestrian,1,True,City of Memphis,,,,,,,1156.1357053177712,PATTERSON ST,6.055403031732853,30.0,2,B,MEMPHIS,SHELBY,3790.4629840048005,City of Memphis
300872411,2023-03-09,2023-03-09 20:00:00,2023,3,Thursday,20,35.138493,-90.04675,Possible Injury,Pedestrian,Intersection-Unknown,OtherLocation,Dark-Lighted,Not Collision with Motor Vehicle in Transport,Pedestrian,1,True,City of Memphis,,,,,,,81.02270173531055,BEALE ST,60.42436680830986,35.0,2,B,MEMPHIS,SHELBY,1491.3506227334622,City of Memphis
300873132,2023-03-14,2023-03-14 16:25:00,2023,3,Tuesday,16,35.145554,-90.0541,Possible Injury,Pedestrian,Intersection-In Crosswalk,Intersection,Daylight,Not Collision with Motor Vehicle in Transport,Pedestrian,1,True,City of Memphis,,,,,,,244.60647152665533,S FRONT ST,0.0807195508921515,30.0,5,B,MEMPHIS,SHELBY,831.866745873525,City of Memphis
300874120,2023-03-19,2023-03-19 20:00:00,2023,3,Sunday,20,35.05527,-90.06011,Possible Injury,Pedestrian,Intersection-On Roadway Crosswalk Not Available,Intersection,Dark-Lighted,Not Collision with Motor Vehicle in Transport,Pedestrian,1,True,TDOT,S THIRD ST,Principal Arterial,45.0,7.0,14,6.0,0.6584498040731249,E MITCHELL RD,0.2642259386963786,45.0,7,B,MEMPHIS,SHELBY,2613.7657530305096,TDOT
300870394,2023-03-01,2023-03-01 19:51:00,2023,3,Wednesday,19,35.161568,-89.911835,Suspected Serious Injury,Pedestrian,Not Intersection-On Roadway Crosswalk not Available,Non-Junction,Dark-Lighted,Not Collision with Motor Vehicle in Transport,Pedestrian,1,True,City of Memphis,,,,,,,1209.656347983702,MACON RD,39.859701284878845,40.0,4,B,MEMPHIS,SHELBY,1158.5051532113514,City of Memphis
300871258,2023-03-05,2023-03-05 15:30:00,2023,3,Sunday,15,35.217564,-90.00319,Possible Injury,Pedestrian,Intersection-Not on Roadway,Unknown,Daylight,Not Collision with Motor Vehicle in Transport,Pedestrian,1,True,City of Memphis,,,,,,,2000.122896876391,FRAYSER BLVD,2.328461965741634,40.0,5,B,MEMPHIS,SHELBY,2764.864167227589,City of Memphis
300869750,2023-02-27,2023-02-27 12:49:00,2023,2,Monday,12,35.079403,-89.98616,Possible Injury,Pedestrian,Intersection-In Crosswalk,Intersection,Daylight,Not Collision with Motor Vehicle in Transport,Pedestrian,1,True,City of Memphis,,,,,,,2205.6649140447166,KETCHUM RD,39.61673759249471,40.0,4,B,MEMPHIS,SHELBY,263.7946348875273,City of Memphis
300869268,2023-02-25,2023-02-25 03:00:00,2023,2,Saturday,3,35.14938,-89.95565,Suspected Serious Injury,Pedestrian,Not Intersection-On Roadway Not In Crosswalk,Non-Junction,Dark-Lighted,Not Collision with Motor Vehicle in Transport,Pedestrian,1,True,TDOT,SUMMER AVE,Principal Arterial,35.0,5.0,1,5.0,4.891167395807517,SUMMER AVE,0.2370091643129051,35.0,5,B,MEMPHIS,SHELBY,4532.114162135601,TDOT
300868932,2023-02-23,2023-02-23 16:20:00,2023,2,Thursday,16,35.11564,-90.054596,Suspected Minor Injury,Pedestrian,Intersection-On Roadway not in Crosswalk,Intersection,Daylight,Not Collision with Motor Vehicle in Transport,Pedestrian,1,True,City of Memphis,,,,,,,57.15375680009296,E MCLEMORE AVE,43.36710712261274,35.0,2,B,MEMPHIS,SHELBY,1425.953815250277,City of Memphis
300880468,2023-04-17,2023-04-17 02:14:00,2023,4,Monday,2,35.174213,-89.9309,No Injury,Pedestrian,Not Intersection-Outside Traffic,Non-Junction,Dark-Lighted,Not Collision with Motor Vehicle in Transport,Other,1,True,City of Memphis,,,,,,,723.4522179320293,TENNYSON RD,0.1813840830663652,30.0,2,B,MEMPHIS,SHELBY,1893.3264052164734,City of Memphis
300876479,2023-03-30,2023-03-30 00:00:00,2023,3,Thursday,99,35.14544,-89.97798,Possible Injury,Pedestrian,Intersection-On Roadway not in Crosswalk,Intersection,Unknown,Not Collision with Motor Vehicle in Transport,Pedestrian,1,True,City of Memphis,,,,,,,378.9935011074948,N HOLLYWOOD ST,0.0022294317107205,35.0,2,B,MEMPHIS,SHELBY,4000.5263101322284,City of Memphis
300878793,2023-04-02,2023-04-02 21:10:00,2023,4,Sunday,21,35.182835,-89.87134,Suspected Serious Injury,Pedestrian,Not Intersection-On Roadway Crosswalk not Available,AccelDecelLane,Dark-Lighted,Not Collision with Motor Vehicle in Transport,Pedestrian,1,True,City of Memphis,,,,,,,970.465887722694,RALEIGH LAGRANGE RD,0.2150422724535209,45.0,5,B,MEMPHIS,SHELBY,2133.0912950746547,City of Memphis
300879049,2023-04-10,2023-04-10 17:00:00,2023,4,Monday,17,35.211857,-90.03223,Possible Injury,Pedestrian,Intersection-On Roadway not in Crosswalk,Unknown,Daylight,Not Collision with Motor Vehicle in Transport,Pedestrian,1,True,TDOT,THOMAS ST,,40.0,2.0,3,7.0,0.1308764149467392,MARSH AVE,0.0138907488118503,30.0,2,B,MEMPHIS,SHELBY,2734.378765790298,TDOT
300875404,2023-03-25,2023-03-25 05:47:00,2023,3,Saturday,5,35.064396,-90.05854,Possible Injury,Pedestrian,Intersection-Unknown,Unknown,Dark-Lighted,Not Collision with Motor Vehicle in Transport,Pedestrian,1,True,City of Memphis,,,,,,,48.6123817653068,EASTMAN RD,39.34380139698498,30.0,2,B,MEMPHIS,SHELBY,1594.529547334239,City of Memphis
300874593,2023-03-21,2023-03-21 19:58:00,2023,3,Tuesday,19,35.1364,-90.0123,Possible Injury,Pedestrian,Not Intersection-On Roadway Not In Crosswalk,Non-Junction,Dark-Not Lighted,Not Collision with Motor Vehicle in Transport,Pedestrian,1,True,TDOT,UNION AVE,Principal Arterial,35.0,6.0,23,5.0,4.789465350304475,UNION AVE,0.2050990070431547,35.0,6,B,MEMPHIS,SHELBY,1077.8475733532089,TDOT
300875439,2023-03-21,2023-03-21 19:51:00,2023,3,Tuesday,19,35.136389,-90.012102,Fatal,Pedestrian,Intersection-On Roadway not in Crosswalk,Non-Junction,Dark-Not Lighted,Not Collision with Motor Vehicle in Transport,Pedestrian,1,True,TDOT,UNION AVE,Principal Arterial,35.0,6.0,23,5.0,3.893781363256016,UNION AVE,0.6970024006939022,35.0,6,B,MEMPHIS,SHELBY,1095.874165678479,TDOT
300880044,2023-04-13,2023-04-13 18:15:00,2023,4,Thursday,18,35.21955,-90.019714,Suspected Serious Injury,Pedestrian,Not Intersection-On Roadway Not In Crosswalk,Non-Junction,Daylight,Not Collision with Motor Vehicle in Transport,Pedestrian,2,True,City of Memphis,,,,,,,633.6922081139246,MADEWELL DR,9.49776855081762,30.0,2,B,MEMPHIS,SHELBY,3125.942605794643,City of Memphis
300879716,2023-04-12,2023-04-12 19:20:00,2023,4,Wednesday,19,35.233414,-89.96662,Suspected Serious Injury,Pedestrian,Not Intersection-On Roadway Not In Crosswalk,Non-Junction,Dark-Lighted,Not Collision with Motor Vehicle in Transport,Pedestrian,1,True,City of Memphis,,,,,,,3719.372030467294,SAINT ELMO AVE,0.1922765551911725,35.0,2,B,MEMPHIS,SHELBY,4663.4197449553085,City of Memphis
300875686,2023-03-26,2023-03-26 16:55:00,2023,3,Sunday,16,35.216885,-90.03026,Suspected Serious Injury,Pedestrian,Not Intersection-On Roadway Not In Crosswalk,Intersection-Related,Daylight,Not Collision with Motor Vehicle in Transport,Pedestrian,1,True,TDOT,THOMAS ST,,40.0,2.0,3,7.0,1.847071067041415,FRAYSER BLVD,0.4952404755364146,35.0,2,B,MEMPHIS,SHELBY,3132.1381619934996,TDOT
300875440,2023-03-24,2023-03-24 19:05:00,2023,3,Friday,19,35.06031,-90.059875,Suspected Serious Injury,Pedestrian,Not Intersection-On Roadway Not In Crosswalk,Non-Junction,Dark-Lighted,Not Collision with Motor Vehicle in Transport,Pedestrian,1,True,City of Memphis,,,,,,,34.935709416578874,E ROLLINS RD,30.34013159457603,30.0,2,B,MEMPHIS,SHELBY,2063.8053338613777,City of Memphis
300875441,2023-03-24,2023-03-24 19:06:00,2023,3,Friday,19,35.06031,-90.059875,Suspected Serious Injury,Pedestrian,Not Intersection-On Roadway Not In Crosswalk,Non-Junction,Dark-Lighted,Not Collision with Motor Vehicle in Transport,Pedestrian,1,True,City of Memphis,,,,,,,34.935709416578874,E ROLLINS RD,30.34013159457603,30.0,2,B,MEMPHIS,SHELBY,2063.8053338613777,City of Memphis
300876593,2023-03-30,2023-03-30 16:50:00,2023,3,Thursday,16,35.22097,-89.909355,No Injury,Pedestrian,Intersection-On Roadway Crosswalk availability Unknown,Intersection-Related,Daylight,Not Collision with Motor Vehicle in Transport,Pedestrian,1,True,TDOT,AUSTIN PEAY HWY,Principal Arterial,45.0,7.0,14,1.0,2.825632745805453,AUSTIN PEAY HWY,0.3169482309063494,45.0,7,B,MEMPHIS,SHELBY,3379.17936741211,TDOT
300880304,2023-04-15,2023-04-15 11:20:00,2023,4,Saturday,11,35.133396,-89.98055,Suspected Serious Injury,Pedestrian,Not Intersection-Outside Traffic,Intersection,Daylight,Not Collision with Motor Vehicle in Transport,Pedestrian,1,True,TDOT,UNION AVE,Principal Arterial,35.0,7.0,23,5.0,5.056229107538397,SAINT AGNES DR,0.2514138912025778,30.0,2,B,MEMPHIS,SHELBY,3954.4010882489083,TDOT
300878657,2023-04-08,2023-04-08 15:00:00,2023,4,Saturday,15,35.093174,-89.977615,Suspected Minor Injury,Pedestrian,Not Intersection-On Roadway Not In Crosswalk,Non-Junction,Daylight,Not Collision with Motor Vehicle in Transport,Pedestrian,1,True,City of Memphis,,,,,,,674.0651701798363,HUGENOT ST,9.100686682943518,35.0,2,B,MEMPHIS,SHELBY,1841.490278194917,City of Memphis
300876625,2023-03-29,2023-03-29 22:05:00,2023,3,Wednesday,22,35.078083,-90.0195,Possible Injury,Pedestrian,Not Intersection-On Roadway Not In Crosswalk,Non-Junction,Dark-Lighted,Not Collision with Motor Vehicle in Transport,Pedestrian,1,True,TDOT,ELVIS PRESLEY BLVD,Minor Arterial,40.0,4.0,3,6.0,0.7868663809189604,E ALCY RD,0.2660507959194929,35.0,2,B,MEMPHIS,SHELBY,552.1658817725009,TDOT
300877778,2023-04-04,2023-04-04 20:20:00,2023,4,Tuesday,20,35.17464,-89.97544,Suspected Serious Injury,Pedestrian,Not Intersection-Unknown,SharedUsePathOrTrail,Dark-Lighted,Not Collision with Motor Vehicle in Transport,Pedestrian,1,True,City of Memphis,,,,,,,1846.4485523701453,CHELSEA AVE,0.3182920174380278,40.0,4,B,MEMPHIS,SHELBY,1868.304836884521,City of Memphis
300875712,2023-03-25,2023-03-25 22:30:00,2023,3,Saturday,22,35.138195,-90.05444,Possible Injury,Pedestrian,Intersection-In Crosswalk,Intersection,Dark-Lighted,Not Collision with Motor Vehicle in Transport,Pedestrian,1,True,TDOT,S SECOND ST,Minor Arterial,35.0,2.0,14,6.0,2.9458362269401848,DR MARTIN LUTHER KING JR AVE,0.2390395793058552,35.0,3,B,MEMPHIS,SHELBY,1648.4025396680079,TDOT
300873798,2023-03-17,2023-03-17 21:00:00,2023,3,Friday,21,35.110672,-90.0162,No Injury,Pedestrian,Not Intersection-Other Not On Roadway,Non-Junction,Dark-Lighted,Angle,Other,1,True,City of Memphis,,,,,,,506.7414760567737,GLEASON AVE,15.98970695100033,30.0,2,B,MEMPHIS,SHELBY,1160.7787583386971,City of Memphis
300880079,2023-04-14,2023-04-14 19:20:00,2023,4,Friday,19,35.14448,-90.021805,Suspected Minor Injury,Pedestrian,Intersection-On Roadway Crosswalk Not Available,AccelDecelLane,Daylight,Not Collision with Motor Vehicle in Transport,Pedestrian,1,True,City of Memphis,,,,,,,780.1294485707496,POPLAR AVE,4.113093805096469,40.0,7,B,MEMPHIS,SHELBY,52.01527315981541,City of Memphis
300877478,2023-04-02,2023-04-02 14:06:00,2023,4,Sunday,14,35.189644,-89.92747,Suspected Serious Injury,Pedestrian,Not Intersection-Adjacent to Roadway,Non-Junction,Daylight,Angle,Other,1,True,TDOT,JACKSON AVE,Principal Arterial,40.0,7.0,14,7.0,2.2347912207610032,JACKSON AVE,0.5802347292540311,40.0,7,B,MEMPHIS,SHELBY,329.03128777392567,TDOT
300874898,2023-03-22,2023-03-22 12:45:00,2023,3,Wednesday,12,35.20386,-89.82105,Suspected Serious Injury,Pedestrian,Intersection-On Roadway Crosswalk Not Available,Intersection-Related,Daylight,Not Collision with Motor Vehicle in Transport,Pedestrian,1,True,TDOT,US HIGHWAY 64,Principal Arterial,45.0,6.0,15,1.0,4.986674637559392,US HIGHWAY 64,0.3216169262480813,45.0,6,B,BARTLETT,SHELBY,2104.2352395424277,TDOT
300878097,2023-04-06,2023-04-06 06:27:00,2023,4,Thursday,6,35.085983,-89.85877,Possible Injury,Pedestrian,Intersection-In Crosswalk,Intersection,Dawn,Not Collision with Motor Vehicle in Transport,Pedestrian,1,True,City of Memphis,,,,,,,1182.873864419067,RIDGEWAY RD,0.1919258855403459,40.0,7,B,MEMPHIS,SHELBY,1178.5647715770476,City of Memphis
300875739,2023-03-26,2023-03-26 21:50:00,2023,3,Sunday,21,35.09989,-90.00228,Suspected Minor Injury,Pedestrian,Intersection-On Roadway Crosswalk Not Available,Non-Junction,Dark-Lighted,Not Collision with Motor Vehicle in Transport,Pedestrian,1,True,City of Memphis,,,,,,,1447.3328053001114,E PERSON AVE,23.047823820382927,35.0,2,B,MEMPHIS,SHELBY,2257.0590752827893,City of Memphis
300875746,2023-03-25,2023-03-25 16:55:00,2023,3,Saturday,16,35.092495,-90.05615,Possible Injury,Pedestrian,Intersection-Not on Roadway,Intersection,Daylight,Not Collision with Motor Vehicle in Transport,Pedestrian,2,True,TDOT,S THIRD ST,Principal Arterial,40.0,7.0,14,6.0,0.7180355902577468,S THIRD ST,0.0649882385034882,40.0,7,B,MEMPHIS,SHELBY,1405.2391611274695,TDOT
300876380,2023-03-29,2023-03-29 17:00:00,2023,3,Wednesday,17,35.05001,-89.90168,Possible Injury,Pedestrian,Not Intersection-On Roadway Not In Crosswalk,Non-Junction,Daylight,Not Collision with Motor Vehicle in Transport,Pedestrian,1,True,City of Memphis,,,,,,,1738.4646345834503,OUTLAND RD,5.802731499665548,40.0,5,B,MEMPHIS,SHELBY,3163.041513741323,City of Memphis
300879505,2023-04-12,2023-04-12 18:30:00,2023,4,Wednesday,18,35.142204,-90.03157,Possible Injury,Pedestrian,Not Intersection-Outside Traffic,OtherLocation,Daylight,Not Collision with Motor Vehicle in Transport,Pedestrian,1,True,City of Memphis,,,,,,,420.536277152444,JEFFERSON AVE,47.1331252586254,40.0,4,B,MEMPHIS,SHELBY,770.5586920391574,City of Memphis
300876395,2023-03-29,2023-03-29 19:48:00,2023,3,Wednesday,19,35.175457,-89.96243,Possible Injury,Pedestrian,Intersection-On Roadway not in Crosswalk,Intersection,Dark-Lighted,Not Collision with Motor Vehicle in Transport,Pedestrian,1,True,City of Memphis,,,,,,,1459.0911604214368,WARFORD ST,24.997210525272703,45.0,5,B,MEMPHIS,SHELBY,1692.1359038333123,City of Memphis
300879516,2023-04-12,2023-04-12 18:00:00,2023,4,Wednesday,18,35.168312,-89.93514,Possible Injury,Pedestrian,Intersection-On Roadway not in Crosswalk,Intersection,Daylight,Not Collision with Motor Vehicle in Transport,Pedestrian,1,True,City of Memphis,,,,,,,824.7379924141774,FLOWERS ST,20.81446783741416,30.0,2,B,MEMPHIS,SHELBY,2466.9421309118134,City of Memphis
300880995,2023-04-19,2023-04-19 05:15:00,2023,4,Wednesday,5,35.051125,-89.907745,Suspected Serious Injury,Pedestrian,Not Intersection-Adjacent to Roadway,Intersection-Related,Dark-Lighted,Not Collision with Motor Vehicle in Transport,Pedestrian,1,True,City of Memphis,,,,,,,1254.8226421787124,WINCHESTER RD,0.2567894593159725,45.0,7,B,MEMPHIS,SHELBY,2967.403007164539,City of Memphis
300878161,2023-04-06,2023-04-06 11:00:00,2023,4,Thursday,11,35.150368,-90.05196,Possible Injury,Pedestrian,Intersection-In Crosswalk,Intersection,Daylight,Not Collision with Motor Vehicle in Transport,Pedestrian,1,True,City of Memphis,,,,,,,223.0766186052595,POPLAR AVE,12.78197737174249,35.0,4,B,MEMPHIS,SHELBY,297.8534147261145,City of Memphis
300878467,2023-04-07,2023-04-07 15:38:00,2023,4,Friday,15,35.236225,-89.98338,Possible Injury,Pedestrian,Not Intersection-On Roadway Not In Crosswalk,Non-Junction,Daylight,Not Collision with Motor Vehicle in Transport,Pedestrian,1,True,City of Memphis,,,,,,,2291.6043612521376,MOUNTAIN TERRACE ST,25.515445176550912,30.0,2,B,MEMPHIS,SHELBY,4861.147376078071,City of Memphis
300864587,2023-01-27,2023-01-27 16:30:00,2023,1,Friday,16,35.232872,-89.99795,Possible Injury,Pedestrian,Not Intersection-Unknown,Intersection,Daylight,Not Collision with Motor Vehicle in Transport,Pedestrian,1,True,City of Memphis,,,,,,,1412.9423465350187,LEWEIR ST,70.83938732003267,30.0,2,B,MEMPHIS,SHELBY,4430.237863907961,City of Memphis
300866127,2023-02-09,2023-02-09 17:07:00,2023,2,Thursday,17,35.123005,-89.939285,Suspected Serious Injury,Pedestrian,Not Intersection-On Roadway Crosswalk Availability Unknown,AccelDecelLane,Daylight,Not Collision with Motor Vehicle in Transport,Pedestrian,1,True,City of Memphis,,,,,,,383.810444642701,INNOVATION DR,0.0638323799205818,30.0,2,B,MEMPHIS,SHELBY,4561.925179094995,City of Memphis
300880191,2023-04-10,2023-04-10 16:00:00,2023,4,Monday,16,35.05204,-89.922226,Suspected Serious Injury,Pedestrian,Intersection-On Roadway Crosswalk availability Unknown,Intersection-Related,Daylight,Not Collision with Motor Vehicle in Transport,Pedestrian,1,True,City of Memphis,,,,,,,273.6434637764711,GOODLETT RD,25.910846419251342,35.0,2,B,MEMPHIS,SHELBY,2905.3547930626505,City of Memphis
300876719,2023-03-31,2023-03-31 07:00:00,2023,3,Friday,7,35.21745,-89.99367,Possible Injury,Pedestrian,Intersection-On Roadway not in Crosswalk,Intersection,Dawn,Not Collision with Motor Vehicle in Transport,Pedestrian,1,True,City of Memphis,,,,,,,2715.563832112595,OVERTON CROSSING ST,21.04510503770793,40.0,5,B,MEMPHIS,SHELBY,2720.2998564906857,City of Memphis
300877888,2023-04-01,2023-04-01 19:06:00,2023,4,Saturday,19,35.108456,-89.98326,Suspected Serious Injury,Pedestrian,Intersection-On Roadway not in Crosswalk,Intersection,Dawn,Not Collision with Motor Vehicle in Transport,Pedestrian,2,True,City of Memphis,,,,,,,149.9888046060017,PARK AVE,0.1461006470413454,35.0,4,B,MEMPHIS,SHELBY,3493.0822702630444,City of Memphis
300883690,2023-04-30,2023-04-30 21:30:00,2023,4,Sunday,21,35.020493,-89.93138,Suspected Serious Injury,Pedestrian,Not Intersection-On Roadway Not In Crosswalk,Intersection,Dark-Lighted,Not Collision with Motor Vehicle in Transport,Pedestrian,1,True,TDOT,E SHELBY DR,Principal Arterial,45.0,7.0,175,3.0,17.80849345996554,E SHELBY DR,13.125180789787022,45.0,7,B,MEMPHIS,SHELBY,6485.076501191276,TDOT
300887182,2023-05-16,2023-05-16 11:30:00,2023,5,Tuesday,11,35.16737,-89.93907,No Injury,Pedestrian,Not Intersection-Other Not On Roadway,Non-Junction,Daylight,Not Collision with Motor Vehicle in Transport,Other,2,True,City of Memphis,,,,,,,636.7884202904314,HOMER ST,24.383571919281056,30.0,2,B,MEMPHIS,SHELBY,2524.2628058222845,City of Memphis
300883187,2023-04-28,2023-04-28 14:00:00,2023,4,Friday,14,35.133823,-90.019356,Possible Injury,Pedestrian,Intersection-On Roadway not in Crosswalk,AccelDecelLane,Daylight,Not Collision with Motor Vehicle in Transport,Pedestrian,1,True,City of Memphis,,,,,,,131.1164148318082,ALLEY,65.63471832440078,25.0,2,B,MEMPHIS,SHELBY,424.005394442149,City of Memphis
300881771,2023-04-21,2023-04-21 18:49:00,2023,4,Friday,18,35.083454,-90.02569,Suspected Serious Injury,Pedestrian,Intersection-On Roadway not in Crosswalk,Non-Junction,Daylight,Not Collision with Motor Vehicle in Transport,Pedestrian,1,True,City of Memphis,,,,,,,649.8630810088302,NORRIS RD,0.2932612253290505,40.0,5,B,MEMPHIS,SHELBY,0.9404137214988678,City of Memphis
300886095,2023-05-04,2023-05-04 15:30:00,2023,5,Thursday,15,35.14951,-89.961494,Possible Injury,Pedestrian,Intersection-On Roadway not in Crosswalk,Intersection,Daylight,Not Collision with Motor Vehicle in Transport,Pedestrian,1,True,TDOT,SUMMER AVE,Principal Arterial,35.0,5.0,1,5.0,4.379760083186057,TILLMAN ST,0.0948639029186705,30.0,2,B,MEMPHIS,SHELBY,4556.8124876741385,TDOT
300886894,2023-05-15,2023-05-15 09:33:00,2023,5,Monday,9,35.045006,-89.86637,Possible Injury,Pedestrian,Not Intersection-Adjacent to Roadway,AccelDecelLane,Daylight,Not Collision with Motor Vehicle in Transport,Pedestrian,2,True,City of Memphis,,,,,,,2730.0775321468777,MYERS RD,0.2722784556362136,30.0,2,B,MEMPHIS,SHELBY,4510.504971425974,City of Memphis
300882927,2023-04-26,2023-04-26 20:32:00,2023,4,Wednesday,20,35.02035,-90.11504,Fatal,Pedestrian,Not Intersection-On Roadway Not In Crosswalk,SharedUsePathOrTrail,Dark-Not Lighted,Not Collision with Motor Vehicle in Transport,Pedestrian,1,True,City of Memphis,,,,,,,1831.799895626469,W SHELBY DR,19.543186259199366,35.0,2,B,MEMPHIS,SHELBY,7741.132062422174,City of Memphis
300885805,2023-05-04,2023-05-04 17:06:00,2023,5,Thursday,17,35.070385,-89.84312,No Injury,Other Non-Motorist,Not Intersection-Unknown,Intersection,Dawn,Angle,Other,1,True,City of Memphis,,,,,,,364.36802666290976,PRIVATE DR,41.52490192985588,25.0,2,B,MEMPHIS,SHELBY,3273.6769615397898,City of Memphis
300886915,2023-05-15,2023-05-15 08:05:00,2023,5,Monday,8,35.173313,-89.79301,Suspected Minor Injury,Pedestrian,Intersection-In Crosswalk,Intersection,Daylight,Not Collision with Motor Vehicle in Transport,Pedestrian,1,True,TDOT,N GERMANTOWN PKWY,Principal Arterial,50.0,6.0,177,1.0,0.6877599333908799,DEXTER RD,0.4442400449466944,35.0,4,B,MEMPHIS,SHELBY,2073.6325401171216,TDOT
300883776,2023-04-30,2023-04-30 10:20:00,2023,4,Sunday,10,35.083588,-89.88082,No Injury,Other Non-Motorist,Not Intersection-Adjacent to Roadway,Non-Junction,Daylight,Front to Rear,Other,1,True,City of Memphis,,,,,,,451.7764123559363,240 E TO 385 E,1.0095640796278391,45.0,2,FT,MEMPHIS,SHELBY,74.30298990000348,City of Memphis
300883794,2023-05-01,2023-05-01 13:02:00,2023,5,Monday,13,35.11925,-90.03312,Possible Injury,Pedestrian,Intersection-In Crosswalk,AccelDecelLane,Daylight,Not Collision with Motor Vehicle in Transport,Pedestrian,1,True,City of Memphis,,,,,,,834.119729032533,WALKER AVE,9.154024619539037,35.0,2,B,MEMPHIS,SHELBY,603.7319511783576,City of Memphis
300885832,2023-05-10,2023-05-10 02:00:00,2023,5,Wednesday,2,35.145138,-90.031746,Possible Injury,Pedestrian,Not Intersection-Unknown,Non-Junction,Dark-Unknown Lighting,Not Collision with Motor Vehicle in Transport,Pedestrian,1,True,City of Memphis,,,,,,,740.9813598882538,POPLAR AVE,34.890435607312114,40.0,7,B,MEMPHIS,SHELBY,556.6954025909816,City of Memphis
300882979,2023-04-27,2023-04-27 17:55:00,2023,4,Thursday,17,35.14949,-89.96524,Suspected Serious Injury,Pedestrian,Not Intersection-On Roadway Not In Crosswalk,Non-Junction,Daylight,Not Collision with Motor Vehicle in Transport,Pedestrian,1,True,TDOT,SUMMER AVE,Principal Arterial,35.0,5.0,1,5.0,13.063300452385402,LESTER ST,4.449412205510855,30.0,2,B,MEMPHIS,SHELBY,4583.564801809376,TDOT