MstrRecNbrTxt,CollisionDate,CollisionDteTime,YearNmb,Month,DayOfWeek,Hour,Latitude,Longitude,InjuryClass,PersonType,NonMotoristLocation,RelationToJunction,LightCondition,MannerOfCollision,FirstHarmfulEvent,VictimsInCrash,InMemphis,Jurisdiction,StateRoute_NAME,StateRoute_F_System,StateRoute_SPDLIMIT,StateRoute_LANES,StateRoute_ALTNAME_1,StateRoute_Council_District,DistToStateRoute_m,Street_Name,DistToStreet_m,Street_SPDLIMIT,Street_LANES,Street_ONEWAY,Street_CITY_L,Street_COUNTY_L,DistToInterstate_m,Jurisdiction_prev
300882415,2023-04-25,2023-04-25 05:23:00,2023,4,Tuesday,5,35.02104,-89.98982,Possible Injury,Pedestrian,Intersection-On Roadway not in Crosswalk,AccelDecelLane,Dark-Not Lighted,Not Collision with Motor Vehicle in Transport,Pedestrian,1,True,TDOT,E SHELBY DR,Principal Arterial,40.0,7.0,175,3.0,5.227872065291814,AIRWAYS BLVD,0.3459765280279479,45.0,7,B,MEMPHIS,SHELBY,1151.1245641412863,TDOT
300883849,2023-05-01,2023-05-01 17:42:00,2023,5,Monday,17,35.115032,-90.02167,Possible Injury,Pedestrian,Not Intersection-In Parking Lane,Intersection,Daylight,Not Collision with Motor Vehicle in Transport,Pedestrian,1,True,TDOT,S BELLEVUE BLVD,Minor Arterial,35.0,5.0,3,4.0,0.2592798868583054,S BELLEVUE BLVD,0.6733476928930199,35.0,5,B,MEMPHIS,SHELBY,520.0853716344448,TDOT
300882747,2023-04-26,2023-04-26 17:37:00,2023,4,Wednesday,17,35.135654,-89.96237,Possible Injury,Pedestrian,Intersection-On Roadway not in Crosswalk,Intersection-Related,Dawn,Not Collision with Motor Vehicle in Transport,Pedestrian,1,True,TDOT,WALNUT GROVE RD,Minor Arterial,35.0,5.0,23,5.0,4.942329606559473,TILLMAN ST,0.3566738059899433,35.0,4,B,MEMPHIS,SHELBY,5545.133665683304,TDOT
300886211,2023-05-12,2023-05-12 02:00:00,2023,5,Friday,2,35.061047,-90.03236,Possible Injury,Pedestrian,Not Intersection-On Roadway Not In Crosswalk,Non-Junction,Dark-Lighted,Not Collision with Motor Vehicle in Transport,Pedestrian,1,True,City of Memphis,,,,,,,774.4398231760953,DOGWOOD LN,62.69375377340128,30.0,2,B,MEMPHIS,SHELBY,775.2504938376986,City of Memphis
300886213,2023-05-12,2023-05-12 03:03:00,2023,5,Friday,3,35.123184,-89.945435,Possible Injury,Pedestrian,Not Intersection-Unknown,Non-Junction,Dark-Lighted,Not Collision with Motor Vehicle in Transport,Pedestrian,1,True,City of Memphis,,,,,,,503.8738062172272,S HIGHLAND ST,0.1497153507190502,35.0,5,B,MEMPHIS,SHELBY,4516.317690436837,City of Memphis
300882167,2023-04-24,2023-04-24 08:10:00,2023,4,Monday,8,35.097244,-89.93988,No Injury,Pedestrian,Not Intersection-Unknown,Unknown,Daylight,HeadOn,Other,1,True,City of Memphis,,,,,,,2017.459557895484,BARRON AVE,0.2304172263749923,30.0,2,B,MEMPHIS,SHELBY,1738.1933517712748,City of Memphis
300884189,2023-04-30,2023-04-30 01:00:00,2023,4,Sunday,1,35.084129,-89.889633,Possible Injury,Pedestrian,Intersection-Not on Roadway,Non-Junction,Dark-Lighted,Not Collision with Motor Vehicle in Transport,Pedestrian,1,True,Interstate (TDOT),,,,,,,1226.0700920204554,INTERSTATE 240 W,1.8438147842211297,65.0,3,TF,MEMPHIS,SHELBY,1.8438147842211299,City of Memphis
300884824,2023-05-05,2023-05-05 21:00:00,2023,5,Friday,21,35.128174,-90.02656,Possible Injury,Pedestrian,Not Intersection-On Roadway Not In Crosswalk,AccelDecelLane,Dark-Lighted,Not Collision with Motor Vehicle in Transport,Pedestrian,1,True,City of Memphis,,,,,,,339.2035670859705,PRIVATE DR,14.062815578674606,30.0,2,B,MEMPHIS,SHELBY,239.29531336743318,City of Memphis
300883632,2023-04-30,2023-04-30 16:49:00,2023,4,Sunday,16,35.036205,-90.1047,Fatal,Pedestrian,Intersection-On Roadway Crosswalk Not Available,Intersection,Daylight,Not Collision with Motor Vehicle in Transport,Pedestrian,1,True,City of Memphis,,,,,,,2271.674102383874,TAHOE RD,22.446727392459582,30.0,2,B,MEMPHIS,SHELBY,5747.560908555554,City of Memphis
300883634,2023-04-30,2023-04-30 13:30:00,2023,4,Sunday,13,35.184483,-89.9309,Possible Injury,Pedestrian,Not Intersection-On Roadway Not In Crosswalk,Intersection-Related,Daylight,Not Collision with Motor Vehicle in Transport,Pedestrian,1,True,City of Memphis,,,,,,,62.02245407454848,JACKSON AVE,59.23539798430952,40.0,7,B,MEMPHIS,SHELBY,813.5282263423893,City of Memphis
300885689,2023-05-09,2023-05-09 17:19:00,2023,5,Tuesday,17,35.211357,-89.918915,Suspected Minor Injury,Pedestrian,Not Intersection-Adjacent to Roadway,OtherLocation,Daylight,Angle,Other,1,True,TDOT,AUSTIN PEAY HWY,,50.0,3.0,14,1.0,0.5969438635021552,AUSTIN PEAY HWY,0.0038971955014733,50.0,3,TF,MEMPHIS,SHELBY,2120.1034157919757,TDOT
300873442,2023-03-16,2023-03-16 04:59:00,2023,3,Thursday,4,35.068768,-89.96913,Fatal,Pedestrian,Intersection-On Roadway Crosswalk availability Unknown,Intersection,Dark-Lighted,Not Collision with Motor Vehicle in Transport,Pedestrian,1,True,City of Memphis,,,,,,,1779.4498281352942,DEMOCRAT RD,36.40056010938044,45.0,5,B,MEMPHIS,SHELBY,915.4421548003191,City of Memphis
300883914,2023-05-01,2023-05-01 22:40:00,2023,5,Monday,22,35.128716,-90.02108,Suspected Minor Injury,Pedestrian,Intersection-On Roadway not in Crosswalk,Intersection,Dark-Lighted,Not Collision with Motor Vehicle in Transport,Pedestrian,1,True,TDOT,S BELLEVUE BLVD,Minor Arterial,35.0,4.0,3,6.0,0.1613578382113724,LAMAR AVE,0.364993030220579,40.0,7,B,MEMPHIS,SHELBY,241.75691524319953,TDOT
300881360,2023-04-20,2023-04-20 15:45:00,2023,4,Thursday,15,35.15624,-90.02306,Possible Injury,Pedestrian,Intersection-In Crosswalk,Intersection,Daylight,Not Collision with Motor Vehicle in Transport,Pedestrian,1,True,City of Memphis,,,,,,,140.63211426347766,GREENLAW AVE,22.222246281907022,30.0,2,B,MEMPHIS,SHELBY,184.94275349654146,City of Memphis
300885717,2023-05-09,2023-05-09 15:30:00,2023,5,Tuesday,15,35.15953,-90.026505,Possible Injury,Pedestrian,Not Intersection-On Roadway Not In Crosswalk,Non-Junction,Daylight,"Sideswipe, Opposite Direction",Other,1,True,City of Memphis,,,,,,,258.67721688281046,HASTINGS ST,0.3903067030692868,30.0,2,B,MEMPHIS,SHELBY,543.5948413073168,City of Memphis
300885125,2023-05-06,2023-05-06 14:55:00,2023,5,Saturday,14,35.104343,-90.009415,Possible Injury,Pedestrian,Intersection-On Roadway not in Crosswalk,Intersection,Daylight,Not Collision with Motor Vehicle in Transport,Pedestrian,1,True,City of Memphis,,,,,,,947.1017940906462,CANE MEADOW CIR,15.92881980878952,30.0,2,B,MEMPHIS,SHELBY,1802.475581714616,City of Memphis
300881376,2023-04-19,2023-04-19 21:15:00,2023,4,Wednesday,21,35.138245,-90.00941,Possible Injury,Pedestrian,Not Intersection-On Roadway Not In Crosswalk,Non-Junction,Dark-Lighted,Not Collision with Motor Vehicle in Transport,Pedestrian,1,True,City of Memphis,,,,,,,229.2227628325109,MADISON AVE,0.0171067331359463,35.0,3,B,MEMPHIS,SHELBY,1270.8538546777227,City of Memphis
300881379,2023-04-20,2023-04-20 15:21:00,2023,4,Thursday,15,35.100845,-90.016815,Suspected Minor Injury,Pedestrian,Intersection-On Roadway Crosswalk Not Available,Intersection,Daylight,Not Collision with Motor Vehicle in Transport,Pedestrian,1,True,City of Memphis,,,,,,,177.98696987972278,E PERSON AVE,0.1134886084591667,35.0,4,B,MEMPHIS,SHELBY,1030.598751468603,City of Memphis
300887796,2023-05-18,2023-05-18 19:01:00,2023,5,Thursday,19,35.001698,-89.9577,Possible Injury,Pedestrian,Not Intersection-On Roadway Not In Crosswalk,Non-Junction,Dawn,Not Collision with Motor Vehicle in Transport,Pedestrian,1,True,City of Memphis,,,,,,,1907.9727581210984,SPUTNIK DR,26.46825140844382,30.0,2,B,MEMPHIS,SHELBY,4089.4792019193314,City of Memphis
300889442,2023-05-26,2023-05-26 01:16:00,2023,5,Friday,1,35.11612,-89.969864,Suspected Serious Injury,Pedestrian,Not Intersection-On Roadway Not In Crosswalk,Unknown,Dark-Lighted,Not Collision with Motor Vehicle in Transport,Pedestrian,1,True,City of Memphis,,,,,,,1331.4333182838232,JOSEPHINE ST,23.86565925292343,35.0,2,B,MEMPHIS,SHELBY,4112.947099420305,City of Memphis
300889892,2023-05-24,2023-05-24 00:00:00,2023,5,Wednesday,99,35.167114,-89.9454,Possible Injury,Pedestrian,Not Intersection-Other Not On Roadway,Intersection,Dawn,"Sideswipe, Opposite Direction",Other,1,True,City of Memphis,,,,,,,281.7541181001398,VERNON AVE,0.4031298883343481,30.0,2,B,MEMPHIS,SHELBY,2520.258449001352,City of Memphis
300890107,2023-05-31,2023-05-31 04:02:00,2023,5,Wednesday,4,35.062046,-89.91006,Possible Injury,Pedestrian,Intersection-On Roadway Crosswalk availability Unknown,Intersection,Dark-Lighted,Not Collision with Motor Vehicle in Transport,Pedestrian,1,True,City of Memphis,,,,,,,1843.212715428664,KNIGHT RD,35.35441284583103,35.0,2,B,MEMPHIS,SHELBY,1746.4487542150525,City of Memphis
300865709,2023-02-07,2023-02-07 19:46:00,2023,2,Tuesday,19,35.13095,-89.86776,Fatal,Pedestrian,Not Intersection-On Roadway Crosswalk not Available,Non-Junction,Dark-Lighted,Not Collision with Motor Vehicle in Transport,Pedestrian,1,True,TDOT,WALNUT GROVE RD,Minor Arterial,40.0,6.0,23,5.0,4.897919658968593,WALNUT GROVE RD,0.2402138884519041,40.0,6,B,MEMPHIS,SHELBY,0.7321198518425095,TDOT
300861906,2023-01-19,2023-01-19 18:26:00,2023,1,Thursday,18,35.04917,-89.83001,Suspected Serious Injury,Pedestrian,Not Intersection-On Roadway Not In Crosswalk,Non-Junction,Dark-Unknown Lighting,Not Collision with Motor Vehicle in Transport,Pedestrian,1,True,City of Memphis,,,,,,,536.2340062101222,RIVERDALE RD,0.44729527491757,45.0,6,B,MEMPHIS,SHELBY,5733.356133089448,City of Memphis
300888463,2023-05-21,2023-05-21 10:00:00,2023,5,Sunday,10,35.087784,-89.96907,Suspected Serious Injury,Pedestrian,Intersection-On Roadway not in Crosswalk,Non-Junction,Daylight,Not Collision with Motor Vehicle in Transport,Pedestrian,1,True,City of Memphis,,,,,,,391.9249514406484,MONTAGUE AVE,21.5627942008704,30.0,2,B,MEMPHIS,SHELBY,1156.2520266705121,City of Memphis
300889493,2023-05-25,2023-05-25 22:15:00,2023,5,Thursday,22,35.134224,-89.98875,Possible Injury,Pedestrian,Intersection-In Crosswalk,Intersection,Dark-Lighted,Not Collision with Motor Vehicle in Transport,Pedestrian,1,True,TDOT,UNION AVE,Principal Arterial,35.0,6.0,23,5.0,19.990738576433905,UNION AVE,24.59812588014694,35.0,6,B,MEMPHIS,SHELBY,3205.8570401165834,TDOT
300889027,2023-05-24,2023-05-24 16:00:00,2023,5,Wednesday,16,35.074326,-89.871605,Possible Injury,Pedestrian,Intersection-On Roadway Crosswalk Not Available,Intersection-Related,Daylight,Not Collision with Motor Vehicle in Transport,Pedestrian,2,True,City of Memphis,,,,,,,432.0611283342617,MOUNT MORIAH ROAD EXT,0.2450475520808434,40.0,7,B,MEMPHIS,SHELBY,1257.7708311584793,City of Memphis
300889749,2023-05-28,2023-05-28 20:00:00,2023,5,Sunday,20,35.108067,-89.969696,Suspected Minor Injury,Pedestrian,Not Intersection-On Roadway Not In Crosswalk,Non-Junction,Dark-Lighted,Not Collision with Motor Vehicle in Transport,Pedestrian,1,True,City of Memphis,,,,,,,1090.5999809926411,PARK AVE,0.3804193888951123,35.0,4,B,MEMPHIS,SHELBY,3294.5420035153675,City of Memphis
300889043,2023-05-24,2023-05-24 16:19:00,2023,5,Wednesday,16,35.131836,-90.0311,Suspected Serious Injury,Pedestrian,Not Intersection-On Roadway Not In Crosswalk,AccelDecelLane,Daylight,Not Collision with Motor Vehicle in Transport,Pedestrian,1,True,TDOT,E E H CRUMP BLVD,Principal Arterial,40.0,6.0,4,6.0,4.727115410828588,E E H CRUMP BLVD,0.0808809471981398,40.0,6,B,MEMPHIS,SHELBY,633.9061386238509,TDOT
300889533,2023-05-26,2023-05-26 21:15:00,2023,5,Friday,21,35.085995,-89.96237,Possible Injury,Pedestrian,Intersection-On Roadway Crosswalk availability Unknown,Intersection-Related,Dark-Not Lighted,Not Collision with Motor Vehicle in Transport,Pedestrian,1,True,TDOT,LAMAR AVE,Principal Arterial,40.0,5.0,4,4.0,3.295591924564537,SEMMES ST,0.2076480421632787,30.0,5,B,MEMPHIS,SHELBY,791.959189189456,TDOT
300869204,2023-02-24,2023-02-24 16:38:00,2023,2,Friday,16,35.081142,-89.99122,Possible Injury,Pedestrian,Not Intersection-Other Not On Roadway,Intersection,Daylight,Not Collision with Motor Vehicle in Transport,Other,1,True,City of Memphis,,,,,,,2465.122345344009,BALL RD,0.7192496717702889,40.0,4,B,MEMPHIS,SHELBY,506.92972191056344,City of Memphis
300890961,2023-06-04,2023-06-04 02:20:00,2023,6,Sunday,2,35.141262,-90.055725,Possible Injury,Pedestrian,Intersection-In Crosswalk,Intersection,Dark-Lighted,Not Collision with Motor Vehicle in Transport,Pedestrian,1,True,City of Memphis,,,,,,,235.7354679665885,PEABODY PL,0.92269792326683,30.0,2,B,MEMPHIS,SHELBY,1308.2626587238885,City of Memphis
300894274,2023-06-20,2023-06-20 22:54:00,2023,6,Tuesday,22,35.118996,-89.89572,No Injury,Pedestrian,Not Intersection-Other Not On Roadway,OtherLocation,Dark-Lighted,Not Collision with Motor Vehicle in Transport,Other,1,True,City of Memphis,,,,,,,627.3172950478604,DEVONSHIRE AVE,28.716795963238667,30.0,2,B,MEMPHIS,SHELBY,2409.8969028845736,City of Memphis
300893034,2023-06-14,2023-06-14 14:19:00,2023,6,Wednesday,14,35.128716,-90.02108,Possible Injury,Pedestrian,Not Intersection-On Roadway Not In Crosswalk,AccelDecelLane,Daylight,Not Collision with Motor Vehicle in Transport,Pedestrian,1,True,TDOT,S BELLEVUE BLVD,Minor Arterial,35.0,4.0,3,6.0,0.1613578382113724,LAMAR AVE,0.364993030220579,40.0,7,B,MEMPHIS,SHELBY,241.75691524319953,TDOT
300892265,2023-06-11,2023-06-11 00:00:00,2023,6,Sunday,99,35.16209,-89.91707,Possible Injury,Pedestrian,Not Intersection-Outside Traffic,Intersection,Unknown,Unknown,Other,1,True,City of Memphis,,,,,,,1457.6639980727364,MACON RD,8.38873260148701,40.0,4,B,MEMPHIS,SHELBY,1532.5900458855463,City of Memphis
300892030,2023-06-06,2023-06-06 19:11:00,2023,6,Tuesday,19,35.20584,-89.913925,Possible Injury,Pedestrian,Intersection-On Roadway not in Crosswalk,Intersection,Daylight,Not Collision with Motor Vehicle in Transport,Pedestrian,1,True,TDOT,STAGE RD,Principal Arterial,45.0,6.0,15,1.0,5.017184341297664,STAGE RD,0.3881955669398118,45.0,6,B,MEMPHIS,SHELBY,1664.7390027178383,TDOT
300872217,2023-03-09,2023-03-09 18:57:00,2023,3,Thursday,18,35.013317,-89.84866,Suspected Serious Injury,Pedestrian,Not Intersection-On Roadway Not In Crosswalk,Non-Junction,Dark-Lighted,Not Collision with Motor Vehicle in Transport,Pedestrian,1,True,City of Memphis,,,,,,,790.4155858729365,CRUMPLER RD,0.8845405137592164,45.0,2,B,MEMPHIS,SHELBY,8337.766873787963,City of Memphis
300891777,2023-06-07,2023-06-07 21:20:00,2023,6,Wednesday,21,35.076996,-89.98512,Unknown,Pedestrian,Not Intersection-On Roadway Not In Crosswalk,Non-Junction,Dark-Lighted,Not Collision with Motor Vehicle in Transport,Pedestrian,1,True,Interstate (TDOT),,,,,,,2269.240555626917,INTERSTATE 240 W,1.3464633403183486,65.0,4,TF,MEMPHIS,SHELBY,1.3464633403183486,City of Memphis
300876543,2023-03-29,2023-03-29 19:43:00,2023,3,Wednesday,19,35.10074,-89.96993,Suspected Serious Injury,Pedestrian,Intersection-On Roadway Crosswalk Not Available,Intersection-Related,Dark-Lighted,Not Collision with Motor Vehicle in Transport,Pedestrian,1,True,City of Memphis,,,,,,,409.065361041508,PENDLETON ST,0.0287790261528072,40.0,4,B,MEMPHIS,SHELBY,2566.132641288486,City of Memphis
300863821,2023-01-29,2023-01-29 17:40:00,2023,1,Sunday,17,35.05482,-89.92932,Fatal,Pedestrian,Not Intersection-On Roadway Not In Crosswalk,Non-Junction,Dark-Lighted,Not Collision with Motor Vehicle in Transport,Pedestrian,1,True,City of Memphis,,,,,,,30.12189004298268,LAMAR AVE,33.24881500517749,40.0,4,B,MEMPHIS,SHELBY,2707.3338281417505,City of Memphis
300893336,2023-06-15,2023-06-15 08:24:00,2023,6,Thursday,8,35.21066,-90.025536,Possible Injury,Pedestrian,Intersection-On Roadway Crosswalk Not Available,Intersection,Daylight,Not Collision with Motor Vehicle in Transport,Pedestrian,1,True,City of Memphis,,,,,,,623.0710798868014,MADEWELL DR,6.0644484640980245,30.0,2,B,MEMPHIS,SHELBY,2324.5475902751145,City of Memphis
300892821,2023-06-09,2023-06-09 21:15:00,2023,6,Friday,21,35.09124,-89.899216,Possible Injury,Pedestrian,Intersection-Unknown,Intersection,Dark-Lighted,Not Collision with Motor Vehicle in Transport,Pedestrian,1,True,City of Memphis,,,,,,,2213.7970514941694,QUINCE RD,0.0786856899936084,40.0,4,B,MEMPHIS,SHELBY,992.7169519217143,City of Memphis
300890314,2023-05-31,2023-05-31 22:29:00,2023,5,Wednesday,22,35.1069,-90.02119,Possible Injury,Pedestrian,Intersection-On Roadway Crosswalk availability Unknown,Intersection,Dark-Lighted,Not Collision with Motor Vehicle in Transport,Pedestrian,1,True,TDOT,ELVIS PRESLEY BLVD,Minor Arterial,40.0,4.0,3,4.0,1.141694593314018,KERR AVE,0.0553073224608662,35.0,3,B,MEMPHIS,SHELBY,720.0232025496615,TDOT
300893873,2023-06-18,2023-06-18 21:10:00,2023,6,Sunday,21,35.1949,-89.83339,Suspected Minor Injury,Pedestrian,Not Intersection-On Roadway Not In Crosswalk,Non-Junction,Dark-Lighted,Not Collision with Motor Vehicle in Transport,Pedestrian,1,True,City of Memphis,,,,,,,1145.459808526624,COUNTRY HAVEN DR,26.53530376909041,30.0,2,B,MEMPHIS,SHELBY,1772.0772871279698,City of Memphis
300893100,2023-06-15,2023-06-15 02:00:00,2023,6,Thursday,2,35.156994,-90.03326,Possible Injury,Pedestrian,Intersection-On Roadway not in Crosswalk,AccelDecelLane,Dark-Lighted,Not Collision with Motor Vehicle in Transport,Pedestrian,1,True,TDOT,JACKSON AVE,Principal Arterial,35.0,4.0,14,7.0,4.730803508901789,JACKSON AVE,0.1172341748416402,35.0,4,B,MEMPHIS,SHELBY,699.6218766987583,TDOT
300891062,2023-06-05,2023-06-05 00:15:00,2023,6,Monday,0,35.040165,-90.03468,Suspected Serious Injury,Pedestrian,Not Intersection-On Roadway Not In Crosswalk,Non-Junction,Dark-Lighted,Not Collision with Motor Vehicle in Transport,Pedestrian,1,True,City of Memphis,,,,,,,870.2246233824904,AUBURN RD,26.373398050064264,35.0,2,B,MEMPHIS,SHELBY,2443.0890474420153,City of Memphis
300893127,2023-06-14,2023-06-14 10:35:00,2023,6,Wednesday,10,35.15142,-89.910805,Possible Injury,Pedestrian,Intersection-Unknown,Non-Junction,Daylight,Not Collision with Motor Vehicle in Transport,Pedestrian,1,True,City of Memphis,,,,,,,288.5149398574433,TUTWILER AVE,23.175534320604847,35.0,2,B,MEMPHIS,SHELBY,1657.6340303139998,City of Memphis
300894406,2023-06-21,2023-06-21 17:47:00,2023,6,Wednesday,17,35.057674,-89.933235,Possible Injury,Pedestrian,Not Intersection-On Roadway Not In Crosswalk,AccelDecelLane,Daylight,Not Collision with Motor Vehicle in Transport,Pedestrian,1,True,TDOT,LAMAR AVE,Principal Arterial,40.0,6.0,4,4.0,11.7370230339911,LAMAR AVE,8.647681323553016,40.0,6,B,MEMPHIS,SHELBY,2457.892385762083,TDOT
300891647,2023-06-07,2023-06-07 20:40:00,2023,6,Wednesday,20,35.14941,-89.94455,Possible Injury,Pedestrian,Not Intersection-On Roadway Not In Crosswalk,Intersection-Related,Dark-Lighted,Not Collision with Motor Vehicle in Transport,Pedestrian,1,True,TDOT,SUMMER AVE,Principal Arterial,35.0,5.0,1,5.0,10.873750835652636,N HIGHLAND ST,2.600271624813377,40.0,5,B,MEMPHIS,SHELBY,4401.919316671731,TDOT
300893681,2023-06-18,2023-06-18 00:30:00,2023,6,Sunday,0,35.139973,-90.05351,Possible Injury,Pedestrian,Intersection-In Crosswalk,Intersection,Dark-Lighted,Not Collision with Motor Vehicle in Transport,Pedestrian,1,True,TDOT,S SECOND ST,Minor Arterial,35.0,3.0,14,6.0,1.2449446035053495,BEALE ST,0.1066992217472858,30.0,2,B,MEMPHIS,SHELBY,1451.033450668551,TDOT
300892397,2023-06-11,2023-06-11 03:00:00,2023,6,Sunday,3,35.167816,-89.864105,Suspected Minor Injury,Pedestrian,Intersection-On Roadway not in Crosswalk,Intersection-Related,Dark-Lighted,Not Collision with Motor Vehicle in Transport,Pedestrian,1,True,City of Memphis,,,,,,,603.7465470049437,SYCAMORE VIEW RD,3.0256732067834404,45.0,7,B,MEMPHIS,SHELBY,345.57449630790927,City of Memphis
300899036,2023-07-15,2023-07-15 11:39:00,2023,7,Saturday,11,35.124573,-90.054924,Suspected Serious Injury,Pedestrian,Intersection-On Roadway not in Crosswalk,Non-Junction,Daylight,Not Collision with Motor Vehicle in Transport,Pedestrian,1,True,TDOT,S THIRD ST,Principal Arterial,35.0,5.0,14,6.0,0.3161980728840365,E E H CRUMP BLVD,0.144499005909844,40.0,6,B,MEMPHIS,SHELBY,1085.072581116512,TDOT
300897159,2023-07-06,2023-07-06 08:15:00,2023,7,Thursday,8,35.083622,-89.85254,Possible Injury,Pedestrian,Not Intersection-Adjacent to Roadway,OtherLocation,Daylight,Not Collision with Motor Vehicle in Transport,Pedestrian,1,True,City of Memphis,,,,,,,1242.8421273013598,HADDINGTON DR,0.1245712236218177,35.0,2,B,MEMPHIS,SHELBY,1802.6440097312566,City of Memphis
300895751,2023-06-18,2023-06-18 22:10:00,2023,6,Sunday,22,35.056656,-89.906395,Possible Injury,Pedestrian,Intersection-On Roadway not in Crosswalk,AccelDecelLane,Dark-Lighted,Not Collision with Motor Vehicle in Transport,Pedestrian,1,True,City of Memphis,,,,,,,1669.5297232580108,CHUCK AVE,0.2778994911362082,30.0,2,B,MEMPHIS,SHELBY,2367.234598932413,City of Memphis
300896267,2023-06-29,2023-06-29 05:00:00,2023,6,Thursday,5,35.16288,-89.94855,Suspected Serious Injury,Pedestrian,Not Intersection-In Parking Lane,AccelDecelLane,Dawn,Not Collision with Motor Vehicle in Transport,Pedestrian,1,True,City of Memphis,,,,,,,421.67074675367365,MACON RD,22.975516931532585,35.0,3,B,MEMPHIS,SHELBY,2995.1625221216837,City of Memphis
300896546,2023-07-02,2023-07-02 18:11:00,2023,7,Sunday,18,35.109516,-90.03287,No Injury,Pedestrian,Not Intersection-Other Not On Roadway,Non-Junction,Daylight,Not Collision with Motor Vehicle in Transport,Other,1,True,City of Memphis,,,,,,,1012.2905505026808,RIDGEWAY ST,29.245354912454324,30.0,2,B,MEMPHIS,SHELBY,332.018884849099,City of Memphis
300899096,2023-07-16,2023-07-16 21:01:00,2023,7,Sunday,21,35.074577,-89.93171,Possible Injury,Pedestrian,Not Intersection-On Roadway Not In Crosswalk,Non-Junction,Dark-Lighted,Not Collision with Motor Vehicle in Transport,Pedestrian,1,True,TDOT,GETWELL RD,Principal Arterial,40.0,7.0,176,4.0,0.6852322039550318,ALLENBROOKE CV,0.1770125791924282,25.0,2,B,MEMPHIS,SHELBY,587.0263911691001,TDOT
300899106,2023-07-16,2023-07-16 19:32:00,2023,7,Sunday,19,35.05417,-90.00857,Possible Injury,Pedestrian,Not Intersection-On Roadway Not In Crosswalk,OtherLocation,Daylight,Not Collision with Motor Vehicle in Transport,Pedestrian,1,True,City of Memphis,,,,,,,1494.958809320417,WINCHESTER RD,43.44325419391566,40.0,7,B,MEMPHIS,SHELBY,372.4867738785232,City of Memphis
300897890,2023-07-08,2023-07-08 10:00:00,2023,7,Saturday,10,35.23399,-89.89301,Possible Injury,Pedestrian,Intersection-On Roadway not in Crosswalk,Non-Junction,Daylight,Not Collision with Motor Vehicle in Transport,Pedestrian,1,True,City of Memphis,,,,,,,62.98969238882766,NEW COVINGTON PIKE,65.95150792571387,45.0,5,B,MEMPHIS,SHELBY,5310.255092879633,City of Memphis
300895277,2023-06-23,2023-06-23 21:30:00,2023,6,Friday,21,35.034973,-89.85636,Possible Injury,Pedestrian,Intersection-On Roadway not in Crosswalk,AccelDecelLane,Dark-Not Lighted,Not Collision with Motor Vehicle in Transport,Pedestrian,1,True,City of Memphis,,,,,,,1616.1545409106438,E RAINES RD,0.2666605623444302,40.0,7,B,MEMPHIS,SHELBY,5836.638734410396,City of Memphis
300898712,2023-07-14,2023-07-14 11:00:00,2023,7,Friday,11,35.14909,-89.88815,Possible Injury,Pedestrian,Intersection-Not on Roadway,Non-Junction,Daylight,Not Collision with Motor Vehicle in Transport,Pedestrian,1,True,City of Memphis,,,,,,,339.1461474991078,N WHITE STATION RD,0.0339673732988206,40.0,5,B,MEMPHIS,SHELBY,380.579557420301,City of Memphis
300895064,2023-06-25,2023-06-25 11:40:00,2023,6,Sunday,11,35.104286,-90.0395,Possible Injury,Pedestrian,Not Intersection-Adjacent to Roadway,Non-Junction,Daylight,Not Collision with Motor Vehicle in Transport,Pedestrian,1,True,City of Memphis,,,,,,,1453.7694516393474,GABAY ST,17.1245353211173,30.0,2,B,MEMPHIS,SHELBY,918.1832110506181,City of Memphis
300895302,2023-06-26,2023-06-26 13:26:00,2023,6,Monday,13,35.144222,-90.03253,Possible Injury,Pedestrian,Intersection-On Roadway Crosswalk availability Unknown,Intersection,Daylight,Not Collision with Motor Vehicle in Transport,Pedestrian,1,True,City of Memphis,,,,,,,631.0840408038149,N DUNLAP ST,37.07814265129005,30.0,5,B,MEMPHIS,SHELBY,667.8491635282804,City of Memphis
300896830,2023-07-04,2023-07-04 10:29:00,2023,7,Tuesday,10,35.06469,-89.92145,No Injury,Pedestrian,Intersection-Not on Roadway,Non-Junction,Daylight,Not Collision with Motor Vehicle in Transport,Other,1,True,City of Memphis,,,,,,,944.3524784389712,KNIGHT ARNOLD RD,0.1474522443017039,40.0,5,B,MEMPHIS,SHELBY,1505.9691513370415,City of Memphis
300894881,2023-06-23,2023-06-23 20:54:00,2023,6,Friday,20,35.11341,-89.99694,Possible Injury,Pedestrian,Intersection-On Roadway not in Crosswalk,Intersection-Related,Dark-Lighted,Not Collision with Motor Vehicle in Transport,Other,1,True,City of Memphis,,,,,,,47.87213344878414,LAPALOMA ST,7.030459496611646,30.0,2,B,MEMPHIS,SHELBY,2708.0534028619154,City of Memphis