MstrRecNbrTxt,CollisionDate,CollisionDteTime,YearNmb,Month,DayOfWeek,Hour,Latitude,Longitude,InjuryClass,PersonType,NonMotoristLocation,RelationToJunction,LightCondition,MannerOfCollision,FirstHarmfulEvent,VictimsInCrash,InMemphis,Jurisdiction,StateRoute_NAME,StateRoute_F_System,StateRoute_SPDLIMIT,StateRoute_LANES,StateRoute_ALTNAME_1,StateRoute_Council_District,DistToStateRoute_m,Street_Name,DistToStreet_m,Street_SPDLIMIT,Street_LANES,Street_ONEWAY,Street_CITY_L,Street_COUNTY_L,DistToInterstate_m,Jurisdiction_prev
300895017,2023-06-25,2023-06-25 00:53:00,2023,6,Sunday,0,35.10511,-90.055145,Fatal,Pedestrian,Not Intersection-On Roadway Not In Crosswalk,Non-Junction,Dark-Lighted,Not Collision with Motor Vehicle in Transport,Pedestrian,1,True,TDOT,S THIRD ST,Principal Arterial,40.0,4.0,14,6.0,25.225855437989075,S THIRD ST,24.81239649535939,40.0,4,B,MEMPHIS,SHELBY,1880.4066640328929,TDOT
300898226,2023-07-12,2023-07-12 02:50:00,2023,7,Wednesday,2,35.07273,-89.94744,Suspected Serious Injury,Pedestrian,Intersection-In Crosswalk,Intersection,Dark-Lighted,Not Collision with Motor Vehicle in Transport,Pedestrian,1,True,TDOT,LAMAR AVE,Principal Arterial,40.0,7.0,4,4.0,7.865731505858768,LAMAR AVE,5.539191486219165,40.0,7,B,MEMPHIS,SHELBY,1036.5522477950901,TDOT
300897793,2023-07-09,2023-07-09 15:30:00,2023,7,Sunday,15,35.054176,-89.85734,Suspected Minor Injury,Pedestrian,Not Intersection-On Roadway Not In Crosswalk,AccelDecelLane,Daylight,Not Collision with Motor Vehicle in Transport,Pedestrian,4,True,City of Memphis,,,,,,,1786.8475205282043,RIDGEWAY RD,0.9490865009395127,45.0,5,B,MEMPHIS,SHELBY,3830.355128322169,City of Memphis
300898803,2023-07-14,2023-07-14 20:50:00,2023,7,Friday,20,35.006474,-89.98989,Suspected Serious Injury,Pedestrian,Not Intersection-On Roadway Not In Crosswalk,AccelDecelLane,Dark-Lighted,Not Collision with Motor Vehicle in Transport,Pedestrian,1,True,City of Memphis,,,,,,,1621.0658323129048,E HOLMES RD,0.0737450282028369,40.0,2,B,MEMPHIS,SHELBY,1154.0315262422805,City of Memphis
300894928,2023-06-23,2023-06-23 21:10:00,2023,6,Friday,21,35.216553,-89.926605,Possible Injury,Pedestrian,Intersection-On Roadway not in Crosswalk,Intersection,Dawn,Not Collision with Motor Vehicle in Transport,Pedestrian,1,True,City of Memphis,,,,,,,904.1628869314342,RALEIGH MILLINGTON RD,0.7591516187616528,40.0,4,B,MEMPHIS,SHELBY,2633.5858282497397,City of Memphis
300899471,2023-07-18,2023-07-18 18:34:00,2023,7,Tuesday,18,35.19989,-89.95876,Suspected Serious Injury,Pedestrian,Intersection-In Crosswalk,Intersection,Dusk,Not Collision with Motor Vehicle in Transport,Pedestrian,1,True,City of Memphis,,,,,,,2997.3446096072244,JAMES RD,0.3434693385497238,45.0,4,B,MEMPHIS,SHELBY,1005.298150916574,City of Memphis
300898810,2023-07-14,2023-07-14 00:45:00,2023,7,Friday,0,35.033012,-90.02144,Suspected Serious Injury,Pedestrian,Not Intersection-Unknown,Unknown,Dark-Lighted,Not Collision with Motor Vehicle in Transport,Pedestrian,1,True,City of Memphis,,,,,,,340.6193832990594,WESLEY DR,70.68336639177299,30.0,2,B,MEMPHIS,SHELBY,1720.7512883059076,City of Memphis
300893801,2023-06-18,2023-06-18 05:56:00,2023,6,Sunday,5,35.137054,-90.0195,Suspected Serious Injury,Pedestrian,Not Intersection-On Roadway Not In Crosswalk,Non-Junction,Dark-Lighted,Not Collision with Motor Vehicle in Transport,Pedestrian,1,True,TDOT,UNION AVE,Principal Arterial,35.0,6.0,23,6.0,12.520900607385686,UNION AVE,7.939389025033924,35.0,6,B,MEMPHIS,SHELBY,421.8394435997695,TDOT
300894679,2023-06-23,2023-06-23 09:10:00,2023,6,Friday,9,35.109966,-90.023994,No Injury,Other Non-Motorist,Unknown,AccelDecelLane,Daylight,Angle,Other,1,True,City of Memphis,,,,,,,201.79531347997545,GREENWOOD ST,30.42263830817073,30.0,2,B,MEMPHIS,SHELBY,453.2964944160488,City of Memphis
300896897,2023-07-04,2023-07-04 18:42:00,2023,7,Tuesday,18,35.031475,-90.00801,Possible Injury,Pedestrian,Not Intersection-Adjacent to Roadway,AccelDecelLane,Daylight,Not Collision with Motor Vehicle in Transport,Pedestrian,1,True,City of Memphis,,,,,,,1155.2620209205238,MILLBRANCH RD,45.02062224568561,40.0,4,B,MEMPHIS,SHELBY,494.1444611411118,City of Memphis
300902780,2023-08-03,2023-08-03 22:05:00,2023,8,Thursday,22,35.108753,-89.98411,Suspected Minor Injury,Pedestrian,Not Intersection-On Roadway Not In Crosswalk,Non-Junction,Dark-Lighted,Not Collision with Motor Vehicle in Transport,Pedestrian,1,True,City of Memphis,,,,,,,71.08484541092311,PARK AVE,25.839620497327115,35.0,4,B,MEMPHIS,SHELBY,3522.8781695825674,City of Memphis
300903844,2023-08-08,2023-08-08 15:52:00,2023,8,Tuesday,15,35.243404,-89.94634,Suspected Serious Injury,Pedestrian,Not Intersection-On Roadway Not In Crosswalk,Intersection,Daylight,Unknown,Other,1,True,City of Memphis,,,,,,,4179.311043294752,NEW ALLEN RD,0.0114180152186706,50.0,2,FT,MEMPHIS,SHELBY,5828.434269135683,City of Memphis
300902017,2023-07-31,2023-07-31 20:20:00,2023,7,Monday,20,35.086636,-90.06302,Unknown,Other Non-Motorist,Unknown,AccelDecelLane,Dark-Lighted,Not Collision with Motor Vehicle in Transport,Other,1,True,City of Memphis,,,,,,,567.7375172898078,W MALLORY AVE,0.1580562899740391,40.0,3,B,MEMPHIS,SHELBY,707.6967421584109,City of Memphis
300901100,2023-07-26,2023-07-26 14:06:00,2023,7,Wednesday,14,35.102528,-89.87461,No Injury,Other Non-Motorist,Unknown,OtherLocation,Daylight,Angle,Other,1,True,City of Memphis,,,,,,,209.1419240560702,CRESTHAVEN RD,39.377334145183625,30.0,2,B,MEMPHIS,SHELBY,396.30458698946626,City of Memphis
300900605,2023-07-22,2023-07-22 23:03:00,2023,7,Saturday,23,35.137165,-90.020584,Possible Injury,Pedestrian,Not Intersection-On Roadway Not In Crosswalk,Non-Junction,Dark-Lighted,Not Collision with Motor Vehicle in Transport,Pedestrian,1,True,TDOT,S BELLEVUE BLVD,Major Collector,35.0,4.0,3,6.0,9.61851568301666,UNION AVE,7.55543392412119,35.0,6,B,MEMPHIS,SHELBY,322.8396410239581,TDOT
300899839,2023-07-20,2023-07-20 09:44:00,2023,7,Thursday,9,35.140484,-89.98288,Possible Injury,Pedestrian,Intersection-Not on Roadway,AccelDecelLane,Daylight,Angle,Other,1,True,TDOT,E PARKWAY,Principal Arterial,40.0,3.0,277,5.0,3.423257971540267,E PARKWAY N,0.1030574163878771,40.0,3,TF,MEMPHIS,SHELBY,3626.2746782050294,TDOT
300903891,2023-08-09,2023-08-09 19:52:00,2023,8,Wednesday,19,35.123707,-89.92578,Possible Injury,Pedestrian,Intersection-Unknown,Intersection,Daylight,Not Collision with Motor Vehicle in Transport,Pedestrian,1,True,TDOT,POPLAR AVE,Principal Arterial,40.0,7.0,57,5.0,4.628842548830558,S GOODLETT ST,0.0534431096850935,40.0,5,B,MEMPHIS,SHELBY,4726.205477687544,TDOT
300903080,2023-08-06,2023-08-06 00:00:00,2023,8,Sunday,0,35.136135,-90.02826,Suspected Serious Injury,Pedestrian,Not Intersection-Unknown,OtherLocation,Dark-Lighted,Not Collision with Motor Vehicle in Transport,Pedestrian,1,True,City of Memphis,,,,,,,138.43271437242876,EASTMORELAND AVE,0.2012331967064091,30.0,2,B,MEMPHIS,SHELBY,357.2567563192364,City of Memphis
300900170,2023-07-21,2023-07-21 20:55:00,2023,7,Friday,20,35.06083,-89.99957,Possible Injury,Pedestrian,Intersection-In Crosswalk,Intersection,Dark-Lighted,Not Collision with Motor Vehicle in Transport,Pedestrian,1,True,City of Memphis,,,,,,,2163.4252398822496,E BROOKS RD,1.0210277963200711,45.0,7,B,MEMPHIS,SHELBY,1449.135911980634,City of Memphis
300900619,2023-07-24,2023-07-24 08:10:00,2023,7,Monday,8,35.09933,-89.84551,Possible Injury,Pedestrian,Intersection-In Crosswalk,Intersection-Related,Daylight,Not Collision with Motor Vehicle in Transport,Pedestrian,1,True,TDOT,POPLAR AVE,Principal Arterial,40.0,7.0,57,2.0,4.659546235693946,POPLAR AVE,0.1330657749865517,40.0,7,B,MEMPHIS,SHELBY,2241.5799292449615,TDOT
300878831,2023-04-09,2023-04-09 15:31:00,2023,4,Sunday,15,35.11678,-90.00675,Fatal,Pedestrian,Not Intersection-Outside Traffic,Non-Junction,Daylight,Not Collision with Motor Vehicle in Transport,Other,1,True,City of Memphis,,,,,,,306.68575222771693,ROZELLE ST,28.69416394076459,30.0,2,B,MEMPHIS,SHELBY,1757.3002496280121,City of Memphis
300903929,2023-08-09,2023-08-09 23:20:00,2023,8,Wednesday,23,35.13909,-90.01824,Suspected Minor Injury,Pedestrian,Intersection-On Roadway not in Crosswalk,Intersection-Related,Dark-Lighted,Not Collision with Motor Vehicle in Transport,Pedestrian,1,True,City of Memphis,,,,,,,225.5003509537169,MADISON AVE,0.3718225647487269,35.0,5,B,MEMPHIS,SHELBY,470.02931133351706,City of Memphis
300900416,2023-07-22,2023-07-22 22:00:00,2023,7,Saturday,22,35.15403,-90.057465,Suspected Minor Injury,Pedestrian,Not Intersection-Adjacent to Roadway,Non-Junction,Dark-Lighted,Not Collision with Motor Vehicle in Transport,Pedestrian,1,True,City of Memphis,,,,,,,828.42287374432,ISLAND DR,15.505564046302336,30.0,2,B,MEMPHIS,SHELBY,95.08935014662833,City of Memphis
300901845,2023-07-30,2023-07-30 20:29:00,2023,7,Sunday,20,35.10118,-90.07481,Possible Injury,Pedestrian,Intersection-On Roadway not in Crosswalk,Intersection,Dark-Not Lighted,Not Collision with Motor Vehicle in Transport,Pedestrian,1,True,City of Memphis,,,,,,,1752.9522561024885,W DISON AVE,19.71921529596872,30.0,2,B,MEMPHIS,SHELBY,118.66879544845969,City of Memphis
300901156,2023-07-27,2023-07-27 00:50:00,2023,7,Thursday,0,35.07445,-89.90562,Suspected Serious Injury,Pedestrian,Not Intersection-On Roadway Not In Crosswalk,Non-Junction,Dark-Lighted,Not Collision with Motor Vehicle in Transport,Pedestrian,1,True,City of Memphis,,,,,,,2372.516928588567,S PERKINS RD,34.02648666484336,40.0,7,B,MEMPHIS,SHELBY,442.17204976028125,City of Memphis
300869139,2023-02-23,2023-02-23 06:21:00,2023,2,Thursday,6,35.166588,-89.86284,Fatal,Pedestrian,Not Intersection-On Roadway Not In Crosswalk,Non-Junction,Dawn,Not Collision with Motor Vehicle in Transport,Pedestrian,1,True,City of Memphis,,,,,,,779.4884883474458,SYCAMORE VIEW RD,2.266040216077013,45.0,7,B,MEMPHIS,SHELBY,173.2147189744338,City of Memphis
300904546,2023-08-12,2023-08-12 20:37:00,2023,8,Saturday,20,35.149094,-89.906364,Possible Injury,Pedestrian,Not Intersection-On Roadway Not In Crosswalk,Intersection,Dark-Lighted,Not Collision with Motor Vehicle in Transport,Pedestrian,1,True,City of Memphis,,,,,,,41.39618728037051,STRATFORD RD,20.18941090586768,40.0,4,B,MEMPHIS,SHELBY,1472.562745947155,City of Memphis
300902662,2023-08-03,2023-08-03 21:18:00,2023,8,Thursday,21,35.03486,-89.86643,Possible Injury,Pedestrian,Intersection-On Roadway not in Crosswalk,AccelDecelLane,Dark-Lighted,Not Collision with Motor Vehicle in Transport,Pedestrian,1,True,City of Memphis,,,,,,,1604.4206166420704,E RAINES RD,0.1875011728511016,45.0,7,B,MEMPHIS,SHELBY,5608.959708521681,City of Memphis
300900716,2023-07-23,2023-07-23 22:29:00,2023,7,Sunday,22,35.142204,-90.03157,Suspected Minor Injury,Pedestrian,Not Intersection-Bike Path,Non-Junction,Dark-Not Lighted,Not Collision with Motor Vehicle in Transport,Pedestrian,1,True,City of Memphis,,,,,,,420.536277152444,JEFFERSON AVE,47.1331252586254,40.0,4,B,MEMPHIS,SHELBY,770.5586920391574,City of Memphis
300901885,2023-07-30,2023-07-30 11:00:00,2023,7,Sunday,11,35.046,-89.82275,Suspected Serious Injury,Pedestrian,Intersection-On Roadway Crosswalk Not Available,Intersection,Daylight,Not Collision with Motor Vehicle in Transport,Pedestrian,1,True,City of Memphis,,,,,,,710.9074401914871,ISHERWOOD RD,0.2539418800124142,30.0,2,B,MEMPHIS,SHELBY,6448.8701151075265,City of Memphis
300900964,2023-07-25,2023-07-25 22:58:00,2023,7,Tuesday,22,35.053246,-90.00796,Suspected Minor Injury,Pedestrian,Intersection-Unknown,Intersection,Dark-Lighted,Not Collision with Motor Vehicle in Transport,Pedestrian,1,True,City of Memphis,,,,,,,1557.6755126300582,MILLBRANCH RD,46.39371838954256,40.0,4,B,MEMPHIS,SHELBY,371.27272109880244,City of Memphis
300900967,2023-07-26,2023-07-26 00:48:00,2023,7,Wednesday,0,35.16556,-89.94653,Suspected Serious Injury,Pedestrian,Intersection-On Roadway Crosswalk Not Available,Intersection,Dark-Lighted,Not Collision with Motor Vehicle in Transport,Pedestrian,1,True,City of Memphis,,,,,,,342.89757272880735,NATIONAL ST,0.0862205631960801,40.0,4,B,MEMPHIS,SHELBY,2693.0530894998624,City of Memphis
300899759,2023-07-19,2023-07-19 17:15:00,2023,7,Wednesday,17,35.141266,-90.05578,Possible Injury,Pedestrian,Intersection-On Roadway not in Crosswalk,Intersection,Daylight,Not Collision with Motor Vehicle in Transport,Pedestrian,1,True,City of Memphis,,,,,,,240.61675578024344,S FRONT ST,0.7152417301801426,30.0,4,B,MEMPHIS,SHELBY,1307.8169545094797,City of Memphis
300902719,2023-08-03,2023-08-03 12:05:00,2023,8,Thursday,12,35.143955,-90.01564,Possible Injury,Pedestrian,Not Intersection-Bike Path,Intersection-Related,Daylight,Not Collision with Motor Vehicle in Transport,Pedestrian,1,True,City of Memphis,,,,,,,789.8753669471429,POPLAR AVE,0.1332189960499262,40.0,7,B,MEMPHIS,SHELBY,616.8395586558686,City of Memphis
300900766,2023-07-23,2023-07-23 23:22:00,2023,7,Sunday,23,35.107105,-89.98499,Suspected Serious Injury,Pedestrian,Intersection-On Roadway Crosswalk Not Available,Non-Junction,Dark-Lighted,Not Collision with Motor Vehicle in Transport,Pedestrian,1,True,TDOT,AIRWAYS BLVD,Principal Arterial,35.0,5.0,277,4.0,0.5426044347983179,AIRWAYS BLVD,0.0450092406937482,35.0,5,B,MEMPHIS,SHELBY,3337.916433867043,TDOT
300904394,2023-08-12,2023-08-12 01:40:00,2023,8,Saturday,1,35.17534,-89.83642,No Injury,Other Non-Motorist,Not Intersection-Unknown,Non-Junction,Dark-Lighted,Other,Other,1,True,Interstate (TDOT),,,,,,,2005.1337079193008,INTERSTATE 40 W,0.3972598566754114,65.0,4,TF,MEMPHIS,SHELBY,0.39725985667541147,City of Memphis
300901974,2023-07-31,2023-07-31 12:00:00,2023,7,Monday,12,35.149644,-90.050468,Possible Injury,Pedestrian,Intersection-In Crosswalk,Intersection-Related,Daylight,Not Collision with Motor Vehicle in Transport,Pedestrian,1,True,City of Memphis,,,,,,,69.70275476910284,POPLAR AVE,46.19330463347883,35.0,4,B,MEMPHIS,SHELBY,378.62602119606436,City of Memphis
300911560,2023-09-17,2023-09-17 11:25:00,2023,9,Sunday,11,35.168365,-90.01061,Possible Injury,Pedestrian,Not Intersection-Outside Traffic,Non-Junction,Daylight,Angle,Other,1,True,City of Memphis,,,,,,,1058.3746253497943,S LEXINGTON CIR,22.659585843462576,30.0,2,B,MEMPHIS,SHELBY,714.1719517594787,City of Memphis
300908723,2023-09-02,2023-09-02 16:20:00,2023,9,Saturday,16,35.18472,-89.93168,Suspected Minor Injury,Pedestrian,Not Intersection-Outside Traffic,Unknown,Daylight,Not Collision with Motor Vehicle in Transport,Pedestrian,1,True,TDOT,JACKSON AVE,Principal Arterial,40.0,7.0,14,7.0,11.724000570107956,JACKSON AVE,14.511041850454973,40.0,7,B,MEMPHIS,SHELBY,766.9017825519824,TDOT
300907385,2023-08-27,2023-08-27 09:00:00,2023,8,Sunday,9,35.02,-90.00509,Possible Injury,Pedestrian,Not Intersection-On Roadway Not In Crosswalk,Intersection,Daylight,Not Collision with Motor Vehicle in Transport,Pedestrian,1,True,City of Memphis,,,,,,,118.14347508136746,CHANCERY ST,12.907062126403977,30.0,2,B,MEMPHIS,SHELBY,220.5932532555564,City of Memphis
300906374,2023-08-22,2023-08-22 09:33:00,2023,8,Tuesday,9,35.115482,-89.946815,Possible Injury,Pedestrian,Not Intersection-In Parking Lane,OtherLocation,Daylight,Not Collision with Motor Vehicle in Transport,Pedestrian,1,True,City of Memphis,,,,,,,1362.8483294835808,SOUTHERN AVE,30.18579442614094,35.0,4,B,MEMPHIS,SHELBY,3656.9719659730868,City of Memphis
300910383,2023-09-11,2023-09-11 20:44:00,2023,9,Monday,20,35.172894,-89.94124,Possible Injury,Pedestrian,Not Intersection-On Roadway Crosswalk not Available,Non-Junction,Dark-Lighted,Not Collision with Motor Vehicle in Transport,Pedestrian,1,True,City of Memphis,,,,,,,74.38677491468547,VIVIA AVE,24.41736277025317,30.0,2,B,MEMPHIS,SHELBY,1895.7308443512522,City of Memphis
300910386,2023-09-11,2023-09-11 20:01:00,2023,9,Monday,20,35.08439,-90.01848,Possible Injury,Pedestrian,Intersection-On Roadway not in Crosswalk,Non-Junction,Dark-Lighted,Not Collision with Motor Vehicle in Transport,Pedestrian,1,True,TDOT,ELVIS PRESLEY BLVD,Minor Arterial,40.0,4.0,3,4.0,0.2160039449463005,ELVIS PRESLEY BLVD,0.6750528762201911,40.0,4,B,MEMPHIS,SHELBY,635.423616206329,TDOT
300911842,2023-09-19,2023-09-19 06:30:00,2023,9,Tuesday,6,35.208244,-90.00381,Possible Injury,Pedestrian,Not Intersection-On Roadway Not In Crosswalk,Non-Junction,Dark-Unknown Lighting,Not Collision with Motor Vehicle in Transport,Pedestrian,1,True,City of Memphis,,,,,,,2539.817709690837,WHITNEY AVE,0.5102784593112056,40.0,2,B,MEMPHIS,SHELBY,1744.4054252819506,City of Memphis
300908227,2023-08-31,2023-08-31 06:50:00,2023,8,Thursday,6,35.125126,-89.89474,Possible Injury,Pedestrian,Intersection-In Crosswalk,Intersection,Dawn,Not Collision with Motor Vehicle in Transport,Pedestrian,1,True,City of Memphis,,,,,,,611.700848107349,SHADY GROVE RD,0.0451008140738755,30.0,2,B,MEMPHIS,SHELBY,2386.2455392447014,City of Memphis
300909689,2023-09-07,2023-09-07 23:10:00,2023,9,Thursday,23,35.137257,-90.04971,Suspected Minor Injury,Pedestrian,Intersection-On Roadway not in Crosswalk,Intersection,Dark-Lighted,Not Collision with Motor Vehicle in Transport,Pedestrian,1,True,TDOT,DR MARTIN LUTHER KING JR AVE,Minor Arterial,35.0,4.0,208,6.0,4.603120449016554,DR MARTIN LUTHER KING JR AVE,0.0388272944743774,35.0,5,B,MEMPHIS,SHELBY,1687.30546526319,TDOT
300911415,2023-09-16,2023-09-16 23:20:00,2023,9,Saturday,23,35.074493,-89.884796,Suspected Serious Injury,Pedestrian,Not Intersection-On Roadway Crosswalk not Available,Non-Junction,Dark-Lighted,Not Collision with Motor Vehicle in Transport,Pedestrian,1,True,City of Memphis,,,,,,,1078.2276200368756,S MENDENHALL RD,0.6581677803335872,40.0,7,B,MEMPHIS,SHELBY,1076.1748986177854,City of Memphis
300909193,2023-09-05,2023-09-05 15:00:00,2023,9,Tuesday,15,35.22076,-89.893845,Possible Injury,Pedestrian,Intersection-On Roadway not in Crosswalk,Intersection-Related,Daylight,Not Collision with Motor Vehicle in Transport,Pedestrian,1,True,City of Memphis,,,,,,,33.89551837676535,COVINGTON PIKE,33.48801678087885,40.0,5,B,MEMPHIS,SHELBY,4025.0928778666284,City of Memphis
300910201,2023-09-10,2023-09-10 18:50:00,2023,9,Sunday,18,35.02113,-90.0517,Possible Injury,Pedestrian,Intersection-On Roadway not in Crosswalk,Non-Junction,Daylight,Not Collision with Motor Vehicle in Transport,Pedestrian,1,True,TDOT,E SHELBY DR,Minor Arterial,45.0,5.0,175,6.0,27.98572823139061,E SHELBY DR,32.61570503044067,45.0,5,B,MEMPHIS,SHELBY,4474.955503209838,TDOT
300882791,2023-04-26,2023-04-26 16:11:00,2023,4,Wednesday,16,35.082165,-90.04382,Suspected Serious Injury,Pedestrian,Not Intersection-Outside Traffic,Non-Junction,Daylight,Not Collision with Motor Vehicle in Transport,Pedestrian,1,True,City of Memphis,,,,,,,1219.226036673413,COMPRESS DR,67.03213985615292,30.0,2,B,MEMPHIS,SHELBY,584.1395074324678,City of Memphis
300911938,2023-09-19,2023-09-19 00:40:00,2023,9,Tuesday,0,35.019997,-89.83126,Suspected Serious Injury,Pedestrian,Not Intersection-Unknown,AccelDecelLane,Dark-Lighted,Not Collision with Motor Vehicle in Transport,Pedestrian,1,True,City of Memphis,,,,,,,47.41490061589154,RIVERDALE RD,1.346307568050083,45.0,7,B,MEMPHIS,SHELBY,8293.80957079775,City of Memphis
300906499,2023-08-22,2023-08-22 20:52:00,2023,8,Tuesday,20,35.061123,-90.01004,Suspected Serious Injury,Pedestrian,Intersection-In Crosswalk,Intersection-Related,Dark-Not Lighted,Not Collision with Motor Vehicle in Transport,Pedestrian,1,True,City of Memphis,,,,,,,1220.6070475295876,E BROOKS RD,0.1887329539293462,45.0,7,B,MEMPHIS,SHELBY,629.9873195071967,City of Memphis
300908081,2023-08-29,2023-08-29 17:48:00,2023,8,Tuesday,17,35.02973,-90.025185,Possible Injury,Pedestrian,Intersection-In Crosswalk,Intersection-Related,Daylight,Not Collision with Motor Vehicle in Transport,Pedestrian,1,True,TDOT,ELVIS PRESLEY BLVD,Principal Arterial,40.0,5.0,3,6.0,0.3360449616345659,ELVIS PRESLEY BLVD,0.5172081316165004,40.0,5,B,MEMPHIS,SHELBY,2060.461350184252,TDOT
300908609,2023-09-02,2023-09-02 03:45:00,2023,9,Saturday,3,35.064785,-89.94119,Possible Injury,Pedestrian,Not Intersection-On Roadway Not In Crosswalk,Intersection-Related,Dark-Lighted,Not Collision with Motor Vehicle in Transport,Pedestrian,1,True,TDOT,LAMAR AVE,Principal Arterial,40.0,7.0,4,4.0,2.864970035361788,LAMAR AVE,0.0119050526398501,40.0,7,B,MEMPHIS,SHELBY,1806.260582894256,TDOT
300910455,2023-09-12,2023-09-12 03:49:00,2023,9,Tuesday,3,35.138603,-90.013145,Possible Injury,Pedestrian,Intersection-Unknown,Intersection,Dark-Lighted,Not Collision with Motor Vehicle in Transport,Pedestrian,1,True,City of Memphis,,,,,,,228.1572312995858,MADISON AVE,0.2625869778766295,35.0,4,B,MEMPHIS,SHELBY,930.7475574509585,City of Memphis
300909268,2023-09-06,2023-09-06 00:30:00,2023,9,Wednesday,0,35.073807,-89.94823,Suspected Serious Injury,Pedestrian,Not Intersection-On Roadway Not In Crosswalk,Non-Junction,Dark-Lighted,Not Collision with Motor Vehicle in Transport,Pedestrian,1,True,TDOT,LAMAR AVE,Principal Arterial,40.0,7.0,4,4.0,3.452614730096471,LAMAR AVE,0.9327361015168796,40.0,7,B,MEMPHIS,SHELBY,904.7363819234614,TDOT
300906576,2023-08-23,2023-08-23 07:15:00,2023,8,Wednesday,7,35.059383,-89.85548,Possible Injury,Pedestrian,Intersection-On Roadway not in Crosswalk,OtherLocation,Daylight,Not Collision with Motor Vehicle in Transport,Pedestrian,1,True,City of Memphis,,,,,,,1189.7544073729423,ARBORWOOD DR,23.8875163199654,30.0,2,B,MEMPHIS,SHELBY,3404.6118124066597,City of Memphis
300876881,2023-03-31,2023-03-31 21:25:00,2023,3,Friday,21,35.240345,-89.948456,Suspected Serious Injury,Pedestrian,Not Intersection-On Roadway Not In Crosswalk,Non-Junction,Dark-Lighted,Not Collision with Motor Vehicle in Transport,Pedestrian,1,True,City of Memphis,,,,,,,4114.991137222341,NEW ALLEN RD,2.474412081904298,50.0,2,FT,MEMPHIS,SHELBY,5550.288701708765,City of Memphis
300911986,2023-09-19,2023-09-19 15:15:00,2023,9,Tuesday,15,35.14753,-90.04919,Suspected Serious Injury,Pedestrian,Intersection-In Crosswalk,Intersection,Daylight,Not Collision with Motor Vehicle in Transport,Pedestrian,1,True,TDOT,N THIRD ST,Minor Arterial,35.0,3.0,3,6.0,5.007484171683087,ADAMS AVE,0.8733351331938296,30.0,3,B,MEMPHIS,SHELBY,607.9369349000565,TDOT
300906538,2023-08-23,2023-08-23 02:15:00,2023,8,Wednesday,2,35.060577,-89.99153,Possible Injury,Pedestrian,Intersection-In Crosswalk,Non-Junction,Dark-Lighted,Not Collision with Motor Vehicle in Transport,Pedestrian,1,True,City of Memphis,,,,,,,2886.298129824098,E BROOKS RD,0.1745062720403744,45.0,7,B,MEMPHIS,SHELBY,1689.2985611621025,City of Memphis
300906020,2023-08-20,2023-08-20 16:15:00,2023,8,Sunday,16,35.205369,-89.931676,Suspected Serious Injury,Pedestrian,Intersection-On Roadway not in Crosswalk,Intersection,Daylight,Not Collision with Motor Vehicle in Transport,Pedestrian,1,True,City of Memphis,,,,,,,740.6260449902387,HOMEWOOD DR,39.52760865901577,30.0,2,B,MEMPHIS,SHELBY,1422.717750416346,City of Memphis
300907346,2023-08-26,2023-08-26 23:33:00,2023,8,Saturday,23,35.172405,-89.791176,Suspected Serious Injury,Pedestrian,Not Intersection-On Roadway Not In Crosswalk,Non-Junction,Dark-Not Lighted,Not Collision with Motor Vehicle in Transport,Pedestrian,1,True,City of Memphis,,,,,,,167.7869931186942,BONNIE LN,38.11614267255027,35.0,2,B,MEMPHIS,SHELBY,2242.2289803256203,City of Memphis
300906039,2023-08-20,2023-08-20 17:30:00,2023,8,Sunday,17,35.2082,-90.0011,Suspected Serious Injury,Pedestrian,Not Intersection-On Roadway Not In Crosswalk,Non-Junction,Daylight,Not Collision with Motor Vehicle in Transport,Pedestrian,1,True,City of Memphis,,,,,,,2744.4050169890274,WHITNEY AVE,26.019667457353822,40.0,2,B,MEMPHIS,SHELBY,1712.2753674006062,City of Memphis
300879062,2023-04-10,2023-04-10 18:46:00,2023,4,Monday,18,35.05018,-89.99976,Fatal,Pedestrian,Not Intersection-On Roadway Not In Crosswalk,OtherLocation,Daylight,Not Collision with Motor Vehicle in Transport,Pedestrian,1,True,City of Memphis,,,,,,,2309.482818378589,TACOMA AVE,25.114044026477856,30.0,2,B,MEMPHIS,SHELBY,860.0275474165707,City of Memphis
300906290,2023-08-21,2023-08-21 03:48:00,2023,8,Monday,3,35.06071,-89.86594,Possible Injury,Pedestrian,Not Intersection-On Roadway Crosswalk not Available,Intersection-Related,Dark-Lighted,Angle,Other,1,True,City of Memphis,,,,,,,1498.8597814121276,KNIGHT ARNOLD RD,2.225604184155148,40.0,7,B,MEMPHIS,SHELBY,2853.3594995994117,City of Memphis