MstrRecNbrTxt,CollisionDate,CollisionDteTime,YearNmb,Month,DayOfWeek,Hour,Latitude,Longitude,InjuryClass,PersonType,NonMotoristLocation,RelationToJunction,LightCondition,MannerOfCollision,FirstHarmfulEvent,VictimsInCrash,InMemphis,Jurisdiction,StateRoute_NAME,StateRoute_F_System,StateRoute_SPDLIMIT,StateRoute_LANES,StateRoute_ALTNAME_1,StateRoute_Council_District,DistToStateRoute_m,Street_Name,DistToStreet_m,Street_SPDLIMIT,Street_LANES,Street_ONEWAY,Street_CITY_L,Street_COUNTY_L,DistToInterstate_m,Jurisdiction_prev
300910784,2023-09-13,2023-09-13 21:10:00,2023,9,Wednesday,21,35.11839,-89.984856,Fatal,Pedestrian,Not Intersection-On Roadway Not In Crosswalk,Non-Junction,Dark-Not Lighted,Not Collision with Motor Vehicle in Transport,Pedestrian,1,True,City of Memphis,,,,,,,41.16899674026929,ACCESS RD,27.116933802399423,35.0,1,TF,MEMPHIS,SHELBY,3673.0121265191065,City of Memphis
300870433,2023-03-02,2023-03-02 04:40:00,2023,3,Thursday,4,35.10188,-89.870285,Fatal,Pedestrian,Not Intersection-On Roadway Not In Crosswalk,Non-Junction,Dark-Lighted,Not Collision with Motor Vehicle in Transport,Pedestrian,1,True,TDOT,POPLAR AVE,Principal Arterial,40.0,3.0,57,5.0,4.854633646546513,POPLAR AVE,0.5657684802411561,40.0,2,FT,MEMPHIS,SHELBY,0.6143158558215749,TDOT
300909070,2023-09-01,2023-09-01 12:00:00,2023,9,Friday,12,35.083168,-89.97186,Possible Injury,Pedestrian,Not Intersection-On Roadway Not In Crosswalk,Non-Junction,Daylight,Not Collision with Motor Vehicle in Transport,Pedestrian,1,True,City of Memphis,,,,,,,881.9956113070641,PENDLETON ST,0.0084469949546053,35.0,2,B,MEMPHIS,SHELBY,677.8907737189203,City of Memphis
300906065,2023-08-20,2023-08-20 00:00:00,2023,8,Sunday,0,35.138485,-90.01186,Possible Injury,Pedestrian,Intersection-In Crosswalk,Unknown,Dark-Lighted,Not Collision with Motor Vehicle in Transport,Pedestrian,1,True,City of Memphis,,,,,,,229.6325512194851,MADISON AVE,0.5043957362011097,35.0,3,B,MEMPHIS,SHELBY,1047.429383825135,City of Memphis
300915113,2023-10-03,2023-10-03 18:27:00,2023,10,Tuesday,18,35.100945,-89.997475,Possible Injury,Pedestrian,Not Intersection-On Roadway Not In Crosswalk,AccelDecelLane,Dawn,Not Collision with Motor Vehicle in Transport,Pedestrian,1,True,City of Memphis,,,,,,,1142.3087594775584,GLORY CIR,20.219711406932174,30.0,2,B,MEMPHIS,SHELBY,2710.529848038933,City of Memphis
300914271,2023-09-30,2023-09-30 19:30:00,2023,9,Saturday,19,35.168327,-89.87949,Possible Injury,Pedestrian,Intersection-Unknown,Non-Junction,Dark-Not Lighted,Not Collision with Motor Vehicle in Transport,Pedestrian,1,True,City of Memphis,,,,,,,509.90613177454605,BARTLETT RD,0.3553158652554981,40.0,2,B,MEMPHIS,SHELBY,1002.9642724921302,City of Memphis
300912916,2023-09-23,2023-09-23 19:12:00,2023,9,Saturday,19,35.006435,-90.00766,Possible Injury,Pedestrian,Not Intersection-In Crosswalk,Intersection,Dark-Lighted,Angle,Other,1,True,City of Memphis,,,,,,,1608.2367164603756,E HOLMES RD,0.0932368337089154,40.0,5,B,MEMPHIS,SHELBY,446.938867218828,City of Memphis
300917321,2023-10-15,2023-10-15 22:20:00,2023,10,Sunday,22,35.073807,-89.94823,Possible Injury,Pedestrian,Not Intersection-Unknown,Unknown,Dark-Lighted,Not Collision with Motor Vehicle in Transport,Pedestrian,1,True,TDOT,LAMAR AVE,Principal Arterial,40.0,7.0,4,4.0,3.452614730096471,LAMAR AVE,0.9327361015168796,40.0,7,B,MEMPHIS,SHELBY,904.7363819234614,TDOT
300916172,2023-10-09,2023-10-09 18:11:00,2023,10,Monday,18,35.17366,-89.9595,Possible Injury,Pedestrian,Intersection-Not on Roadway,Intersection,Dawn,Not Collision with Motor Vehicle in Transport,Pedestrian,1,True,City of Memphis,,,,,,,1129.0707161936996,SUNSET ST,10.916381703748444,30.0,2,B,MEMPHIS,SHELBY,1871.4562463058398,City of Memphis
300913153,2023-09-21,2023-09-21 03:30:00,2023,9,Thursday,3,35.1069,-90.02119,Possible Injury,Pedestrian,Not Intersection-Outside Traffic,Non-Junction,Dark-Lighted,Not Collision with Motor Vehicle in Transport,Pedestrian,1,True,TDOT,ELVIS PRESLEY BLVD,Minor Arterial,40.0,4.0,3,4.0,1.141694593314018,KERR AVE,0.0553073224608662,35.0,3,B,MEMPHIS,SHELBY,720.0232025496615,TDOT
300913464,2023-09-26,2023-09-26 08:00:00,2023,9,Tuesday,8,35.182613,-89.848045,Possible Injury,Pedestrian,Intersection-On Roadway not in Crosswalk,Intersection-Related,Daylight,Not Collision with Motor Vehicle in Transport,Pedestrian,1,True,City of Memphis,,,,,,,675.203450785988,GOLDBRIER LN,22.794389191594824,30.0,2,B,MEMPHIS,SHELBY,1208.3243719953475,City of Memphis
300917144,2023-10-14,2023-10-14 00:00:00,2023,10,Saturday,99,35.202133,-89.91258,Suspected Minor Injury,Pedestrian,Not Intersection-On Roadway Not In Crosswalk,Non-Junction,Unknown,Not Collision with Motor Vehicle in Transport,Pedestrian,1,True,City of Memphis,,,,,,,430.5304113198427,COLEMAN RD,53.80382293126839,45.0,7,B,MEMPHIS,SHELBY,1357.232617827045,City of Memphis
300916655,2023-10-11,2023-10-11 19:48:00,2023,10,Wednesday,19,35.054096,-90.019554,Possible Injury,Pedestrian,Intersection-Unknown,AccelDecelLane,Dark-Not Lighted,Not Collision with Motor Vehicle in Transport,Pedestrian,1,True,City of Memphis,,,,,,,497.07475472659394,WINCHESTER RD,0.399215751858744,40.0,7,B,MEMPHIS,SHELBY,485.8204884243124,City of Memphis
300914112,2023-09-28,2023-09-28 18:58:00,2023,9,Thursday,18,35.111546,-90.02173,Suspected Serious Injury,Pedestrian,Intersection-On Roadway not in Crosswalk,Intersection-Related,Dark-Lighted,Not Collision with Motor Vehicle in Transport,Pedestrian,1,True,TDOT,S BELLEVUE BLVD,Minor Arterial,35.0,5.0,3,4.0,0.398604728326736,E TRIGG AVE,0.2264158639091687,35.0,2,B,MEMPHIS,SHELBY,651.6309241749292,TDOT
300915960,2023-10-05,2023-10-05 17:56:00,2023,10,Thursday,17,35.162354,-89.947014,Possible Injury,Pedestrian,Intersection-On Roadway Crosswalk availability Unknown,Intersection,Daylight,Not Collision with Motor Vehicle in Transport,Pedestrian,1,True,City of Memphis,,,,,,,561.5056872763699,NATIONAL ST,0.4485690755497973,40.0,4,B,MEMPHIS,SHELBY,3049.323208862392,City of Memphis
300917180,2023-10-14,2023-10-14 17:00:00,2023,10,Saturday,17,35.04917,-89.83001,Suspected Serious Injury,Pedestrian,Not Intersection-On Roadway Not In Crosswalk,AccelDecelLane,Daylight,Not Collision with Motor Vehicle in Transport,Pedestrian,1,True,City of Memphis,,,,,,,536.2340062101222,RIVERDALE RD,0.44729527491757,45.0,6,B,MEMPHIS,SHELBY,5733.356133089448,City of Memphis
300915768,2023-10-07,2023-10-07 14:27:00,2023,10,Saturday,14,35.21268,-89.892105,Possible Injury,Pedestrian,Not Intersection-Outside Traffic,Intersection-Related,Daylight,"Sideswipe, Opposite Direction",Other,1,True,City of Memphis,,,,,,,215.4959495630189,LONGACRE AVE,20.85363035549774,30.0,2,B,MEMPHIS,SHELBY,3446.2849537163543,City of Memphis
300916233,2023-10-09,2023-10-09 10:58:00,2023,10,Monday,10,35.094753,-90.0555,Possible Injury,Pedestrian,Not Intersection-On Roadway Not In Crosswalk,Non-Junction,Daylight,Not Collision with Motor Vehicle in Transport,Pedestrian,1,True,City of Memphis,,,,,,,38.77644352291203,S THIRD ST,38.12196533535738,40.0,7,B,MEMPHIS,SHELBY,1662.656548018359,City of Memphis
300917710,2023-10-17,2023-10-17 14:40:00,2023,10,Tuesday,14,35.143208,-90.05363,Possible Injury,Pedestrian,Intersection-On Roadway Crosswalk Not Available,Intersection,Daylight,Not Collision with Motor Vehicle in Transport,Pedestrian,1,True,City of Memphis,,,,,,,122.15207515138285,UNION AVE,1.4947529632705148,30.0,4,B,MEMPHIS,SHELBY,1092.128425666734,City of Memphis
300912257,2023-09-20,2023-09-20 15:43:00,2023,9,Wednesday,15,35.070583,-89.8641,Suspected Serious Injury,Pedestrian,Not Intersection-On Roadway Not In Crosswalk,AccelDecelLane,Daylight,Not Collision with Motor Vehicle in Transport,Pedestrian,1,True,City of Memphis,,,,,,,529.1470129408474,HICKORY HILL RD,46.3984383795606,45.0,6,B,MEMPHIS,SHELBY,1934.2989184797523,City of Memphis
300914415,2023-10-01,2023-10-01 13:00:00,2023,10,Sunday,13,35.174286,-89.97595,Possible Injury,Pedestrian,Intersection-In Crosswalk,Intersection,Daylight,Not Collision with Motor Vehicle in Transport,Pedestrian,1,True,City of Memphis,,,,,,,1807.9461413548568,CHELSEA AVE,40.77190557671491,40.0,4,B,MEMPHIS,SHELBY,1911.253599427967,City of Memphis
300915073,2023-10-04,2023-10-04 07:57:00,2023,10,Wednesday,7,35.16734,-90.0103,No Injury,Other Non-Motorist,Unknown,AccelDecelLane,Daylight,Angle,Other,1,True,City of Memphis,,,,,,,941.6264164966816,BROWN AVE,0.308174155586439,30.0,2,B,MEMPHIS,SHELBY,748.206540428201,City of Memphis
300915806,2023-10-07,2023-10-07 01:00:00,2023,10,Saturday,1,35.035595,-89.98982,Possible Injury,Pedestrian,Not Intersection-On Roadway Not In Crosswalk,AccelDecelLane,Dark-Lighted,Not Collision with Motor Vehicle in Transport,Pedestrian,1,True,City of Memphis,,,,,,,1609.59190312081,E RAINES RD,0.1311188960774338,40.0,5,B,MEMPHIS,SHELBY,1148.6227666790232,City of Memphis
300916751,2023-10-12,2023-10-12 23:19:00,2023,10,Thursday,23,35.04917,-89.83001,Possible Injury,Pedestrian,Intersection-On Roadway not in Crosswalk,Intersection,Dark-Lighted,Not Collision with Motor Vehicle in Transport,Pedestrian,1,True,City of Memphis,,,,,,,536.2340062101222,RIVERDALE RD,0.44729527491757,45.0,6,B,MEMPHIS,SHELBY,5733.356133089448,City of Memphis
300895152,2023-06-25,2023-06-25 23:02:00,2023,6,Sunday,23,35.19183,-89.97579,Fatal,Pedestrian,Not Intersection-On Roadway Not In Crosswalk,Non-Junction,Dark-Lighted,Not Collision with Motor Vehicle in Transport,Pedestrian,1,True,City of Memphis,,,,,,,3605.960217055696,N HOLLYWOOD ST,0.020262720553537,40.0,6,B,MEMPHIS,SHELBY,0.10099763304606005,City of Memphis
300913284,2023-09-25,2023-09-25 19:00:00,2023,9,Monday,19,35.01948,-90.08443,Possible Injury,Pedestrian,Intersection-On Roadway Crosswalk Not Available,Intersection,Daylight,Not Collision with Motor Vehicle in Transport,Pedestrian,1,True,City of Memphis,,,,,,,155.24451740247554,TWELFTH RD,51.45271810664869,30.0,2,B,MEMPHIS,SHELBY,6809.104959662096,City of Memphis
300913641,2023-09-26,2023-09-26 14:20:00,2023,9,Tuesday,14,35.219944,-90.035965,Possible Injury,Pedestrian,Not Intersection-On Roadway Not In Crosswalk,AccelDecelLane,Daylight,Not Collision with Motor Vehicle in Transport,Pedestrian,1,True,City of Memphis,,,,,,,617.3097962631115,DAWN DR,0.1138183460267186,30.0,2,B,MEMPHIS,SHELBY,3676.1946972652026,City of Memphis
300917481,2023-10-16,2023-10-16 16:32:00,2023,10,Monday,16,35.139336,-89.964294,Suspected Serious Injury,Pedestrian,Intersection-On Roadway Crosswalk Not Available,Non-Junction,Daylight,Not Collision with Motor Vehicle in Transport,Pedestrian,1,True,City of Memphis,,,,,,,344.0811584666825,MIMOSA AVE,6.079162949431019,30.0,2,B,MEMPHIS,SHELBY,5323.985217586673,City of Memphis
300915229,2023-10-05,2023-10-05 07:44:00,2023,10,Thursday,7,35.127537,-89.77441,Possible Injury,Pedestrian,Intersection-In Crosswalk,Unknown,Daylight,Not Collision with Motor Vehicle in Transport,Pedestrian,1,True,City of Memphis,,,,,,,2121.440417084735,WALNUT GROVE RD,0.0936421464612294,45.0,5,B,MEMPHIS,SHELBY,7342.0828576489,City of Memphis
300913665,2023-09-27,2023-09-27 19:20:00,2023,9,Wednesday,19,35.035145,-90.02236,Suspected Minor Injury,Pedestrian,Intersection-Not on Roadway,Intersection,Dark-Not Lighted,Not Collision with Motor Vehicle in Transport,Pedestrian,1,True,City of Memphis,,,,,,,256.0115050380837,E RAINES RD,41.45485028142393,40.0,5,B,MEMPHIS,SHELBY,1731.6828006853063,City of Memphis
300915610,2023-10-06,2023-10-06 16:20:00,2023,10,Friday,16,35.096157,-90.01803,Possible Injury,Pedestrian,Not Intersection-On Roadway Not In Crosswalk,Non-Junction,Daylight,Not Collision with Motor Vehicle in Transport,Pedestrian,1,True,TDOT,ELVIS PRESLEY BLVD,Minor Arterial,40.0,5.0,3,6.0,0.1519972547678863,ELVIS PRESLEY BLVD,0.5477293401667992,40.0,5,B,MEMPHIS,SHELBY,763.1795671074477,TDOT
300917256,2023-10-15,2023-10-15 15:05:00,2023,10,Sunday,15,35.15432,-89.885544,Possible Injury,Pedestrian,Intersection-On Roadway Crosswalk availability Unknown,Intersection,Daylight,Not Collision with Motor Vehicle in Transport,Pedestrian,1,True,City of Memphis,,,,,,,117.4264797094166,40 S TO 240 E,72.52475445941224,45.0,1,FT,MEMPHIS,SHELBY,82.64048746323714,City of Memphis
300915620,2023-10-06,2023-10-06 18:50:00,2023,10,Friday,18,35.172024,-89.868416,Possible Injury,Pedestrian,Intersection-On Roadway not in Crosswalk,Intersection,Dark-Lighted,Not Collision with Motor Vehicle in Transport,Pedestrian,1,True,TDOT,SUMMER AVE,Principal Arterial,45.0,4.0,1,1.0,3.013162245696638,SUMMER AVE,0.1415092802841134,45.0,4,B,MEMPHIS,SHELBY,935.0341778429045,TDOT
300914486,2023-09-29,2023-09-29 22:20:00,2023,9,Friday,22,35.107105,-89.98499,Possible Injury,Pedestrian,Intersection-On Roadway not in Crosswalk,Intersection-Related,Dark-Not Lighted,Not Collision with Motor Vehicle in Transport,Pedestrian,1,True,TDOT,AIRWAYS BLVD,Principal Arterial,35.0,5.0,277,4.0,0.5426044347983179,AIRWAYS BLVD,0.0450092406937482,35.0,5,B,MEMPHIS,SHELBY,3337.916433867043,TDOT
300911423,2023-09-15,2023-09-15 11:58:00,2023,9,Friday,11,35.14555,-90.00648,Possible Injury,Pedestrian,Not Intersection-Adjacent to Roadway,Intersection-Related,Daylight,Not Collision with Motor Vehicle in Transport,Pedestrian,1,True,City of Memphis,,,,,,,864.3147646171564,N AVALON ST,31.504402918730765,30.0,2,B,MEMPHIS,SHELBY,1431.0720945247747,City of Memphis
300915865,2023-10-05,2023-10-05 10:05:00,2023,10,Thursday,10,35.083305,-90.01855,Suspected Minor Injury,Pedestrian,Intersection-On Roadway not in Crosswalk,Non-Junction,Daylight,Not Collision with Motor Vehicle in Transport,Pedestrian,1,True,TDOT,ELVIS PRESLEY BLVD,Minor Arterial,40.0,4.0,3,6.0,0.0251714708775897,NORRIS RD,0.124507636430282,40.0,4,B,MEMPHIS,SHELBY,630.7433470096478,TDOT
300909326,2023-09-06,2023-09-06 05:51:00,2023,9,Wednesday,5,35.22037,-89.909874,Suspected Serious Injury,Pedestrian,Not Intersection-On Roadway Not In Crosswalk,Non-Junction,Dark-Lighted,Not Collision with Motor Vehicle in Transport,Pedestrian,1,True,TDOT,AUSTIN PEAY HWY,Principal Arterial,45.0,7.0,14,1.0,8.343270576944933,RALEIGH SPRINGS MALL DR,0.6292989334090913,15.0,2,B,MEMPHIS,SHELBY,3300.639915738825,TDOT
300914231,2023-09-05,2023-09-05 09:00:00,2023,9,Tuesday,9,35.10106,-89.83937,Possible Injury,Pedestrian,Intersection-On Roadway not in Crosswalk,Intersection,Daylight,Not Collision with Motor Vehicle in Transport,Pedestrian,1,True,City of Memphis,,,,,,,303.0344515565507,KIRBY PKWY,0.6404694476145163,40.0,5,B,MEMPHIS,SHELBY,2798.99673424171,City of Memphis
300914809,2023-10-02,2023-10-02 10:43:00,2023,10,Monday,10,35.04782,-89.77089,Possible Injury,Pedestrian,Not Intersection-Outside Traffic,Non-Junction,Daylight,Not Collision with Motor Vehicle in Transport,Pedestrian,1,True,City of Memphis,,,,,,,3420.115607728617,WINCHESTER RD,0.4550326042682542,45.0,6,B,MEMPHIS,SHELBY,10230.267795503303,City of Memphis
300921685,2023-11-04,2023-11-04 17:00:00,2023,11,Saturday,17,35.202286,-90.00732,Possible Injury,Pedestrian,Intersection-On Roadway not in Crosswalk,Non-Junction,Daylight,Not Collision with Motor Vehicle in Transport,Pedestrian,1,True,City of Memphis,,,,,,,2410.5386064373765,N WATKINS ST,0.674171693034589,40.0,4,B,MEMPHIS,SHELBY,1126.9640056722442,City of Memphis
300923127,2023-11-10,2023-11-10 14:10:00,2023,11,Friday,14,35.225494,-89.88692,No Injury,Pedestrian,Intersection-Not on Roadway,AccelDecelLane,Daylight,Not Collision with Motor Vehicle in Transport,Other,1,True,City of Memphis,,,,,,,582.9842809536672,SUNNYSIDE ST,21.716828935783976,30.0,2,B,MEMPHIS,SHELBY,4824.484422981004,City of Memphis
300924942,2023-11-20,2023-11-20 13:35:00,2023,11,Monday,13,35.043865,-89.84237,Suspected Minor Injury,Pedestrian,Intersection-Not on Roadway,"Driveway, Alley Access, etc",Daylight,Not Collision with Motor Vehicle in Transport,Pedestrian,1,True,City of Memphis,,,,,,,1682.6752329175536,KIRBY PKWY,95.84146292621756,45.0,6,B,MEMPHIS,SHELBY,5498.800132195907,City of Memphis
300870877,2023-03-03,2023-03-03 19:15:00,2023,3,Friday,19,35.115478,-90.030309,Fatal,Pedestrian,Intersection-On Roadway not in Crosswalk,Intersection,Dark-Lighted,Not Collision with Motor Vehicle in Transport,Pedestrian,1,True,City of Memphis,,,,,,,789.0456608011984,COLLEGE ST,0.7309732571509384,30.0,2,B,MEMPHIS,SHELBY,199.59768626339542,City of Memphis
300920916,2023-11-01,2023-11-01 20:25:00,2023,11,Wednesday,20,35.047623,-90.05627,Possible Injury,Pedestrian,Not Intersection-Adjacent to Roadway,Intersection,Dark-Not Lighted,Not Collision with Motor Vehicle in Transport,Pedestrian,2,True,City of Memphis,,,,,,,559.0102343759573,HILLVIEW AVE,0.0388806085511531,30.0,2,B,MEMPHIS,SHELBY,3389.50386350766,City of Memphis
300921742,2023-11-05,2023-11-05 15:30:00,2023,11,Sunday,15,35.126884,-89.98523,No Injury,Pedestrian,Unknown,AccelDecelLane,Daylight,Angle,Other,1,True,City of Memphis,,,,,,,90.25781163030013,LANDIS ST,22.000107416069888,30.0,2,B,MEMPHIS,SHELBY,3507.956146556013,City of Memphis
300921667,2023-11-05,2023-11-05 01:40:00,2023,11,Sunday,1,35.07425,-89.94877,Suspected Serious Injury,Pedestrian,Intersection-On Roadway not in Crosswalk,Non-Junction,Dark-Lighted,Angle,Other,1,True,TDOT,LAMAR AVE,Principal Arterial,40.0,7.0,4,4.0,14.141361449219009,LAMAR AVE,11.408413042247698,40.0,7,B,MEMPHIS,SHELBY,840.8824593476743,TDOT
300922928,2023-11-10,2023-11-10 17:00:00,2023,11,Friday,17,35.072693,-89.931885,Suspected Serious Injury,Pedestrian,Not Intersection-On Roadway Not In Crosswalk,Non-Junction,Dusk,Not Collision with Motor Vehicle in Transport,Pedestrian,1,True,TDOT,GETWELL RD,Principal Arterial,40.0,7.0,176,4.0,0.8191315865823904,GETWELL RD,0.5023058311693057,40.0,7,B,MEMPHIS,SHELBY,795.6315500662231,TDOT
300923625,2023-11-13,2023-11-13 14:00:00,2023,11,Monday,14,35.04997,-89.80959,Suspected Serious Injury,Pedestrian,Not Intersection-Outside Traffic,OtherLocation,Daylight,Not Collision with Motor Vehicle in Transport,Pedestrian,1,True,TDOT,STATE ROUTE 385,Freeway and Expressway,65.0,2.0,NONCONNAH PKWY,2.0,1.398608789251006,STATE ROUTE 385 E,0.0007114617448149,65.0,3,FT,MEMPHIS,SHELBY,7079.658705257593,TDOT
300923919,2023-11-13,2023-11-13 23:50:00,2023,11,Monday,23,35.16373,-90.0367,Possible Injury,Pedestrian,Intersection-On Roadway Crosswalk Not Available,Intersection,Dark-Not Lighted,Not Collision with Motor Vehicle in Transport,Pedestrian,1,True,TDOT,THOMAS ST,Principal Arterial,35.0,5.0,3,7.0,1.9243107764442584,CHELSEA AVE,0.0724008170190628,35.0,5,B,MEMPHIS,SHELBY,1385.0040933988873,TDOT
300920662,2023-10-30,2023-10-30 18:58:00,2023,10,Monday,18,35.10829,-89.970085,Suspected Serious Injury,Pedestrian,Not Intersection-On Roadway Not In Crosswalk,Non-Junction,Dark-Lighted,Not Collision with Motor Vehicle in Transport,Pedestrian,1,True,City of Memphis,,,,,,,1092.3482935225086,PARK AVE,23.469216771382342,35.0,4,B,MEMPHIS,SHELBY,3332.169612792085,City of Memphis
300918716,2023-10-21,2023-10-21 21:30:00,2023,10,Saturday,21,35.107296,-90.04129,Suspected Serious Injury,Pedestrian,Not Intersection-On Roadway Not In Crosswalk,AccelDecelLane,Dark-Lighted,Not Collision with Motor Vehicle in Transport,Pedestrian,1,True,City of Memphis,,,,,,,1280.7037250051687,S PARKWAY E,0.0993316723056785,35.0,5,B,MEMPHIS,SHELBY,1091.0880302663043,City of Memphis
300924495,2023-11-17,2023-11-17 19:44:00,2023,11,Friday,19,35.109135,-89.88837,Possible Injury,Pedestrian,Intersection-In Crosswalk,Intersection,Dark-Lighted,Not Collision with Motor Vehicle in Transport,Pedestrian,1,True,TDOT,POPLAR AVE,Principal Arterial,40.0,7.0,57,5.0,4.354441791199979,S WHITE STATION RD,0.3925654176084056,40.0,5,B,MEMPHIS,SHELBY,1671.5824706871463,TDOT
300921775,2023-11-05,2023-11-05 19:25:00,2023,11,Sunday,19,35.182,-89.8638,Possible Injury,Pedestrian,Not Intersection-Adjacent to Roadway,Intersection-Related,Dark-Lighted,Not Collision with Motor Vehicle in Transport,Pedestrian,1,True,City of Memphis,,,,,,,383.4797261934267,RALEIGH LAGRANGE RD,35.47379154571468,40.0,2,B,MEMPHIS,SHELBY,1758.2744676528162,City of Memphis
300923942,2023-11-16,2023-11-16 00:12:00,2023,11,Thursday,0,35.17838,-89.93549,Possible Injury,Pedestrian,Not Intersection-Adjacent to Roadway,Non-Junction,Dark-Lighted,Not Collision with Motor Vehicle in Transport,Pedestrian,1,True,City of Memphis,,,,,,,108.9012751042339,VILLA DR,0.7970204733785463,30.0,2,B,MEMPHIS,SHELBY,1361.4192844831384,City of Memphis
300875694,2023-03-25,2023-03-25 23:19:00,2023,3,Saturday,23,35.06969,-89.87566,Suspected Serious Injury,Pedestrian,Not Intersection-On Roadway Not In Crosswalk,Intersection,Dark-Lighted,Not Collision with Motor Vehicle in Transport,Pedestrian,1,True,City of Memphis,,,,,,,1050.3181444396537,CLARKE RD,0.1800200779171413,35.0,2,B,MEMPHIS,SHELBY,1655.6579919038984,City of Memphis
300914363,2023-10-01,2023-10-01 02:33:00,2023,10,Sunday,2,35.060703,-89.83386,Fatal,Pedestrian,Not Intersection-On Roadway Not In Crosswalk,Non-Junction,Dark-Not Lighted,Not Collision with Motor Vehicle in Transport,Pedestrian,1,True,City of Memphis,,,,,,,208.3847200017076,QUINCE RD,0.4279886463127866,45.0,2,B,MEMPHIS,SHELBY,4600.686289820188,City of Memphis
300922966,2023-11-09,2023-11-09 15:25:00,2023,11,Thursday,15,35.018738,-90.02509,Possible Injury,Pedestrian,Intersection-In Crosswalk,OtherLocation,Other,Not Collision with Motor Vehicle in Transport,Pedestrian,1,True,TDOT,ELVIS PRESLEY BLVD,Principal Arterial,40.0,5.0,3,3.0,11.75153217693931,ELVIS PRESLEY BLVD,11.55140424862666,40.0,5,B,MEMPHIS,SHELBY,2045.1087234989616,TDOT
300922682,2023-11-08,2023-11-08 20:35:00,2023,11,Wednesday,20,35.244186,-89.94719,Fatal,Pedestrian,Not Intersection-Adjacent to Roadway,Non-Junction,Dark-Lighted,Not Collision with Motor Vehicle in Transport,Pedestrian,1,True,City of Memphis,,,,,,,4294.067791358058,RIDGEMONT RD,41.653889286835415,30.0,4,B,MEMPHIS,SHELBY,5931.750038566451,City of Memphis
300921575,2023-11-04,2023-11-04 18:30:00,2023,11,Saturday,18,35.177612,-89.95804,Possible Injury,Pedestrian,Not Intersection-In Crosswalk,Intersection,Daylight,Not Collision with Motor Vehicle in Transport,Pedestrian,1,True,City of Memphis,,,,,,,1351.700163697603,ORIOLE ST,23.519875876532144,30.0,2,B,MEMPHIS,SHELBY,1424.1272290280315,City of Memphis
300922705,2023-11-09,2023-11-09 17:14:00,2023,11,Thursday,17,35.149544,-90.04439,Suspected Minor Injury,Pedestrian,Intersection-In Crosswalk,Intersection,Dark-Lighted,Not Collision with Motor Vehicle in Transport,Pedestrian,1,True,City of Memphis,,,,,,,119.72333119832716,EXCHANGE AVE,0.5651262510725755,30.0,2,B,MEMPHIS,SHELBY,246.65676486153697,City of Memphis
300922709,2023-11-09,2023-11-09 18:20:00,2023,11,Thursday,18,35.136204,-90.016266,Suspected Minor Injury,Pedestrian,Intersection-On Roadway not in Crosswalk,Intersection,Dark-Lighted,Not Collision with Motor Vehicle in Transport,Pedestrian,1,True,City of Memphis,,,,,,,70.51544182462534,ALLEY,29.70533639972608,25.0,1,B,MEMPHIS,SHELBY,716.1231738315115,City of Memphis
300920103,2023-10-27,2023-10-27 22:00:00,2023,10,Friday,22,35.018356,-90.06777,Suspected Serious Injury,Pedestrian,Not Intersection-On Roadway Crosswalk not Available,"Driveway, Alley Access, etc",Dark-Lighted,Not Collision with Motor Vehicle in Transport,Pedestrian,1,True,City of Memphis,,,,,,,287.19351518186653,W GEETER RD,26.770476748564157,30.0,2,B,MEMPHIS,SHELBY,5940.272539705616,City of Memphis
300924559,2023-11-18,2023-11-18 19:50:00,2023,11,Saturday,19,35.035503,-90.090324,Possible Injury,Pedestrian,Intersection-On Roadway Crosswalk availability Unknown,Intersection,Dawn,Not Collision with Motor Vehicle in Transport,Pedestrian,1,True,City of Memphis,,,,,,,1209.3255479381944,W RAINES RD,41.85144794407477,40.0,5,B,MEMPHIS,SHELBY,5242.433494422943,City of Memphis
300922763,2023-11-08,2023-11-08 08:15:00,2023,11,Wednesday,8,35.143147,-90.04417,Possible Injury,Pedestrian,Intersection-On Roadway not in Crosswalk,"Driveway, Alley Access, etc",Daylight,Not Collision with Motor Vehicle in Transport,Pedestrian,1,True,TDOT,S DANNY THOMAS BLVD,Principal Arterial,35.0,2.0,1,6.0,2.694832426994947,MADISON AVE,0.0229799355275459,35.0,4,B,MEMPHIS,SHELBY,947.3519336900215,TDOT