MstrRecNbrTxt,CollisionDate,CollisionDteTime,YearNmb,Month,DayOfWeek,Hour,Latitude,Longitude,InjuryClass,PersonType,NonMotoristLocation,RelationToJunction,LightCondition,MannerOfCollision,FirstHarmfulEvent,VictimsInCrash,InMemphis,Jurisdiction,StateRoute_NAME,StateRoute_F_System,StateRoute_SPDLIMIT,StateRoute_LANES,StateRoute_ALTNAME_1,StateRoute_Council_District,DistToStateRoute_m,Street_Name,DistToStreet_m,Street_SPDLIMIT,Street_LANES,Street_ONEWAY,Street_CITY_L,Street_COUNTY_L,DistToInterstate_m,Jurisdiction_prev
300924350,2023-11-17,2023-11-17 19:00:00,2023,11,Friday,19,35.083065,-89.93171,Possible Injury,Pedestrian,Intersection-Not on Roadway,Intersection-Related,Dark-Lighted,Not Collision with Motor Vehicle in Transport,Pedestrian,1,True,City of Memphis,,,,,,,288.9813946539106,GETWELL RD,41.04552473585913,40.0,7,B,MEMPHIS,SHELBY,317.9836422367503,City of Memphis
300922788,2023-11-09,2023-11-09 00:14:00,2023,11,Thursday,0,35.06032,-90.06083,Possible Injury,Pedestrian,Not Intersection-On Roadway Not In Crosswalk,Intersection,Dark-Lighted,Not Collision with Motor Vehicle in Transport,Pedestrian,1,True,City of Memphis,,,,,,,121.8481902596494,E ROLLINS RD,31.924956317931866,30.0,2,B,MEMPHIS,SHELBY,2084.8356694460385,City of Memphis
300920164,2023-10-27,2023-10-27 20:47:00,2023,10,Friday,20,35.073643,-89.90422,Possible Injury,Pedestrian,Not Intersection-On Roadway Not In Crosswalk,Non-Junction,Dark-Lighted,Not Collision with Motor Vehicle in Transport,Pedestrian,1,True,City of Memphis,,,,,,,2506.9536655542097,AMERICAN WAY,46.402802063866005,45.0,5,B,MEMPHIS,SHELBY,568.5860293029629,City of Memphis
300918339,2023-10-18,2023-10-18 15:52:00,2023,10,Wednesday,15,35.13079,-90.02165,Possible Injury,Pedestrian,Intersection-On Roadway not in Crosswalk,Intersection,Daylight,Not Collision with Motor Vehicle in Transport,Pedestrian,1,True,City of Memphis,,,,,,,65.69058224698725,S BELLEVUE BLVD,66.24547213251455,35.0,4,B,MEMPHIS,SHELBY,200.2320865752068,City of Memphis
300924868,2023-11-20,2023-11-20 12:30:00,2023,11,Monday,12,35.084736,-89.98446,Possible Injury,Pedestrian,Not Intersection-On Roadway Not In Crosswalk,Non-Junction,Daylight,Not Collision with Motor Vehicle in Transport,Pedestrian,1,True,City of Memphis,,,,,,,1732.1657577636022,DWIGHT RD,1.6822335966358335,35.0,2,B,MEMPHIS,SHELBY,859.2800479350983,City of Memphis
300922220,2023-11-07,2023-11-07 15:48:00,2023,11,Tuesday,15,35.21583,-89.92238,Possible Injury,Pedestrian,Intersection-On Roadway Crosswalk Not Available,Intersection,Daylight,Not Collision with Motor Vehicle in Transport,Pedestrian,1,True,City of Memphis,,,,,,,555.9900066010523,HANNA DR,23.51780881435412,30.0,2,B,MEMPHIS,SHELBY,2571.8933296649143,City of Memphis
300927745,2023-12-04,2023-12-04 15:43:00,2023,12,Monday,15,35.09624,-89.85845,Possible Injury,Pedestrian,Not Intersection-On Roadway Not In Crosswalk,Non-Junction,Daylight,Not Collision with Motor Vehicle in Transport,Pedestrian,1,True,City of Memphis,,,,,,,596.070231308357,RIDGEWAY RD,8.557079077307709,40.0,7,B,MEMPHIS,SHELBY,1068.8190784415438,City of Memphis
300929339,2023-12-11,2023-12-11 07:40:00,2023,12,Monday,7,35.210182,-90.02313,Possible Injury,Pedestrian,Not Intersection-On Roadway Not In Crosswalk,Non-Junction,Dusk,Not Collision with Motor Vehicle in Transport,Pedestrian,1,True,City of Memphis,,,,,,,847.7697455207457,DELLWOOD AVE,0.5354459182098654,35.0,2,B,MEMPHIS,SHELBY,2193.673317416793,City of Memphis
300927753,2023-12-03,2023-12-03 20:50:00,2023,12,Sunday,20,35.10837,-90.02629,No Injury,Pedestrian,Not Intersection-Outside Traffic,Intersection-Related,Dark-Not Lighted,Angle,Other,1,True,City of Memphis,,,,,,,432.2892843387012,ENGLEWOOD ST,18.002966116220055,25.0,2,B,MEMPHIS,SHELBY,250.2740628953671,City of Memphis
300927756,2023-12-04,2023-12-04 17:30:00,2023,12,Monday,17,35.02604,-90.00751,Possible Injury,Pedestrian,Intersection-On Roadway not in Crosswalk,Non-Junction,Dusk,Not Collision with Motor Vehicle in Transport,Pedestrian,1,True,City of Memphis,,,,,,,551.6889749705261,MILLBRANCH RD,1.1351826929970548,40.0,4,B,MEMPHIS,SHELBY,445.1367682340237,City of Memphis
300926936,2023-11-30,2023-11-30 08:10:00,2023,11,Thursday,8,35.035538,-90.023155,Possible Injury,Pedestrian,Intersection-On Roadway not in Crosswalk,Non-Junction,Daylight,Not Collision with Motor Vehicle in Transport,Pedestrian,1,True,City of Memphis,,,,,,,183.2649062203156,E RAINES RD,1.922394915937676,40.0,5,B,MEMPHIS,SHELBY,1774.0127774910852,City of Memphis
300926168,2023-11-27,2023-11-27 08:53:00,2023,11,Monday,8,35.141293,-90.01636,Possible Injury,Pedestrian,Intersection-In Crosswalk,Intersection,Daylight,Not Collision with Motor Vehicle in Transport,Pedestrian,1,True,City of Memphis,,,,,,,488.72551261151136,N CLEVELAND ST,29.227713137907703,35.0,4,B,MEMPHIS,SHELBY,585.6223487201798,City of Memphis
300926462,2023-11-28,2023-11-28 17:05:00,2023,11,Tuesday,17,35.020824,-90.04911,Possible Injury,Pedestrian,Intersection-On Roadway Crosswalk Not Available,Intersection-Related,Dark-Not Lighted,Not Collision with Motor Vehicle in Transport,Pedestrian,1,True,TDOT,E SHELBY DR,Minor Arterial,45.0,5.0,175,6.0,4.007998491012247,E SHELBY DR,0.63274690349742,45.0,5,B,MEMPHIS,SHELBY,4238.608490362267,TDOT
300911569,2023-09-14,2023-09-14 08:00:00,2023,9,Thursday,8,35.16373,-90.0367,Fatal,Pedestrian,Not Intersection-Outside Traffic,Intersection,Daylight,Not Collision with Motor Vehicle in Transport,Other,1,True,TDOT,THOMAS ST,Principal Arterial,35.0,5.0,3,7.0,1.9243107764442584,CHELSEA AVE,0.0724008170190628,35.0,5,B,MEMPHIS,SHELBY,1385.0040933988873,TDOT
300928921,2023-12-10,2023-12-10 09:30:00,2023,12,Sunday,9,35.145313,-90.03447,Possible Injury,Pedestrian,Intersection-Unknown,Intersection,Daylight,Not Collision with Motor Vehicle in Transport,Pedestrian,1,True,City of Memphis,,,,,,,732.2282997797384,N MANASSAS ST,39.45873106116205,30.0,4,B,MEMPHIS,SHELBY,578.0537174543388,City of Memphis
300925848,2023-11-25,2023-11-25 01:56:00,2023,11,Saturday,1,35.13684,-90.01668,Suspected Minor Injury,Pedestrian,Intersection-Unknown,Non-Junction,Dark-Not Lighted,Not Collision with Motor Vehicle in Transport,Pedestrian,1,True,TDOT,UNION AVE,Principal Arterial,35.0,6.0,23,6.0,5.167134976554254,UNION AVE,0.5852224618034595,35.0,6,B,MEMPHIS,SHELBY,678.9191973871094,TDOT
300927352,2023-12-02,2023-12-02 18:00:00,2023,12,Saturday,18,35.091293,-90.076,Suspected Serious Injury,Pedestrian,Not Intersection-On Roadway Crosswalk not Available,"Driveway, Alley Access, etc",Dark-Lighted,Not Collision with Motor Vehicle in Transport,Pedestrian,1,True,City of Memphis,,,,,,,1791.5246417649605,RIVERSIDE BLVD,20.21903780444028,35.0,2,B,MEMPHIS,SHELBY,51.550718938853464,City of Memphis
300925131,2023-11-20,2023-11-20 18:23:00,2023,11,Monday,18,35.184135,-89.92008,Suspected Serious Injury,Pedestrian,Not Intersection-On Roadway Not In Crosswalk,Non-Junction,Dark-Lighted,Not Collision with Motor Vehicle in Transport,Pedestrian,1,True,City of Memphis,,,,,,,901.9042639494168,DAVIS CIR,26.02925678862977,30.0,2,B,MEMPHIS,SHELBY,474.6729284663436,City of Memphis
300922063,2023-11-06,2023-11-06 09:45:00,2023,11,Monday,9,35.046616,-90.01205,No Injury,Pedestrian,Intersection-Not on Roadway,Non-Junction,Daylight,Not Collision with Motor Vehicle in Transport,Other,1,True,City of Memphis,,,,,,,1191.596554194263,LEHR DR,4.460657630514634,35.0,2,B,MEMPHIS,SHELBY,290.88160407494104,City of Memphis
300905908,2023-08-19,2023-08-19 01:18:00,2023,8,Saturday,1,35.07087,-89.90529,Fatal,Pedestrian,Not Intersection-On Roadway Crosswalk Availability Unknown,Intersection-Related,Dark-Lighted,Not Collision with Motor Vehicle in Transport,Pedestrian,1,True,City of Memphis,,,,,,,2433.3688114487127,S PERKINS RD,18.128669745659835,40.0,7,B,MEMPHIS,SHELBY,832.621986343085,City of Memphis
300927444,2023-12-01,2023-12-01 00:00:00,2023,12,Friday,99,35.13684,-90.01668,Possible Injury,Pedestrian,Intersection-In Crosswalk,Intersection,Unknown,Not Collision with Motor Vehicle in Transport,Pedestrian,1,True,TDOT,UNION AVE,Principal Arterial,35.0,6.0,23,6.0,5.167134976554254,UNION AVE,0.5852224618034595,35.0,6,B,MEMPHIS,SHELBY,678.9191973871094,TDOT
300925897,2023-11-24,2023-11-24 21:00:00,2023,11,Friday,21,35.128716,-90.02108,Suspected Minor Injury,Pedestrian,Intersection-In Crosswalk,Intersection,Dark-Lighted,Not Collision with Motor Vehicle in Transport,Pedestrian,1,True,TDOT,S BELLEVUE BLVD,Minor Arterial,35.0,4.0,3,6.0,0.1613578382113724,LAMAR AVE,0.364993030220579,40.0,7,B,MEMPHIS,SHELBY,241.75691524319953,TDOT
300945569,2024-03-06,2024-03-06 19:00:00,2024,3,Wednesday,19,35.13337,-89.96339,Possible Injury,Pedestrian,Not Intersection-On Roadway Not In Crosswalk,Non-Junction,Dark-Lighted,Not Collision with Motor Vehicle in Transport,Pedestrian,1,True,TDOT,POPLAR AVE,Principal Arterial,40.0,7.0,57,5.0,4.716625327566114,POPLAR AVE,0.5605890211152413,40.0,7,B,MEMPHIS,SHELBY,5491.663946958182,TDOT
300944713,2024-03-06,2024-03-06 14:44:00,2024,3,Wednesday,14,35.03486,-89.86643,Possible Injury,Pedestrian,Not Intersection-On Roadway Not In Crosswalk,Non-Junction,Daylight,Not Collision with Motor Vehicle in Transport,Pedestrian,1,True,City of Memphis,,,,,,,1604.4206166420704,E RAINES RD,0.1875011728511016,45.0,7,B,MEMPHIS,SHELBY,5608.959708521681,City of Memphis
300946427,2024-03-16,2024-03-16 18:05:00,2024,3,Saturday,18,35.131176,-89.94599,Possible Injury,Pedestrian,Intersection-Not on Roadway,Non-Junction,Dawn,Not Collision with Motor Vehicle in Transport,Pedestrian,1,True,City of Memphis,,,,,,,95.73609519262592,S HIGHLAND ST,80.90290904050948,40.0,5,B,MEMPHIS,SHELBY,5399.7290248983745,City of Memphis
300943138,2024-02-26,2024-02-26 03:00:00,2024,2,Monday,3,35.14826,-90.043564,Suspected Serious Injury,Pedestrian,Intersection-In Crosswalk,Non-Junction,Unknown,Not Collision with Motor Vehicle in Transport,Pedestrian,1,True,TDOT,N DANNY THOMAS BLVD,Principal Arterial,35.0,7.0,1,7.0,1.394637586416222,POPLAR AVE,0.1784069839519049,35.0,5,B,MEMPHIS,SHELBY,377.4169958322586,TDOT
300943609,2024-02-28,2024-02-28 11:58:00,2024,2,Wednesday,11,35.146214,-90.04428,Possible Injury,Pedestrian,Intersection-On Roadway not in Crosswalk,Intersection-Related,Daylight,Not Collision with Motor Vehicle in Transport,Pedestrian,1,True,TDOT,N DANNY THOMAS BLVD,Principal Arterial,35.0,7.0,1,7.0,0.0999569034977828,ADAMS AVE,0.3236714706684324,30.0,2,B,MEMPHIS,SHELBY,610.0461559156943,TDOT
300944086,2024-03-02,2024-03-02 16:05:00,2024,3,Saturday,16,35.13793,-90.031555,Suspected Minor Injury,Pedestrian,Not Intersection-On Roadway Not In Crosswalk,Non-Junction,Daylight,Not Collision with Motor Vehicle in Transport,Pedestrian,1,True,City of Memphis,,,,,,,49.20245343967103,UNION AVE,44.64402015856162,35.0,6,B,MEMPHIS,SHELBY,659.9748477163404,City of Memphis
300944271,2024-03-03,2024-03-03 03:00:00,2024,3,Sunday,3,35.140358,-90.05173,Suspected Serious Injury,Pedestrian,Intersection-Unknown,Non-Junction,Dark-Lighted,Not Collision with Motor Vehicle in Transport,Pedestrian,1,True,TDOT,S THIRD ST,Minor Arterial,35.0,3.0,14,6.0,0.3220582525852638,PEABODY PL,0.5394471682376671,30.0,4,B,MEMPHIS,SHELBY,1408.4504262251548,TDOT
300942946,2024-02-19,2024-02-19 18:26:00,2024,2,Monday,18,35.1347,-89.98194,Suspected Serious Injury,Pedestrian,Intersection-On Roadway not in Crosswalk,Intersection-Related,Daylight,Not Collision with Motor Vehicle in Transport,Pedestrian,1,True,City of Memphis,,,,,,,132.690162194246,PATRICIA DR,114.93270556491176,30.0,2,B,MEMPHIS,SHELBY,3801.9120662168534,City of Memphis
300922820,2023-11-09,2023-11-09 17:14:00,2023,11,Thursday,17,35.10725,-89.9874,Suspected Serious Injury,Pedestrian,Not Intersection-On Roadway Not In Crosswalk,AccelDecelLane,Dark-Lighted,Not Collision with Motor Vehicle in Transport,Pedestrian,1,True,TDOT,LAMAR AVE,Principal Arterial,40.0,5.0,4,4.0,4.844639430411766,LAMAR AVE,6.903895782968241,40.0,5,B,MEMPHIS,SHELBY,3355.125896835364,TDOT
300946022,2024-03-14,2024-03-14 06:30:00,2024,3,Thursday,6,35.13608,-90.0245,Suspected Serious Injury,Pedestrian,Not Intersection-On Roadway Crosswalk Availability Unknown,AccelDecelLane,Dawn,Not Collision with Motor Vehicle in Transport,Pedestrian,1,True,City of Memphis,,,,,,,174.69288330203923,EASTMORELAND AVE,0.4268931970007385,30.0,2,B,MEMPHIS,SHELBY,14.526617737599858,City of Memphis
300942758,2024-02-24,2024-02-24 08:29:00,2024,2,Saturday,8,35.065323,-90.072075,Possible Injury,Pedestrian,Intersection-Unknown,Intersection,Daylight,Not Collision with Motor Vehicle in Transport,Pedestrian,1,True,City of Memphis,,,,,,,1190.3201056317546,FLYNN RD,31.359164705826807,30.0,2,B,MEMPHIS,SHELBY,1601.7320721366314,City of Memphis
300946093,2024-03-14,2024-03-14 13:30:00,2024,3,Thursday,13,35.05282,-90.00772,Suspected Serious Injury,Pedestrian,Not Intersection-Other Not On Roadway,Non-Junction,Daylight,Not Collision with Motor Vehicle in Transport,Pedestrian,1,True,City of Memphis,,,,,,,1580.0668840324877,MILLBRANCH RD,24.24865796233981,40.0,4,B,MEMPHIS,SHELBY,367.42614301377813,City of Memphis
300943004,2024-02-25,2024-02-25 21:08:00,2024,2,Sunday,21,35.153065,-89.883156,Possible Injury,Pedestrian,Not Intersection-On Roadway Not In Crosswalk,Non-Junction,Dark-Lighted,Angle,Other,2,True,City of Memphis,,,,,,,372.2216248675725,SAM COOPER BLVD W,1.6481511541387563,65.0,2,TF,MEMPHIS,SHELBY,51.44481285537961,City of Memphis
300946316,2024-03-16,2024-03-16 00:30:00,2024,3,Saturday,0,35.17286,-90.036,Suspected Serious Injury,Pedestrian,Not Intersection-On Roadway Not In Crosswalk,Intersection-Related,Dark-Not Lighted,Not Collision with Motor Vehicle in Transport,Pedestrian,1,True,TDOT,THOMAS ST,Minor Arterial,35.0,4.0,3,7.0,0.1079038746736237,MARBLE AVE,0.0141789623937857,30.0,2,B,MEMPHIS,SHELBY,1592.9581877840042,TDOT
300943009,2024-02-25,2024-02-25 18:51:00,2024,2,Sunday,18,35.066006,-89.912094,Possible Injury,Pedestrian,Not Intersection-Other Not On Roadway,"Driveway, Alley Access, etc",Dark-Lighted,Not Collision with Motor Vehicle in Transport,Pedestrian,1,True,City of Memphis,,,,,,,1801.8772442398583,MEADOWS LN,15.919361084756211,30.0,2,B,MEMPHIS,SHELBY,1308.0602275746667,City of Memphis
300902280,2023-08-01,2023-08-01 00:00:00,2023,8,Tuesday,0,35.021023,-90.00268,Fatal,Pedestrian,Not Intersection-On Roadway Crosswalk not Available,Non-Junction,Dark-Lighted,Angle,Other,1,True,TDOT,E SHELBY DR,,40.0,7.0,175,3.0,4.949901609455498,E SHELBY DR,0.2618931715401638,40.0,7,B,MEMPHIS,SHELBY,0.9268753423910924,TDOT
300942814,2024-02-23,2024-02-23 14:40:00,2024,2,Friday,14,35.204502,-89.79206,Suspected Minor Injury,Pedestrian,Not Intersection-On Roadway Not In Crosswalk,Intersection,Daylight,Not Collision with Motor Vehicle in Transport,Pedestrian,1,True,TDOT,N GERMANTOWN PKWY,Principal Arterial,45.0,7.0,177,1.0,0.0834361810282588,N GERMANTOWN PKWY,0.2520866062919925,45.0,7,B,MEMPHIS,SHELBY,899.7874825512574,TDOT
300942827,2024-02-24,2024-02-24 17:35:00,2024,2,Saturday,17,35.090954,-89.9167,Possible Injury,Pedestrian,Not Intersection-On Roadway Not In Crosswalk,Non-Junction,Daylight,Not Collision with Motor Vehicle in Transport,Pedestrian,1,True,City of Memphis,,,,,,,1767.359926562832,CHERRY RD,0.0599327529195955,40.0,4,B,MEMPHIS,SHELBY,1416.764410485673,City of Memphis
300944418,2024-03-04,2024-03-04 18:58:00,2024,3,Monday,18,35.07585,-89.93103,Possible Injury,Pedestrian,Not Intersection-On Roadway Not In Crosswalk,AccelDecelLane,Dark-Lighted,Not Collision with Motor Vehicle in Transport,Pedestrian,1,True,City of Memphis,,,,,,,49.919641232767496,GETWELL RD,50.24153739234429,40.0,7,B,MEMPHIS,SHELBY,437.14471561390826,City of Memphis
300943527,2024-02-28,2024-02-28 15:39:00,2024,2,Wednesday,15,35.19523,-89.83642,Possible Injury,Pedestrian,Not Intersection-On Roadway Not In Crosswalk,Non-Junction,Daylight,Not Collision with Motor Vehicle in Transport,Pedestrian,1,True,City of Memphis,,,,,,,1047.6951110562966,REESE RD,0.0970331565453414,30.0,2,B,MEMPHIS,SHELBY,1936.4467939022938,City of Memphis
300945667,2024-03-11,2024-03-11 21:45:00,2024,3,Monday,21,35.061985,-89.8891,Suspected Minor Injury,Pedestrian,Not Intersection-Other Not On Roadway,Intersection-Related,Dark-Lighted,Unknown,Other,1,True,City of Memphis,,,,,,,2408.058818382628,KNIGHT ARNOLD RD,0.1302697646908322,40.0,4,B,MEMPHIS,SHELBY,2320.9269906749246,City of Memphis
300944655,2024-03-06,2024-03-06 05:45:00,2024,3,Wednesday,5,35.072372,-89.863434,Possible Injury,Pedestrian,Intersection-On Roadway not in Crosswalk,AccelDecelLane,Dark-Not Lighted,Not Collision with Motor Vehicle in Transport,Pedestrian,1,True,City of Memphis,,,,,,,332.0053824934722,MOUNT MORIAH ROAD EXT,0.3108306415544389,40.0,7,B,MEMPHIS,SHELBY,1800.6496177789186,City of Memphis
300907355,2023-08-26,2023-08-26 20:48:00,2023,8,Saturday,20,35.046978,-89.954636,Fatal,Pedestrian,Not Intersection-On Roadway Crosswalk not Available,Intersection,Dark-Lighted,Not Collision with Motor Vehicle in Transport,Pedestrian,1,True,City of Memphis,,,,,,,1734.8403085113468,NEW TCHULAHOMA RD,12.667910536015906,45.0,4,B,MEMPHIS,SHELBY,3499.576485523774,City of Memphis
300945491,2024-03-11,2024-03-11 10:55:00,2024,3,Monday,10,35.128063,-90.03553,Possible Injury,Pedestrian,Not Intersection-On Roadway Not In Crosswalk,Intersection,Daylight,Not Collision with Motor Vehicle in Transport,Pedestrian,1,True,City of Memphis,,,,,,,35.156365194104524,POLK AVE,14.879678777246816,30.0,2,B,MEMPHIS,SHELBY,1024.643152984605,City of Memphis
300945127,2024-03-08,2024-03-08 08:00:00,2024,3,Friday,8,35.143852,-90.03178,Suspected Serious Injury,Pedestrian,Not Intersection-Adjacent to Roadway,"Driveway, Alley Access, etc",Daylight,Not Collision with Motor Vehicle in Transport,Pedestrian,1,True,City of Memphis,,,,,,,599.1727206923778,ADAMS AVE,44.5657764316295,30.0,2,B,MEMPHIS,SHELBY,698.3580590181759,City of Memphis
300946567,2024-03-17,2024-03-17 11:30:00,2024,3,Sunday,11,35.035637,-90.098495,Possible Injury,Pedestrian,Not Intersection-In Crosswalk,Intersection,Daylight,Not Collision with Motor Vehicle in Transport,Pedestrian,1,True,City of Memphis,,,,,,,1793.949292272118,W RAINES RD,32.121995408618154,35.0,5,B,MEMPHIS,SHELBY,5526.351575906656,City of Memphis
300902266,2023-08-01,2023-08-01 21:39:00,2023,8,Tuesday,21,35.148746,-89.91827,Fatal,Pedestrian,Not Intersection-On Roadway Crosswalk not Available,Non-Junction,Dark-Lighted,Not Collision with Motor Vehicle in Transport,Pedestrian,1,True,TDOT,SUMMER AVE,Principal Arterial,40.0,7.0,1,5.0,25.029054190697764,SUMMER AVE,20.37313313416385,40.0,7,B,MEMPHIS,SHELBY,2392.4549424991255,TDOT
300943341,2024-02-27,2024-02-27 18:40:00,2024,2,Tuesday,18,35.035255,-90.02121,Suspected Serious Injury,Pedestrian,Not Intersection-On Roadway Not In Crosswalk,AccelDecelLane,Dusk,Not Collision with Motor Vehicle in Transport,Pedestrian,1,True,City of Memphis,,,,,,,360.8950575982397,E RAINES RD,29.664838033637302,40.0,5,B,MEMPHIS,SHELBY,1633.9721352354636,City of Memphis
300944004,2024-03-02,2024-03-02 13:28:00,2024,3,Saturday,13,35.024364,-89.950165,Possible Injury,Pedestrian,Not Intersection-On Roadway Not In Crosswalk,AccelDecelLane,Daylight,Not Collision with Motor Vehicle in Transport,Pedestrian,1,True,City of Memphis,,,,,,,398.9423135647041,PINEY WOODS AVE,22.0986806153593,30.0,2,B,MEMPHIS,SHELBY,4767.681176346605,City of Memphis
300942671,2024-02-23,2024-02-23 19:50:00,2024,2,Friday,19,35.14073,-90.05319,Possible Injury,Pedestrian,Intersection-In Crosswalk,Intersection-Related,Dark-Lighted,Not Collision with Motor Vehicle in Transport,Pedestrian,1,True,TDOT,S SECOND ST,Minor Arterial,35.0,3.0,14,6.0,1.8773877364643257,S SECOND ST,0.0884718069324174,35.0,3,FT,MEMPHIS,SHELBY,1367.0380233104318,TDOT
300889787,2023-05-28,2023-05-28 22:49:00,2023,5,Sunday,22,34.995293,-89.87912,Fatal,Pedestrian,Not Intersection-Adjacent to Roadway,Non-Junction,Dark-Not Lighted,Angle,Other,1,True,TDOT,LAMAR AVE,Principal Arterial,55.0,2.0,4,3.0,7.60125428435953,LAMAR AVE,5.303692686642296,55.0,2,TF,MEMPHIS,SHELBY,9550.651776857621,TDOT
300949538,2024-04-02,2024-04-02 06:25:00,2024,4,Tuesday,6,35.09345,-89.94938,Suspected Serious Injury,Pedestrian,Not Intersection-On Roadway Not In Crosswalk,Non-Junction,Dark-Lighted,Not Collision with Motor Vehicle in Transport,Pedestrian,1,True,City of Memphis,,,,,,,1424.559181943883,PRESCOTT RD,0.6260938598497995,40.0,4,B,MEMPHIS,SHELBY,1208.040922559526,City of Memphis
300949005,2024-03-30,2024-03-30 21:13:00,2024,3,Saturday,21,35.197906,-89.905525,Fatal,Pedestrian,Not Intersection-On Roadway Not In Crosswalk,Non-Junction,Dark-Not Lighted,Not Collision with Motor Vehicle in Transport,Pedestrian,1,True,City of Memphis,,,,,,,927.8008535053796,COURTNEY DR,26.081850942666247,30.0,2,B,MEMPHIS,SHELBY,1445.0299374939243,City of Memphis
300950729,2024-04-06,2024-04-06 01:00:00,2024,4,Saturday,1,35.170456,-90.01853,Suspected Serious Injury,Pedestrian,Intersection-On Roadway not in Crosswalk,AccelDecelLane,Dark-Lighted,Not Collision with Motor Vehicle in Transport,Pedestrian,1,True,City of Memphis,,,,,,,1314.5835570201448,CHELSEA AVE,0.0869480117072411,40.0,6,B,MEMPHIS,SHELBY,0.5594399602604967,City of Memphis
300949183,2024-03-31,2024-03-31 15:50:00,2024,3,Sunday,15,35.047066,-90.0831,Possible Injury,Pedestrian,Not Intersection-On Roadway Not In Crosswalk,Intersection,Daylight,Not Collision with Motor Vehicle in Transport,Pedestrian,1,True,City of Memphis,,,,,,,1515.74591531084,DEERSKIN DR,2.174849591695021,30.0,2,B,MEMPHIS,SHELBY,3814.2494865276276,City of Memphis
300927411,2023-12-02,2023-12-02 18:00:00,2023,12,Saturday,18,35.21997,-89.97506,Suspected Serious Injury,Pedestrian,Not Intersection-On Roadway Not In Crosswalk,Non-Junction,Dark-Lighted,Not Collision with Motor Vehicle in Transport,Pedestrian,1,True,City of Memphis,,,,,,,3940.917650490769,RANGE LINE RD,42.22943878911495,40.0,4,B,MEMPHIS,SHELBY,3119.018034544533,City of Memphis
300948828,2024-03-29,2024-03-29 16:20:00,2024,3,Friday,16,35.21044,-90.02334,No Injury,Pedestrian,Not Intersection-Adjacent to Roadway,Non-Junction,Daylight,Not Collision with Motor Vehicle in Transport,Pedestrian,1,True,City of Memphis,,,,,,,824.3737243838951,DELLWOOD AVE,24.71665477848921,35.0,2,B,MEMPHIS,SHELBY,2227.1009099656044,City of Memphis
300952277,2024-04-16,2024-04-16 18:07:00,2024,4,Tuesday,18,35.030243,-90.09917,No Injury,Pedestrian,Intersection-Not on Roadway,Non-Junction,Daylight,Not Collision with Motor Vehicle in Transport,Other,1,True,City of Memphis,,,,,,,1461.6047759948206,WESTERN PARK DR,0.2455336172021362,30.0,2,B,MEMPHIS,SHELBY,6092.050924798901,City of Memphis
300951092,2024-04-01,2024-04-01 15:00:00,2024,4,Monday,15,35.12923,-90.02928,Possible Injury,Pedestrian,Intersection-Unknown,Non-Junction,Daylight,Not Collision with Motor Vehicle in Transport,Pedestrian,1,True,City of Memphis,,,,,,,288.2002214882459,DUDLEY ST,0.0541871950157556,30.0,2,B,MEMPHIS,SHELBY,481.94012692348605,City of Memphis
300912842,2023-09-23,2023-09-23 20:33:00,2023,9,Saturday,20,35.04891,-89.82338,Fatal,Pedestrian,Not Intersection-On Roadway Not In Crosswalk,Non-Junction,Dark-Lighted,Not Collision with Motor Vehicle in Transport,Pedestrian,1,True,City of Memphis,,,,,,,389.2328148234385,WINCHESTER RD,0.1829667553055,45.0,7,B,MEMPHIS,SHELBY,6183.7694350533275,City of Memphis
300952100,2024-04-09,2024-04-09 22:20:00,2024,4,Tuesday,22,35.03555,-89.99004,Possible Injury,Pedestrian,Not Intersection-On Roadway Not In Crosswalk,Non-Junction,Dark-Lighted,Not Collision with Motor Vehicle in Transport,Pedestrian,1,True,City of Memphis,,,,,,,1604.727377340409,E RAINES RD,5.080877614327818,40.0,5,B,MEMPHIS,SHELBY,1128.2754685658924,City of Memphis
300861062,2023-01-15,2023-01-15 17:40:00,2023,1,Sunday,17,35.042774,-90.08509,Fatal,Pedestrian,Not Intersection-On Roadway Not In Crosswalk,Non-Junction,Dark-Not Lighted,Not Collision with Motor Vehicle in Transport,Pedestrian,1,True,City of Memphis,,,,,,,1353.3349409686225,W LEVI RD,0.1437664500326379,35.0,2,B,MEMPHIS,SHELBY,4323.233959278216,City of Memphis
300951627,2024-04-12,2024-04-12 13:50:00,2024,4,Friday,13,35.08155,-89.92097,No Injury,Pedestrian,Unknown,OtherLocation,Daylight,Not Collision with Motor Vehicle in Transport,Other,2,True,City of Memphis,,,,,,,949.8641369472604,S GOODLETT RD,15.256261919424924,30.0,2,B,MEMPHIS,SHELBY,322.0661583360908,City of Memphis