MstrRecNbrTxt,CollisionDate,CollisionDteTime,YearNmb,Month,DayOfWeek,Hour,Latitude,Longitude,InjuryClass,PersonType,NonMotoristLocation,RelationToJunction,LightCondition,MannerOfCollision,FirstHarmfulEvent,VictimsInCrash,InMemphis,Jurisdiction,StateRoute_NAME,StateRoute_F_System,StateRoute_SPDLIMIT,StateRoute_LANES,StateRoute_ALTNAME_1,StateRoute_Council_District,DistToStateRoute_m,Street_Name,DistToStreet_m,Street_SPDLIMIT,Street_LANES,Street_ONEWAY,Street_CITY_L,Street_COUNTY_L,DistToInterstate_m,Jurisdiction_prev
300949478,2024-04-01,2024-04-01 00:00:00,2024,4,Monday,99,35.01037,-90.03232,No Injury,Other Non-Motorist,Unknown,Non-Junction,Unknown,Unknown,Other,1,True,City of Memphis,,,,,,,644.7042004682886,HESTER RD,2.620015195851269,35.0,2,B,MEMPHIS,SHELBY,2700.2856564974045,City of Memphis
300950194,2024-03-15,2024-03-15 06:46:00,2024,3,Friday,6,35.152725,-90.04702,Possible Injury,Pedestrian,Intersection-On Roadway not in Crosswalk,Intersection,Dark-Not Lighted,Not Collision with Motor Vehicle in Transport,Pedestrian,1,True,TDOT,N THIRD ST,Minor Arterial,35.0,3.0,3,7.0,1.537370619371171,N B B KING BLVD,0.2280176290157611,35.0,3,B,MEMPHIS,SHELBY,0.4044802007518204,TDOT
300947519,2024-03-22,2024-03-22 15:16:00,2024,3,Friday,15,35.11567,-90.03179,Possible Injury,Pedestrian,Not Intersection-In Crosswalk,AccelDecelLane,Daylight,Not Collision with Motor Vehicle in Transport,Pedestrian,1,True,City of Memphis,,,,,,,924.7135801968468,E MCLEMORE AVE,16.160038287609083,35.0,2,B,MEMPHIS,SHELBY,333.42758507163813,City of Memphis
300950399,2024-04-06,2024-04-06 00:00:00,2024,4,Saturday,99,35.149372,-90.01437,Possible Injury,Pedestrian,Intersection-Unknown,Unknown,Unknown,Not Collision with Motor Vehicle in Transport,Pedestrian,1,True,City of Memphis,,,,,,,414.6024225371073,N CLEVELAND ST,0.1076091519151854,35.0,4,B,MEMPHIS,SHELBY,656.6279714393237,City of Memphis
300950936,2024-04-08,2024-04-08 17:30:00,2024,4,Monday,17,35.14286,-90.044716,Possible Injury,Pedestrian,Not Intersection-In Parking Lane,Non-Junction,Dawn,Not Collision with Motor Vehicle in Transport,Pedestrian,1,True,TDOT,S DANNY THOMAS BLVD,Principal Arterial,35.0,2.0,1,6.0,17.245569807474066,MADISON AVE TO S DANNY THOMAS BLVD,10.5578796577255,30.0,2,FT,MEMPHIS,SHELBY,984.2405484099045,TDOT
300950023,2024-04-01,2024-04-01 16:15:00,2024,4,Monday,16,35.150452,-90.049215,Possible Injury,Pedestrian,Not Intersection-On Roadway Not In Crosswalk,Non-Junction,Daylight,Not Collision with Motor Vehicle in Transport,Pedestrian,1,True,TDOT,N SECOND ST,Minor Arterial,35.0,3.0,3,7.0,10.6124247962444,N SECOND ST,8.798286110796008,35.0,3,TF,MEMPHIS,SHELBY,287.37838445984465,TDOT
300920224,2023-10-29,2023-10-29 05:08:00,2023,10,Sunday,5,35.107483,-90.05545,Fatal,Pedestrian,Intersection-In Crosswalk,Non-Junction,Dark-Lighted,Not Collision with Motor Vehicle in Transport,Pedestrian,1,True,TDOT,S THIRD ST,Principal Arterial,40.0,4.0,14,6.0,10.33659442974966,S THIRD ST,10.745983769076254,40.0,4,B,MEMPHIS,SHELBY,1797.3468485965468,TDOT
300949759,2024-04-03,2024-04-03 10:30:00,2024,4,Wednesday,10,35.09741,-90.01392,Possible Injury,Pedestrian,Intersection-On Roadway Crosswalk Not Available,Intersection,Daylight,Not Collision with Motor Vehicle in Transport,Pedestrian,1,True,City of Memphis,,,,,,,370.9748909728708,MENAGER RD,0.1913064972618696,30.0,2,B,MEMPHIS,SHELBY,1160.6250857948844,City of Memphis
300947315,2024-03-08,2024-03-08 04:00:00,2024,3,Friday,4,35.054024,-90.02735,Possible Injury,Pedestrian,Intersection-On Roadway Crosswalk availability Unknown,Intersection,Dark-Lighted,Not Collision with Motor Vehicle in Transport,Pedestrian,1,True,City of Memphis,,,,,,,213.3254026862064,WINCHESTER RD,34.286230113676794,40.0,7,B,MEMPHIS,SHELBY,1058.2414850141959,City of Memphis
300894643,2023-06-23,2023-06-23 03:54:00,2023,6,Friday,3,35.063107,-90.059204,Fatal,Pedestrian,Not Intersection-On Roadway Not In Crosswalk,Non-Junction,Dark-Lighted,Not Collision with Motor Vehicle in Transport,Pedestrian,1,True,TDOT,S THIRD ST,Principal Arterial,45.0,7.0,14,6.0,0.1552848247583411,E BROOKS RD,0.3604548049905562,35.0,3,B,MEMPHIS,SHELBY,1747.8559926524576,TDOT
300948253,2024-03-26,2024-03-26 16:27:00,2024,3,Tuesday,16,35.091415,-89.90695,Possible Injury,Pedestrian,Intersection-On Roadway not in Crosswalk,Intersection,Daylight,Not Collision with Motor Vehicle in Transport,Pedestrian,1,True,City of Memphis,,,,,,,2530.603829056677,S PERKINS RD,0.3756989138415835,35.0,4,B,MEMPHIS,SHELBY,1303.7297227686756,City of Memphis
300952538,2024-04-18,2024-04-18 02:35:00,2024,4,Thursday,2,35.168423,-89.86469,Possible Injury,Pedestrian,Intersection-On Roadway not in Crosswalk,Non-Junction,Dark-Lighted,Not Collision with Motor Vehicle in Transport,Pedestrian,1,True,City of Memphis,,,,,,,519.6593058101479,SYCAMORE VIEW RD,0.4816005940865968,45.0,7,B,MEMPHIS,SHELBY,429.1537678482924,City of Memphis
300952777,2024-04-19,2024-04-19 09:30:00,2024,4,Friday,9,35.077015,-89.98536,Suspected Serious Injury,Pedestrian,Not Intersection-Adjacent to Roadway,Non-Junction,Daylight,Front to Rear,Other,1,True,Interstate (TDOT),,,,,,,2286.633436834265,INTERSTATE 240 W,0.1619882125478431,65.0,4,TF,MEMPHIS,SHELBY,0.16198821254784315,City of Memphis
300952986,2024-04-20,2024-04-20 19:19:00,2024,4,Saturday,19,35.112816,-89.98202,Suspected Minor Injury,Pedestrian,Intersection-Unknown,Intersection,Daylight,Not Collision with Motor Vehicle in Transport,Pedestrian,1,True,City of Memphis,,,,,,,245.3275351020952,CARNES AVE,0.3117734856588939,30.0,2,B,MEMPHIS,SHELBY,3982.51537794645,City of Memphis
300917949,2023-10-18,2023-10-18 23:32:00,2023,10,Wednesday,23,35.07429,-90.00193,Fatal,Pedestrian,Not Intersection-On Roadway Not In Crosswalk,Entrance/Exit Ramp Related,Dark-Lighted,Front to Rear,Other,1,True,City of Memphis,,,,,,,1654.762415889889,MILLBRANCH RD OR NONCONNAH BLVD TO 240 E,0.0878367449859949,45.0,2,FT,MEMPHIS,SHELBY,0.36288507275785076,City of Memphis
300956353,2024-05-10,2024-05-10 12:09:00,2024,5,Friday,12,35.072014,-89.86256,Possible Injury,Pedestrian,Not Intersection-On Roadway Not In Crosswalk,Crossover-Related,Daylight,Not Collision with Motor Vehicle in Transport,Pedestrian,1,True,City of Memphis,,,,,,,317.9769631470413,MOUNT MORIAH ROAD EXT,1.7870798310608098,45.0,5,B,MEMPHIS,SHELBY,1878.8525407325772,City of Memphis
300918413,2023-10-21,2023-10-21 06:00:00,2023,10,Saturday,6,35.16826,-89.86452,Suspected Serious Injury,Pedestrian,Not Intersection-On Roadway Not In Crosswalk,Non-Junction,Dark-Not Lighted,Not Collision with Motor Vehicle in Transport,Pedestrian,1,True,City of Memphis,,,,,,,543.1408144178937,SHELBY OAKS DR,0.3160451960274763,40.0,4,B,MEMPHIS,SHELBY,406.21178413439475,City of Memphis
300955061,2024-05-02,2024-05-02 20:25:00,2024,5,Thursday,20,35.148599,-89.897898,Fatal,Pedestrian,Intersection-In Crosswalk,Unknown,Dark-Lighted,Not Collision with Motor Vehicle in Transport,Pedestrian,1,True,TDOT,SUMMER AVE,Principal Arterial,40.0,7.0,1,5.0,4.80461829094448,SUMMER AVE,0.1506317657443207,40.0,7,B,MEMPHIS,SHELBY,975.0406325633405,TDOT
300957664,2024-05-17,2024-05-17 20:53:00,2024,5,Friday,20,35.1073,-90.04194,Fatal,Pedestrian,Intersection-On Roadway not in Crosswalk,Non-Junction,Dark-Lighted,Not Collision with Motor Vehicle in Transport,Pedestrian,1,True,City of Memphis,,,,,,,1221.454765361525,S PARKWAY E,0.2730163186740336,35.0,5,B,MEMPHIS,SHELBY,1150.3295372471096,City of Memphis
300957030,2024-05-14,2024-05-14 07:55:00,2024,5,Tuesday,7,35.213177,-90.012955,Possible Injury,Pedestrian,Intersection-In Crosswalk,Intersection,Daylight,Not Collision with Motor Vehicle in Transport,Pedestrian,1,True,City of Memphis,,,,,,,1543.866691040328,DELLWOOD AVE,4.169535332083485,35.0,2,B,MEMPHIS,SHELBY,2371.393889183149,City of Memphis
300958098,2024-05-20,2024-05-20 17:30:00,2024,5,Monday,17,35.04586,-89.85497,Possible Injury,Pedestrian,Not Intersection-Unknown,Intersection-Related,Daylight,Not Collision with Motor Vehicle in Transport,Pedestrian,1,True,City of Memphis,,,,,,,2304.713922245674,RIDGEWAY BLVD,65.086431584927,40.0,4,B,MEMPHIS,SHELBY,4758.123136758202,City of Memphis
300954829,2024-04-28,2024-04-28 16:00:00,2024,4,Sunday,16,35.134922,-90.046394,Possible Injury,Pedestrian,Intersection-On Roadway Crosswalk Not Available,Intersection-Related,Daylight,Not Collision with Motor Vehicle in Transport,Pedestrian,1,True,TDOT,S DANNY THOMAS BLVD,Principal Arterial,35.0,5.0,1,6.0,1.4988341878992195,S DANNY THOMAS BLVD,0.0288335774071086,35.0,5,B,MEMPHIS,SHELBY,1877.3383224991537,TDOT
300955766,2024-05-06,2024-05-06 17:00:00,2024,5,Monday,17,35.042038,-90.089806,Suspected Serious Injury,Pedestrian,Not Intersection-On Roadway Not In Crosswalk,AccelDecelLane,Dawn,Not Collision with Motor Vehicle in Transport,Pedestrian,1,True,City of Memphis,,,,,,,1633.8908045094247,W LEVI RD,48.36749226214311,35.0,2,B,MEMPHIS,SHELBY,4549.552238997132,City of Memphis
300954341,2024-04-29,2024-04-29 04:55:00,2024,4,Monday,4,35.10512,-89.98553,Possible Injury,Pedestrian,Intersection-On Roadway not in Crosswalk,Intersection,Dark-Lighted,Not Collision with Motor Vehicle in Transport,Pedestrian,1,True,TDOT,LAMAR AVE,Principal Arterial,40.0,5.0,4,4.0,15.089938287975498,LAMAR AVE,11.535114387937666,40.0,5,B,MEMPHIS,SHELBY,3117.00850533046,TDOT
300955520,2024-05-04,2024-05-04 15:10:00,2024,5,Saturday,15,35.14082,-89.96703,Possible Injury,Pedestrian,Intersection-On Roadway Crosswalk availability Unknown,Intersection-Related,Daylight,Not Collision with Motor Vehicle in Transport,Pedestrian,1,True,City of Memphis,,,,,,,526.3560153711924,SCOTT ST,25.069680019209795,35.0,2,B,MEMPHIS,SHELBY,5060.124317014681,City of Memphis
300953972,2024-04-26,2024-04-26 07:00:00,2024,4,Friday,7,35.02524,-90.050224,No Injury,Other Non-Motorist,Unknown,AccelDecelLane,Dawn,Angle,Other,1,True,City of Memphis,,,,,,,485.9309917012574,STONEHAM RD,29.861192486878824,30.0,2,B,MEMPHIS,SHELBY,4342.863111002112,City of Memphis
300926954,2023-12-01,2023-12-01 00:59:00,2023,12,Friday,0,35.07478,-89.94915,Fatal,Pedestrian,Not Intersection-On Roadway Not In Crosswalk,Non-Junction,Dark-Lighted,Not Collision with Motor Vehicle in Transport,Pedestrian,1,True,TDOT,LAMAR AVE,Principal Arterial,40.0,7.0,4,4.0,4.511932423955179,LAMAR AVE,1.6833904122462244,40.0,7,B,MEMPHIS,SHELBY,773.4811503815497,TDOT
300957781,2024-05-18,2024-05-18 21:20:00,2024,5,Saturday,21,35.083344,-89.98604,Suspected Minor Injury,Pedestrian,Not Intersection-On Roadway Not In Crosswalk,Non-Junction,Dusk,Not Collision with Motor Vehicle in Transport,Pedestrian,1,True,City of Memphis,,,,,,,1939.686557942605,CANDLEWYCK CIR,3.7879452667102846,30.0,1,B,MEMPHIS,SHELBY,700.9013548963518,City of Memphis
300956441,2024-05-10,2024-05-10 20:56:00,2024,5,Friday,20,35.235962,-90.01259,Suspected Minor Injury,Pedestrian,Intersection-Unknown,Intersection,Dark-Lighted,Not Collision with Motor Vehicle in Transport,Pedestrian,1,True,City of Memphis,,,,,,,123.81001676000058,N WATKINS ST,58.62885831460845,40.0,4,B,MEMPHIS,SHELBY,4893.75677331587,City of Memphis
300954656,2024-04-29,2024-04-29 15:35:00,2024,4,Monday,15,35.06289,-89.91092,Suspected Minor Injury,Pedestrian,Not Intersection-On Roadway Not In Crosswalk,Non-Junction,Daylight,Not Collision with Motor Vehicle in Transport,Pedestrian,1,True,City of Memphis,,,,,,,1838.9776250553025,KNIGHT RD,35.69700310937489,35.0,2,B,MEMPHIS,SHELBY,1651.8815896474018,City of Memphis
300954671,2024-04-27,2024-04-27 22:07:00,2024,4,Saturday,22,35.152966,-89.771385,Possible Injury,Pedestrian,Intersection-On Roadway Crosswalk availability Unknown,Non-Junction,Dark-Not Lighted,Not Collision with Motor Vehicle in Transport,Pedestrian,1,True,City of Memphis,,,,,,,2176.099698791005,SANGA RD,0.2988173572036467,35.0,2,B,MEMPHIS,SHELBY,4998.781318147639,City of Memphis
300953997,2024-04-26,2024-04-26 22:30:00,2024,4,Friday,22,35.149506,-89.961494,Suspected Minor Injury,Pedestrian,Not Intersection-On Roadway Not In Crosswalk,Intersection-Related,Dark-Lighted,Not Collision with Motor Vehicle in Transport,Pedestrian,1,True,TDOT,SUMMER AVE,Principal Arterial,35.0,5.0,1,5.0,4.823484615823421,SUMMER AVE,0.1668134880312681,35.0,5,B,MEMPHIS,SHELBY,4557.254939892356,TDOT
300955583,2024-05-05,2024-05-05 21:48:00,2024,5,Sunday,21,35.03552,-90.02223,Suspected Serious Injury,Pedestrian,Not Intersection-On Roadway Not In Crosswalk,Intersection-Related,Dark-Lighted,Not Collision with Motor Vehicle in Transport,Pedestrian,1,True,City of Memphis,,,,,,,267.6820455761615,BARTON DR,0.1225834333936187,30.0,2,B,MEMPHIS,SHELBY,1701.1446602885699,City of Memphis
300955154,2024-05-03,2024-05-03 08:35:00,2024,5,Friday,8,35.13798,-90.02818,Suspected Minor Injury,Pedestrian,Intersection-In Crosswalk,Intersection,Daylight,Not Collision with Motor Vehicle in Transport,Pedestrian,1,True,TDOT,UNION AVE,Principal Arterial,35.0,6.0,3,6.0,5.134409230420109,S PAULINE ST,0.0671425237295522,30.0,4,B,MEMPHIS,SHELBY,353.82926806868676,TDOT
300924427,2023-11-17,2023-11-17 23:39:00,2023,11,Friday,23,35.12588,-89.981995,Fatal,Pedestrian,Not Intersection-On Roadway Not In Crosswalk,Non-Junction,Dark-Lighted,Not Collision with Motor Vehicle in Transport,Pedestrian,1,True,City of Memphis,,,,,,,184.23470121922983,CENTRAL AVE,2.00470478228411,40.0,5,B,MEMPHIS,SHELBY,3806.9151556374086,City of Memphis
300956484,2024-05-11,2024-05-11 06:00:00,2024,5,Saturday,6,35.104614,-89.98456,Possible Injury,Pedestrian,Intersection-On Roadway not in Crosswalk,Intersection,Unknown,Front to Rear,Other,1,True,TDOT,LAMAR AVE,Principal Arterial,40.0,5.0,4,4.0,3.974019845323529,S TREZEVANT ST,0.2932665999330767,35.0,2,B,MEMPHIS,SHELBY,3062.57227973325,TDOT
300956968,2024-05-12,2024-05-12 00:50:00,2024,5,Sunday,0,35.107162,-90.037094,Unknown,Pedestrian,Intersection-On Roadway not in Crosswalk,Intersection,Dark-Not Lighted,Not Collision with Motor Vehicle in Transport,Pedestrian,1,True,City of Memphis,,,,,,,1425.9284534541823,KERR AVE,1.28248216484211,35.0,1,FT,MEMPHIS,SHELBY,708.2472754131841,City of Memphis
300955621,2024-05-03,2024-05-03 13:19:00,2024,5,Friday,13,35.21783,-90.00306,Possible Injury,Pedestrian,Not Intersection-On Roadway Not In Crosswalk,Intersection,Daylight,Not Collision with Motor Vehicle in Transport,Pedestrian,1,True,City of Memphis,,,,,,,1992.426059449292,N WATKINS ST,31.533502663117087,40.0,5,B,MEMPHIS,SHELBY,2793.012377762563,City of Memphis
300954963,2024-05-01,2024-05-01 15:27:00,2024,5,Wednesday,15,35.02061,-89.91999,Possible Injury,Pedestrian,Not Intersection-On Roadway Not In Crosswalk,AccelDecelLane,Daylight,Not Collision with Motor Vehicle in Transport,Pedestrian,1,True,TDOT,E SHELBY DR,Principal Arterial,45.0,6.0,175,3.0,4.840574606196897,E SHELBY DR,0.1588818389262921,45.0,6,B,MEMPHIS,SHELBY,6364.191673006839,TDOT
300954281,2024-04-27,2024-04-27 14:40:00,2024,4,Saturday,14,35.114773,-89.94623,Possible Injury,Pedestrian,Intersection-Not on Roadway,"Driveway, Alley Access, etc",Daylight,Not Collision with Motor Vehicle in Transport,Pedestrian,1,True,City of Memphis,,,,,,,1425.9680294149025,SOUTHERN AVE,28.62924291293009,30.0,2,B,MEMPHIS,SHELBY,3580.6256880215306,City of Memphis
300956511,2024-05-09,2024-05-09 15:30:00,2024,5,Thursday,15,35.223324,-89.99916,Suspected Serious Injury,Pedestrian,Intersection-On Roadway Crosswalk Not Available,Intersection,Daylight,Not Collision with Motor Vehicle in Transport,Pedestrian,1,True,City of Memphis,,,,,,,1932.4435508457923,BIGELOW ST,21.93025331543796,30.0,2,B,MEMPHIS,SHELBY,3375.17807849322,City of Memphis
300952851,2024-04-19,2024-04-19 16:58:00,2024,4,Friday,16,35.071568,-90.02111,Suspected Serious Injury,Pedestrian,Not Intersection-On Roadway Crosswalk not Available,AccelDecelLane,Daylight,Front to Rear,Other,1,True,Interstate (TDOT),ELVIS PRESLEY BLVD,Minor Arterial,40.0,4.0,3,6.0,0.7383499099235674,INTERSTATE 240 W,0.2679832346058247,65.0,3,TF,MEMPHIS,SHELBY,0.2679832346058247,TDOT
300954290,2024-04-27,2024-04-27 21:59:00,2024,4,Saturday,21,35.13394,-89.96567,Suspected Serious Injury,Pedestrian,Not Intersection-On Roadway Not In Crosswalk,Non-Junction,Dark-Not Lighted,Not Collision with Motor Vehicle in Transport,Pedestrian,1,True,City of Memphis,,,,,,,36.63150608734096,POPLAR AVE,32.4677491335467,40.0,7,B,MEMPHIS,SHELBY,5276.252633951847,City of Memphis
300956769,2024-05-10,2024-05-10 21:00:00,2024,5,Friday,21,35.05136,-89.92251,Suspected Serious Injury,Pedestrian,Not Intersection-Outside Traffic,Non-Junction,Dark-Lighted,Not Collision with Motor Vehicle in Transport,Pedestrian,1,True,City of Memphis,,,,,,,201.39949409503487,WINCHESTER RD,20.08028306371198,45.0,7,B,MEMPHIS,SHELBY,2983.519729976264,City of Memphis
300955323,2024-05-03,2024-05-03 15:05:00,2024,5,Friday,15,35.133532,-89.98368,Suspected Serious Injury,Pedestrian,Intersection-Not on Roadway,Intersection,Daylight,Angle,Other,1,True,TDOT,E PARKWAY,Principal Arterial,40.0,2.0,277,5.0,0.1301450039142676,UNION AVE,0.1963669997904382,35.0,6,B,MEMPHIS,SHELBY,3669.866016310496,TDOT
300958018,2024-05-15,2024-05-15 09:30:00,2024,5,Wednesday,9,35.114944,-89.95088,Possible Injury,Pedestrian,Not Intersection-On Roadway Crosswalk not Available,Intersection-Related,Daylight,Not Collision with Motor Vehicle in Transport,Pedestrian,1,True,City of Memphis,,,,,,,1516.0832285083518,SOUTHERN AVE,2.067115869589073,30.0,2,B,MEMPHIS,SHELBY,3595.6195598219797,City of Memphis
300955668,2024-05-06,2024-05-06 09:35:00,2024,5,Monday,9,35.01023,-90.01936,No Injury,Pedestrian,Not Intersection-Outside Traffic,Intersection-Related,Daylight,Not Collision with Motor Vehicle in Transport,Other,1,True,City of Memphis,,,,,,,538.2925794944812,DURANT ST,0.1586159708751868,30.0,2,B,MEMPHIS,SHELBY,1517.213713347302,City of Memphis
300956564,2024-05-02,2024-05-02 21:22:00,2024,5,Thursday,21,35.1782,-89.837234,Unknown,Pedestrian,Intersection-On Roadway not in Crosswalk,Non-Junction,Dark-Lighted,Not Collision with Motor Vehicle in Transport,Pedestrian,1,True,City of Memphis,,,,,,,1744.2924317511165,RALEIGH LAGRANGE RD,34.91953366456157,45.0,5,B,MEMPHIS,SHELBY,314.5294808438298,City of Memphis
300906713,2023-08-22,2023-08-22 20:15:00,2023,8,Tuesday,20,35.098297,-89.89055,Fatal,Pedestrian,Not Intersection-On Roadway Not In Crosswalk,AccelDecelLane,Dark-Lighted,Not Collision with Motor Vehicle in Transport,Pedestrian,1,True,City of Memphis,,,,,,,1159.430014835599,S WHITE STATION RD,26.979234379800825,40.0,4,B,MEMPHIS,SHELBY,1571.5688773597517,City of Memphis
300875911,2023-03-26,2023-03-26 19:35:00,2023,3,Sunday,19,35.063107,-90.059204,Fatal,Pedestrian,Intersection-In Crosswalk,Non-Junction,Dawn,Not Collision with Motor Vehicle in Transport,Pedestrian,1,True,TDOT,S THIRD ST,Principal Arterial,45.0,7.0,14,6.0,0.1552848247583411,E BROOKS RD,0.3604548049905562,35.0,3,B,MEMPHIS,SHELBY,1747.8559926524576,TDOT
300910243,2023-09-11,2023-09-11 02:40:00,2023,9,Monday,2,35.119736,-89.984856,Fatal,Pedestrian,Not Intersection-On Roadway Not In Crosswalk,Non-Junction,Dark-Lighted,Not Collision with Motor Vehicle in Transport,Pedestrian,1,True,City of Memphis,,,,,,,44.28515538745172,YOUNG AVE,26.417160214533904,35.0,3,B,MEMPHIS,SHELBY,3638.292028906928,City of Memphis
300959059,2024-05-27,2024-05-27 00:38:00,2024,5,Monday,0,35.051174,-90.09771,Suspected Serious Injury,Pedestrian,Intersection-Unknown,Unknown,Dark-Lighted,Not Collision with Motor Vehicle in Transport,Pedestrian,1,True,City of Memphis,,,,,,,2834.627703600543,EYERS RD,21.220194583950004,30.0,2,B,MEMPHIS,SHELBY,4010.0579736179216,City of Memphis
300960414,2024-05-31,2024-05-31 23:51:00,2024,5,Friday,23,35.107456,-89.89846,Suspected Minor Injury,Pedestrian,Not Intersection-On Roadway Not In Crosswalk,Non-Junction,Dark-Not Lighted,Not Collision with Motor Vehicle in Transport,Pedestrian,1,True,City of Memphis,,,,,,,658.0154899297797,IVY RD,26.693069950529143,30.0,2,B,MEMPHIS,SHELBY,2584.8660287103366,City of Memphis
300961356,2024-06-11,2024-06-11 05:30:00,2024,6,Tuesday,5,35.15495,-90.028694,Possible Injury,Pedestrian,Not Intersection-Bike Path,AccelDecelLane,Dark-Lighted,Not Collision with Motor Vehicle in Transport,Pedestrian,1,True,TDOT,N PARKWAY,Minor Arterial,40.0,2.0,1,7.0,4.90503013449664,N PARKWAY,0.3297021994013656,40.0,2,FT,MEMPHIS,SHELBY,527.9563933007552,TDOT
300959674,2024-05-30,2024-05-30 03:18:00,2024,5,Thursday,3,35.172657,-89.95262,Possible Injury,Pedestrian,Not Intersection-On Roadway Crosswalk not Available,Non-Junction,Dark-Lighted,Not Collision with Motor Vehicle in Transport,Pedestrian,1,True,City of Memphis,,,,,,,613.0519607126765,WILLIS ST,22.13766239769383,30.0,2,B,MEMPHIS,SHELBY,1936.5088227249628,City of Memphis
300959847,2024-06-01,2024-06-01 07:00:00,2024,6,Saturday,7,35.106342,-89.95163,Suspected Serious Injury,Pedestrian,Intersection-On Roadway not in Crosswalk,Unknown,Daylight,Not Collision with Motor Vehicle in Transport,Pedestrian,1,True,City of Memphis,,,,,,,2099.427588907525,MOUNT VERNON RD,25.1493478694874,30.0,2,B,MEMPHIS,SHELBY,2646.2110744596357,City of Memphis
300962352,2024-06-16,2024-06-16 16:16:00,2024,6,Sunday,16,35.156406,-89.953255,Possible Injury,Pedestrian,Intersection-On Roadway Crosswalk availability Unknown,Intersection,Daylight,Not Collision with Motor Vehicle in Transport,Pedestrian,1,True,City of Memphis,,,,,,,730.3580899259008,HUDSON ST,13.485530866875736,30.0,2,B,MEMPHIS,SHELBY,3739.011870924292,City of Memphis
300960434,2024-06-04,2024-06-04 14:25:00,2024,6,Tuesday,14,35.13334,-89.98965,No Injury,Pedestrian,Intersection-On Roadway Crosswalk Not Available,Intersection,Daylight,Not Collision with Motor Vehicle in Transport,Pedestrian,1,True,City of Memphis,,,,,,,87.40827555836813,SUMMITT ST,49.80414890739034,30.0,2,B,MEMPHIS,SHELBY,3125.334661203968,City of Memphis
300959247,2024-05-26,2024-05-26 21:20:00,2024,5,Sunday,21,35.148144,-90.050983,Possible Injury,Pedestrian,Not Intersection-On Roadway Not In Crosswalk,Intersection-Related,Dark-Lighted,Not Collision with Motor Vehicle in Transport,Pedestrian,1,True,City of Memphis,,,,,,,62.580788932572,ADAMS AVE,14.018217098467504,30.0,2,B,MEMPHIS,SHELBY,544.8480907984116,City of Memphis
300962171,2024-06-15,2024-06-15 21:46:00,2024,6,Saturday,21,35.107765,-90.06345,Suspected Serious Injury,Pedestrian,Not Intersection-On Roadway Not In Crosswalk,AccelDecelLane,Dark-Lighted,Not Collision with Motor Vehicle in Transport,Pedestrian,1,True,City of Memphis,,,,,,,740.3069024237459,S PARKWAY W,0.4223415227443677,40.0,5,B,MEMPHIS,SHELBY,1088.5824397620572,City of Memphis
300961398,2024-06-11,2024-06-11 13:50:00,2024,6,Tuesday,13,35.21275,-90.012535,Possible Injury,Pedestrian,Intersection-In Crosswalk,Unknown,Daylight,Not Collision with Motor Vehicle in Transport,Pedestrian,1,True,City of Memphis,,,,,,,1602.399231549988,SAINT CHARLES DR,34.90883973149141,30.0,2,B,MEMPHIS,SHELBY,2323.4003930857084,City of Memphis
300959487,2024-05-29,2024-05-29 22:00:00,2024,5,Wednesday,22,35.08057,-89.88847,Suspected Serious Injury,Pedestrian,Not Intersection-Bike Path,Non-Junction,Dark-Lighted,Not Collision with Motor Vehicle in Transport,Pedestrian,2,True,City of Memphis,,,,,,,1089.0296391084178,AMERICAN WAY,0.1653845242526812,45.0,5,B,MEMPHIS,SHELBY,382.84882596589205,City of Memphis
300960889,2024-06-07,2024-06-07 16:20:00,2024,6,Friday,16,35.181087,-89.97614,Suspected Minor Injury,Pedestrian,Intersection-Not on Roadway,Intersection,Daylight,Angle,Other,1,True,City of Memphis,,,,,,,2559.738266077607,HEARD AVE,13.596160790595777,30.0,2,B,MEMPHIS,SHELBY,1160.1199343746725,City of Memphis
300958774,2024-05-24,2024-05-24 20:50:00,2024,5,Friday,20,35.1446,-89.93755,Possible Injury,Pedestrian,Intersection-On Roadway Crosswalk Not Available,Intersection,Dark-Lighted,Not Collision with Motor Vehicle in Transport,Pedestrian,1,True,City of Memphis,,,,,,,527.7970797522139,HIGH POINT TER,18.15872076831781,35.0,2,B,MEMPHIS,SHELBY,4141.78332691226,City of Memphis
300954285,2024-04-28,2024-04-28 15:09:00,2024,4,Sunday,15,35.21088,-89.9227,Fatal,Pedestrian,Not Intersection-On Roadway Not In Crosswalk,AccelDecelLane,Daylight,Not Collision with Motor Vehicle in Transport,Pedestrian,1,True,City of Memphis,,,,,,,233.59392292542069,RALEIGH MILLINGTON RD,4.039232549442628,40.0,5,B,MEMPHIS,SHELBY,2022.2087332672786,City of Memphis