MstrRecNbrTxt,CollisionDate,CollisionDteTime,YearNmb,Month,DayOfWeek,Hour,Latitude,Longitude,InjuryClass,PersonType,NonMotoristLocation,RelationToJunction,LightCondition,MannerOfCollision,FirstHarmfulEvent,VictimsInCrash,InMemphis,Jurisdiction,StateRoute_NAME,StateRoute_F_System,StateRoute_SPDLIMIT,StateRoute_LANES,StateRoute_ALTNAME_1,StateRoute_Council_District,DistToStateRoute_m,Street_Name,DistToStreet_m,Street_SPDLIMIT,Street_LANES,Street_ONEWAY,Street_CITY_L,Street_COUNTY_L,DistToInterstate_m,Jurisdiction_prev
300958778,2024-05-24,2024-05-24 11:00:00,2024,5,Friday,11,35.10532,-89.98565,Possible Injury,Pedestrian,Intersection-In Crosswalk,Intersection,Daylight,Not Collision with Motor Vehicle in Transport,Pedestrian,1,True,TDOT,LAMAR AVE,Principal Arterial,40.0,5.0,4,4.0,4.254219725255098,AIRWAYS BLVD,0.486448550894632,40.0,7,B,MEMPHIS,SHELBY,3139.08737886155,TDOT
300893540,2023-06-16,2023-06-16 22:00:00,2023,6,Friday,22,35.211483,-89.92317,Fatal,Pedestrian,Intersection-On Roadway Crosswalk Not Available,Intersection,Dark-Lighted,Not Collision with Motor Vehicle in Transport,Pedestrian,1,True,City of Memphis,,,,,,,309.8362340358999,RALEIGH MILLINGTON RD,0.8262494269627336,40.0,4,B,MEMPHIS,SHELBY,2085.2754122072797,City of Memphis
300961068,2024-06-09,2024-06-09 01:30:00,2024,6,Sunday,1,35.136448,-90.012695,Suspected Minor Injury,Pedestrian,Not Intersection-On Roadway Not In Crosswalk,Non-Junction,Unknown,Not Collision with Motor Vehicle in Transport,Pedestrian,1,True,TDOT,UNION AVE,Principal Arterial,35.0,6.0,23,5.0,3.979873418194449,UNION AVE,0.6041378303177918,35.0,6,B,MEMPHIS,SHELBY,1041.8883515647537,TDOT
300960898,2024-06-07,2024-06-07 19:00:00,2024,6,Friday,19,35.111443,-89.94977,Possible Injury,Pedestrian,Not Intersection-Outside Traffic,Non-Junction,Daylight,Not Collision with Motor Vehicle in Transport,Pedestrian,1,True,City of Memphis,,,,,,,1863.5966126222063,CARNES AVE,9.164214715388823,30.0,2,B,MEMPHIS,SHELBY,3204.5611891158183,City of Memphis
300960255,2024-06-02,2024-06-02 00:41:00,2024,6,Sunday,0,35.04477,-89.88553,Suspected Minor Injury,Pedestrian,Not Intersection-On Roadway Not In Crosswalk,Non-Junction,Dark-Not Lighted,Not Collision with Motor Vehicle in Transport,Pedestrian,1,True,City of Memphis,,,,,,,2513.320435037549,S MENDENHALL RD,37.65037068266154,45.0,7,B,MEMPHIS,SHELBY,4186.525630228964,City of Memphis
300960903,2024-06-04,2024-06-04 16:20:00,2024,6,Tuesday,16,35.14526,-90.03004,Suspected Minor Injury,Pedestrian,Intersection-On Roadway Crosswalk availability Unknown,Intersection,Dark-Lighted,Not Collision with Motor Vehicle in Transport,Pedestrian,2,True,City of Memphis,,,,,,,775.1872779235941,N PAULINE ST,0.141501004118437,30.0,5,B,MEMPHIS,SHELBY,528.3780424381308,City of Memphis
300962567,2024-06-18,2024-06-18 21:10:00,2024,6,Tuesday,21,35.202553,-90.02802,Possible Injury,Pedestrian,Not Intersection-On Roadway Not In Crosswalk,Non-Junction,Dark-Not Lighted,Not Collision with Motor Vehicle in Transport,Pedestrian,1,True,City of Memphis,,,,,,,544.3116816762563,STAGE AVE,37.71543099710957,45.0,2,B,MEMPHIS,SHELBY,1674.4402367047464,City of Memphis
300959889,2024-06-01,2024-06-01 00:00:00,2024,6,Saturday,99,35.17619,-89.93925,Possible Injury,Pedestrian,Intersection-On Roadway Crosswalk Not Available,Intersection,Unknown,Not Collision with Motor Vehicle in Transport,Pedestrian,1,True,TDOT,JACKSON AVE,Principal Arterial,40.0,6.0,14,7.0,4.688510338068052,JACKSON AVE,7.762630406776621,40.0,6,B,MEMPHIS,SHELBY,1550.4319355291902,TDOT
300958582,2024-05-21,2024-05-21 17:29:00,2024,5,Tuesday,17,35.15053,-90.05213,Possible Injury,Pedestrian,Intersection-In Crosswalk,Intersection,Daylight,Not Collision with Motor Vehicle in Transport,Pedestrian,1,True,City of Memphis,,,,,,,243.11022394409247,N FRONT ST,0.3385640002877151,30.0,5,B,MEMPHIS,SHELBY,279.90193705135454,City of Memphis
300958794,2024-05-24,2024-05-24 18:35:00,2024,5,Friday,18,35.12602,-89.990746,Possible Injury,Pedestrian,Intersection-In Crosswalk,AccelDecelLane,Daylight,Not Collision with Motor Vehicle in Transport,Pedestrian,1,True,City of Memphis,,,,,,,591.564257954622,CENTRAL AVE,0.2772595364887465,40.0,4,B,MEMPHIS,SHELBY,3009.4440578930717,City of Memphis
300874594,2023-03-22,2023-03-22 00:27:00,2023,3,Wednesday,0,35.148376,-89.98143,Fatal,Pedestrian,Not Intersection-On Roadway Not In Crosswalk,Non-Junction,Dark-Lighted,Not Collision with Motor Vehicle in Transport,Pedestrian,1,True,TDOT,E PARKWAY,Principal Arterial,40.0,7.0,57,5.0,27.13261296828385,SAM COOPER BLVD,22.899302297332277,40.0,6,B,MEMPHIS,SHELBY,3644.547414197046,TDOT
300894613,2023-06-22,2023-06-22 20:20:00,2023,6,Thursday,20,35.098293,-89.89115,Fatal,Pedestrian,Not Intersection-On Roadway Not In Crosswalk,Non-Junction,Daylight,Not Collision with Motor Vehicle in Transport,Pedestrian,1,True,City of Memphis,,,,,,,1181.5155826622845,S WHITE STATION RD,27.71964777853798,40.0,4,B,MEMPHIS,SHELBY,1577.7308428195254,City of Memphis
300960941,2024-06-08,2024-06-08 04:03:00,2024,6,Saturday,4,35.16826,-89.86452,Suspected Serious Injury,Pedestrian,Not Intersection-On Roadway Not In Crosswalk,AccelDecelLane,Dark-Not Lighted,Not Collision with Motor Vehicle in Transport,Pedestrian,1,True,City of Memphis,,,,,,,543.1408144178937,SHELBY OAKS DR,0.3160451960274763,40.0,4,B,MEMPHIS,SHELBY,406.21178413439475,City of Memphis
300959157,2024-05-27,2024-05-27 07:28:00,2024,5,Monday,7,35.033012,-90.02144,Possible Injury,Pedestrian,Intersection-Not on Roadway,Non-Junction,Daylight,Not Collision with Motor Vehicle in Transport,Pedestrian,1,True,City of Memphis,,,,,,,340.6193832990594,WESLEY DR,70.68336639177299,30.0,2,B,MEMPHIS,SHELBY,1720.7512883059076,City of Memphis
300959159,2024-05-27,2024-05-27 13:00:00,2024,5,Monday,13,35.057903,-90.06322,No Injury,Other Non-Motorist,Not Intersection-Unknown,Intersection,Daylight,Angle,Other,1,True,City of Memphis,,,,,,,316.0856854081256,E DUNBAR RD,26.303780576649405,30.0,2,B,MEMPHIS,SHELBY,2404.0092285094665,City of Memphis
300962610,2024-06-19,2024-06-19 07:20:00,2024,6,Wednesday,7,35.11334,-90.05244,Suspected Serious Injury,Pedestrian,Not Intersection-On Roadway Not In Crosswalk,Non-Junction,Dawn,Not Collision with Motor Vehicle in Transport,Pedestrian,1,True,City of Memphis,,,,,,,255.7684143611457,CAMBRIDGE AVE,0.4114508651957871,30.0,2,B,MEMPHIS,SHELBY,1721.282354110668,City of Memphis
300959174,2024-05-27,2024-05-27 16:06:00,2024,5,Monday,16,35.080193,-89.95548,No Injury,Other Non-Motorist,Unknown,Intersection,Daylight,Not Collision with Motor Vehicle in Transport,Other,1,True,Interstate (TDOT),LAMAR AVE,Principal Arterial,40.0,6.0,4,4.0,3.4740049144211533,INTERSTATE 240 E,0.1787866532914327,65.0,4,FT,MEMPHIS,SHELBY,0.17878665329143278,TDOT
300888290,2023-05-20,2023-05-20 20:23:00,2023,5,Saturday,20,35.161552,-89.947136,Suspected Serious Injury,Pedestrian,Not Intersection-On Roadway Not In Crosswalk,Non-Junction,Dark-Lighted,Not Collision with Motor Vehicle in Transport,Pedestrian,1,True,City of Memphis,,,,,,,617.2421873943975,NATIONAL ST,8.999564668722218,40.0,4,B,MEMPHIS,SHELBY,3138.523755688289,City of Memphis
300961670,2024-06-12,2024-06-12 12:36:00,2024,6,Wednesday,12,35.00678,-90.00815,Possible Injury,Pedestrian,Intersection-Not on Roadway,Intersection,Daylight,Not Collision with Motor Vehicle in Transport,Pedestrian,1,True,City of Memphis,,,,,,,1563.209005832453,E HOLMES RD,38.41870930102045,40.0,5,B,MEMPHIS,SHELBY,491.88337143953237,City of Memphis
300961125,2024-06-05,2024-06-05 20:00:00,2024,6,Wednesday,20,35.211975,-90.0322,Possible Injury,Pedestrian,Intersection-On Roadway not in Crosswalk,OtherLocation,Dark-Lighted,Not Collision with Motor Vehicle in Transport,Pedestrian,1,True,TDOT,THOMAS ST,,40.0,2.0,3,7.0,0.8012128282121301,THOMAS ST,0.2054498136305469,40.0,2,B,MEMPHIS,SHELBY,2743.8126344926795,TDOT
300959011,2024-05-26,2024-05-26 07:00:00,2024,5,Sunday,7,35.062923,-90.0878,No Injury,Other Non-Motorist,Intersection-Not on Roadway,"Driveway, Alley Access, etc",Dawn,Angle,Other,1,True,City of Memphis,,,,,,,2597.3991418091173,HARAHAN RD,18.17484518707442,30.0,2,B,MEMPHIS,SHELBY,2424.1297037137797,City of Memphis
300959565,2024-05-29,2024-05-29 20:48:00,2024,5,Wednesday,20,35.107697,-89.98315,Possible Injury,Pedestrian,Not Intersection-Unknown,"Driveway, Alley Access, etc",Dark-Unknown Lighting,Not Collision with Motor Vehicle in Transport,Pedestrian,1,True,City of Memphis,,,,,,,164.2625190321636,ETHEL ST,14.17833787856148,30.0,2,B,MEMPHIS,SHELBY,3409.452767809344,City of Memphis
300908787,2023-09-03,2023-09-03 00:22:00,2023,9,Sunday,0,35.15307,-89.88861,Fatal,Pedestrian,Not Intersection-On Roadway Not In Crosswalk,Non-Junction,Dark-Lighted,Not Collision with Motor Vehicle in Transport,Pedestrian,1,True,TDOT,SUMMER AVE,Principal Arterial,40.0,7.0,1,5.0,2.9276120819423816,N WHITE STATION RD,0.0447245129595817,40.0,5,B,MEMPHIS,SHELBY,57.8519527931337,TDOT
300960801,2024-06-06,2024-06-06 23:00:00,2024,6,Thursday,23,35.13798,-90.02818,Possible Injury,Pedestrian,Intersection-On Roadway not in Crosswalk,AccelDecelLane,Dark-Lighted,Not Collision with Motor Vehicle in Transport,Pedestrian,1,True,TDOT,UNION AVE,Principal Arterial,35.0,6.0,3,6.0,5.134409230420109,S PAULINE ST,0.0671425237295522,30.0,4,B,MEMPHIS,SHELBY,353.82926806868676,TDOT
300961170,2024-06-09,2024-06-09 20:59:00,2024,6,Sunday,20,35.0533,-90.02036,Suspected Serious Injury,Pedestrian,Not Intersection-On Roadway Not In Crosswalk,OtherLocation,Dark-Lighted,Not Collision with Motor Vehicle in Transport,Pedestrian,1,True,City of Memphis,,,,,,,426.5773457991883,ROYAL OAKS CV,61.78263575650106,35.0,2,B,MEMPHIS,SHELBY,592.9704405472406,City of Memphis
300961310,2024-06-10,2024-06-10 00:00:00,2024,6,Monday,99,35.114563,-89.927666,No Injury,Pedestrian,Not Intersection-Other Not On Roadway,Non-Junction,Unknown,Rear to Side,Other,1,True,City of Memphis,,,,,,,1029.284402015902,WATSON ST,28.680459679450244,30.0,2,B,MEMPHIS,SHELBY,3822.746980768275,City of Memphis
300868973,2023-02-23,2023-02-23 22:27:00,2023,2,Thursday,22,35.061295,-89.886246,Fatal,Pedestrian,Not Intersection-On Roadway Crosswalk not Available,Non-Junction,Dark-Lighted,Not Collision with Motor Vehicle in Transport,Pedestrian,1,True,City of Memphis,,,,,,,2328.762573462122,TYROL CT,30.52655347619982,30.0,2,B,MEMPHIS,SHELBY,2500.9809408975016,City of Memphis
300960159,2024-06-02,2024-06-02 20:44:00,2024,6,Sunday,20,35.223206,-89.941216,Possible Injury,Pedestrian,Intersection-On Roadway not in Crosswalk,Intersection,Dark-Lighted,Not Collision with Motor Vehicle in Transport,Pedestrian,1,True,City of Memphis,,,,,,,2403.82248049258,WINDERMERE DR,6.223679994633143,30.0,2,B,MEMPHIS,SHELBY,3542.7746116452736,City of Memphis
300945308,2024-03-09,2024-03-09 21:04:00,2024,3,Saturday,21,35.069477,-90.05807,Fatal,Pedestrian,Not Intersection-On Roadway Crosswalk not Available,Non-Junction,Dark-Lighted,Not Collision with Motor Vehicle in Transport,Other,1,True,City of Memphis,,,,,,,43.75352245041743,S THIRD ST,43.10894583832125,45.0,7,B,MEMPHIS,SHELBY,1039.073682388974,City of Memphis
300964714,2024-07-02,2024-07-02 13:00:00,2024,7,Tuesday,13,35.20456,-89.89461,Possible Injury,Pedestrian,Not Intersection-On Roadway Not In Crosswalk,AccelDecelLane,Daylight,Not Collision with Motor Vehicle in Transport,Pedestrian,1,True,TDOT,COVINGTON PIKE,,45.0,5.0,204,1.0,13.23436357283016,COVINGTON PIKE,12.488251442728435,45.0,5,B,MEMPHIS,SHELBY,2683.1507696820236,TDOT
300963821,2024-06-27,2024-06-27 22:20:00,2024,6,Thursday,22,35.174534,-89.98324,Suspected Minor Injury,Pedestrian,Intersection-Unknown,Intersection,Dark-Lighted,Not Collision with Motor Vehicle in Transport,Pedestrian,1,True,City of Memphis,,,,,,,1703.6900607613886,CHELSEA AVE,2.173339913177367,40.0,4,B,MEMPHIS,SHELBY,1931.5981019936846,City of Memphis
300963205,2024-06-22,2024-06-22 18:23:00,2024,6,Saturday,18,35.108936,-89.98923,Possible Injury,Pedestrian,Intersection-On Roadway not in Crosswalk,Non-Junction,Daylight,Not Collision with Motor Vehicle in Transport,Pedestrian,1,True,TDOT,LAMAR AVE,Principal Arterial,40.0,7.0,4,4.0,4.346122988132574,LAMAR AVE,0.7694712778675743,40.0,7,B,MEMPHIS,SHELBY,3519.9158848003312,TDOT
300964899,2024-07-04,2024-07-04 16:52:00,2024,7,Thursday,16,35.20337,-89.97807,Possible Injury,Pedestrian,Not Intersection-On Roadway Crosswalk not Available,OtherLocation,Daylight,Not Collision with Motor Vehicle in Transport,Pedestrian,1,True,City of Memphis,,,,,,,4648.586874097708,LEAFY HOLLOW DR,3.028852153874269,30.0,2,B,MEMPHIS,SHELBY,1261.821357155812,City of Memphis
300966300,2024-07-15,2024-07-15 18:05:00,2024,7,Monday,18,35.020256,-89.94825,Possible Injury,Pedestrian,Not Intersection-In Parking Lane,"Driveway, Alley Access, etc",Daylight,Not Collision with Motor Vehicle in Transport,Pedestrian,1,True,City of Memphis,,,,,,,55.50060847204134,MEIER DR,35.70289823188564,30.0,2,B,MEMPHIS,SHELBY,4945.503486702932,City of Memphis
300943727,2024-02-28,2024-02-28 19:20:00,2024,2,Wednesday,19,35.084778,-89.95135,Fatal,Pedestrian,Not Intersection-On Roadway Crosswalk not Available,Non-Junction,Dark-Not Lighted,Not Collision with Motor Vehicle in Transport,Pedestrian,1,True,City of Memphis,,,,,,,623.2354839340023,PRESCOTT RD,71.24046810892274,40.0,4,B,MEMPHIS,SHELBY,268.75166395807906,City of Memphis
300964918,2024-07-05,2024-07-05 14:58:00,2024,7,Friday,14,35.212906,-90.00558,Suspected Serious Injury,Pedestrian,Not Intersection-On Roadway Not In Crosswalk,AccelDecelLane,Daylight,Not Collision with Motor Vehicle in Transport,Pedestrian,1,True,City of Memphis,,,,,,,2110.393849700714,DELLWOOD AVE,25.61591485322832,35.0,3,B,MEMPHIS,SHELBY,2277.7725979245183,City of Memphis
300960198,2024-06-02,2024-06-02 20:06:00,2024,6,Sunday,20,35.22605,-89.940834,Fatal,Pedestrian,Not Intersection-On Roadway Not In Crosswalk,AccelDecelLane,Dark-Lighted,Not Collision with Motor Vehicle in Transport,Pedestrian,1,True,City of Memphis,,,,,,,2573.992798133091,DORADO AVE,8.622661570129589,30.0,2,B,MEMPHIS,SHELBY,3839.0032105303962,City of Memphis
300865216,2023-02-04,2023-02-04 20:33:00,2023,2,Saturday,20,35.04188,-90.02512,Fatal,Pedestrian,Not Intersection-On Roadway Not In Crosswalk,Intersection-Related,Dark-Lighted,Not Collision with Motor Vehicle in Transport,Pedestrian,1,True,TDOT,ELVIS PRESLEY BLVD,Principal Arterial,40.0,6.0,3,6.0,0.0865634424567689,ELVIS PRESLEY BLVD,0.1827732809204529,40.0,6,B,MEMPHIS,SHELBY,1588.4158480125661,TDOT
300964043,2024-06-29,2024-06-29 11:41:00,2024,6,Saturday,11,35.108738,-90.02117,Possible Injury,Pedestrian,Intersection-In Crosswalk,Intersection,Daylight,Not Collision with Motor Vehicle in Transport,Pedestrian,1,True,City of Memphis,,,,,,,34.85560039607689,QUINN AVE,20.49719737735011,30.0,2,B,MEMPHIS,SHELBY,715.3916514036144,City of Memphis
300964773,2024-07-03,2024-07-03 00:12:00,2024,7,Wednesday,0,35.015568,-89.89441,Suspected Serious Injury,Pedestrian,Intersection-On Roadway not in Crosswalk,Non-Junction,Dark-Lighted,Not Collision with Motor Vehicle in Transport,Pedestrian,1,True,TDOT,LAMAR AVE,Principal Arterial,55.0,2.0,4,3.0,16.323388354666246,LAMAR AVE,13.806267858788422,55.0,2,FT,MEMPHIS,SHELBY,7040.80075076935,TDOT
300963418,2024-06-25,2024-06-25 11:38:00,2024,6,Tuesday,11,35.147762,-90.042755,Fatal,Pedestrian,Not Intersection-Outside Traffic,Non-Junction,Daylight,Not Collision with Motor Vehicle in Transport,Pedestrian,1,True,City of Memphis,,,,,,,88.26377261026684,POPLAR AVE,28.57149809919776,40.0,7,B,MEMPHIS,SHELBY,426.75862738914026,City of Memphis
300965491,2024-07-06,2024-07-06 22:52:00,2024,7,Saturday,22,35.020298,-89.95364,Possible Injury,Pedestrian,Not Intersection-On Roadway Not In Crosswalk,Intersection,Dark-Lighted,Not Collision with Motor Vehicle in Transport,Pedestrian,1,True,City of Memphis,,,,,,,54.43572497717635,E SHELBY DR,49.74988446780036,45.0,7,B,MEMPHIS,SHELBY,4453.537597268634,City of Memphis
300962397,2024-06-14,2024-06-14 21:15:00,2024,6,Friday,21,35.14428,-90.030349,Possible Injury,Pedestrian,Not Intersection-Outside Traffic,Non-Junction,Dark-Not Lighted,Not Collision with Motor Vehicle in Transport,Pedestrian,1,True,City of Memphis,,,,,,,663.6713828025119,WASHINGTON AVE,5.381061536133959,30.0,2,B,MEMPHIS,SHELBY,638.3492500132078,City of Memphis
300963713,2024-06-25,2024-06-25 15:00:00,2024,6,Tuesday,15,35.174622,-89.764664,Possible Injury,Pedestrian,Not Intersection-On Roadway Crosswalk not Available,Intersection-Related,Daylight,Not Collision with Motor Vehicle in Transport,Pedestrian,1,True,City of Memphis,,,,,,,2579.814246409724,CHIMNEYROCK BLVD,7.445097799846849,30.0,2,B,MEMPHIS,SHELBY,3184.294175811047,City of Memphis
300963124,2024-06-23,2024-06-23 00:00:00,2024,6,Sunday,0,35.127617,-89.85486,Suspected Serious Injury,Pedestrian,Intersection-Not on Roadway,Intersection,Unknown,Not Collision with Motor Vehicle in Transport,Pedestrian,1,True,City of Memphis,,,,,,,1233.4939328436246,HUMPHREYS CENTER DR,26.9558238788592,30.0,2,B,MEMPHIS,SHELBY,1188.6608110675916,City of Memphis
300964820,2024-07-04,2024-07-04 21:57:00,2024,7,Thursday,21,35.14203,-90.054085,Suspected Minor Injury,Pedestrian,Intersection-Not on Roadway,Intersection,Dark-Not Lighted,Not Collision with Motor Vehicle in Transport,Pedestrian,1,True,City of Memphis,,,,,,,120.91663616637948,GAYOSO AVE,0.0995065277278394,30.0,1,FT,MEMPHIS,SHELBY,1222.835865166323,City of Memphis
300965915,2024-07-08,2024-07-08 21:30:00,2024,7,Monday,21,35.232586,-89.978935,Suspected Serious Injury,Pedestrian,Intersection-Unknown,Intersection,Dark-Not Lighted,Not Collision with Motor Vehicle in Transport,Pedestrian,1,True,City of Memphis,,,,,,,2854.896821710345,N TREZEVANT ST,2.5697233065269582,30.0,2,B,MEMPHIS,SHELBY,4487.566085774359,City of Memphis
300964830,2024-07-05,2024-07-05 00:30:00,2024,7,Friday,0,35.067863,-89.88216,No Injury,Pedestrian,Unknown,OtherLocation,Dark-Lighted,Not Collision with Motor Vehicle in Transport,Other,1,True,City of Memphis,,,,,,,1513.4853178149806,ESTES ST,22.29471872849839,30.0,2,B,MEMPHIS,SHELBY,1816.113375061073,City of Memphis
300966374,2024-07-15,2024-07-15 11:30:00,2024,7,Monday,11,35.006363,-90.01927,No Injury,Pedestrian,Not Intersection-Other Not On Roadway,Intersection,Daylight,Angle,Other,1,True,City of Memphis,,,,,,,548.5071674353394,MARYNELLE ST,2.5120866536537427,30.0,2,B,MEMPHIS,SHELBY,1506.6735623927739,City of Memphis
300963964,2024-06-28,2024-06-28 21:00:00,2024,6,Friday,21,35.09236,-90.060104,Suspected Serious Injury,Pedestrian,Not Intersection-Adjacent to Roadway,OtherLocation,Dark-Lighted,Not Collision with Motor Vehicle in Transport,Pedestrian,1,True,City of Memphis,,,,,,,357.3185477764961,E FERNWOOD AVE,22.80511828316117,30.0,2,B,MEMPHIS,SHELBY,1338.3555498717265,City of Memphis
300963154,2024-06-23,2024-06-23 00:00:00,2024,6,Sunday,0,35.13892,-90.05575,Suspected Serious Injury,Pedestrian,Not Intersection-On Roadway Crosswalk Availability Unknown,Intersection,Dark-Lighted,Not Collision with Motor Vehicle in Transport,Pedestrian,1,True,City of Memphis,,,,,,,140.79382571017817,S MAIN ST,0.2862501854480329,30.0,3,B,MEMPHIS,SHELBY,1568.096116955797,City of Memphis
300964124,2024-06-30,2024-06-30 02:26:00,2024,6,Sunday,2,35.184933,-89.93227,Suspected Serious Injury,Pedestrian,Not Intersection-On Roadway Not In Crosswalk,AccelDecelLane,Dark-Lighted,Not Collision with Motor Vehicle in Transport,Pedestrian,1,True,City of Memphis,,,,,,,69.57380376077737,CAPE HENRY DR,30.92124052754873,30.0,2,B,MEMPHIS,SHELBY,728.2798894900704,City of Memphis
300963352,2024-06-24,2024-06-24 17:00:00,2024,6,Monday,17,35.145138,-90.031746,Possible Injury,Pedestrian,Not Intersection-On Roadway Not In Crosswalk,Unknown,Daylight,Not Collision with Motor Vehicle in Transport,Pedestrian,1,True,City of Memphis,,,,,,,740.9813598882538,POPLAR AVE,34.890435607312114,40.0,7,B,MEMPHIS,SHELBY,556.6954025909816,City of Memphis
300963976,2024-06-28,2024-06-28 22:00:00,2024,6,Friday,22,35.22069,-89.89003,Possible Injury,Pedestrian,Not Intersection-On Roadway Not In Crosswalk,Non-Junction,Dark-Lighted,Not Collision with Motor Vehicle in Transport,Pedestrian,1,True,City of Memphis,,,,,,,381.3004876432338,YALE RD,30.19749908620337,40.0,5,B,MEMPHIS,SHELBY,4231.714690159619,City of Memphis
300965380,2024-07-08,2024-07-08 22:20:00,2024,7,Monday,22,35.077015,-89.98536,Possible Injury,Pedestrian,Not Intersection-On Roadway Not In Crosswalk,OtherLocation,Dark-Lighted,Not Collision with Motor Vehicle in Transport,Pedestrian,1,True,Interstate (TDOT),,,,,,,2286.633436834265,INTERSTATE 240 W,0.1619882125478431,65.0,4,TF,MEMPHIS,SHELBY,0.16198821254784315,City of Memphis
300964523,2024-07-02,2024-07-02 05:12:00,2024,7,Tuesday,5,35.03549,-90.07004,Possible Injury,Pedestrian,Not Intersection-On Roadway Not In Crosswalk,AccelDecelLane,Dawn,Not Collision with Motor Vehicle in Transport,Pedestrian,1,True,City of Memphis,,,,,,,220.5306461143729,W RAINES RD,0.1380641782872634,40.0,5,B,MEMPHIS,SHELBY,4883.459012244282,City of Memphis
300963795,2024-06-27,2024-06-27 17:30:00,2024,6,Thursday,17,35.223644,-89.94084,Possible Injury,Pedestrian,Intersection-On Roadway not in Crosswalk,AccelDecelLane,Daylight,Not Collision with Motor Vehicle in Transport,Pedestrian,1,True,City of Memphis,,,,,,,2409.107196746357,WINDERMERE DR,25.52193148264567,30.0,2,B,MEMPHIS,SHELBY,3580.686125911516,City of Memphis
300967695,2024-07-25,2024-07-25 21:36:00,2024,7,Thursday,21,35.081993,-89.90726,No Injury,Pedestrian,Not Intersection-Outside Traffic,OtherLocation,Dark-Lighted,Not Collision with Motor Vehicle in Transport,Other,2,True,City of Memphis,,,,,,,2199.2048047381304,E MALLORY AVE,0.1651504229585543,35.0,2,B,MEMPHIS,SHELBY,371.2430083769159,City of Memphis
300971566,2024-08-18,2024-08-18 18:00:00,2024,8,Sunday,18,35.04808,-89.783615,No Injury,Pedestrian,Not Intersection-Other Not On Roadway,Intersection-Related,Dawn,Not Collision with Motor Vehicle in Transport,Other,2,True,City of Memphis,,,,,,,2268.738191550204,WINCHESTER RD,0.1534467158975944,45.0,6,B,MEMPHIS,SHELBY,9190.460588470674,City of Memphis
300968928,2024-08-01,2024-08-01 21:05:00,2024,8,Thursday,21,35.205276,-89.92339,No Injury,Pedestrian,Not Intersection-On Roadway Not In Crosswalk,AccelDecelLane,Dark-Lighted,Angle,Other,1,True,TDOT,AUSTIN PEAY HWY,Principal Arterial,50.0,3.0,14,7.0,1.5950928517324106,AUSTIN PEAY HWY TO JAMES RD,0.0068261767773193,45.0,1,FT,MEMPHIS,SHELBY,1397.390876402006,TDOT
300951942,2024-04-14,2024-04-14 04:44:00,2024,4,Sunday,4,35.175112,-89.836434,Fatal,Pedestrian,Not Intersection-On Roadway Crosswalk not Available,Non-Junction,Dark-Lighted,Not Collision with Motor Vehicle in Transport,Pedestrian,1,True,Interstate (TDOT),,,,,,,2020.391638791451,INTERSTATE 40 E,0.0439886746769906,65.0,4,FT,MEMPHIS,SHELBY,0.04398867467699063,City of Memphis
300970808,2024-08-16,2024-08-16 14:00:00,2024,8,Friday,14,35.11656,-90.0116,Suspected Minor Injury,Pedestrian,Not Intersection-On Roadway Not In Crosswalk,Non-Junction,Daylight,Not Collision with Motor Vehicle in Transport,Pedestrian,1,True,City of Memphis,,,,,,,598.1700437680914,SOUTHERN AVE,2.635836632063614,35.0,2,B,MEMPHIS,SHELBY,1327.2168182629307,City of Memphis
300970818,2024-08-15,2024-08-15 20:50:00,2024,8,Thursday,20,35.209625,-90.0328,Possible Injury,Pedestrian,Intersection-On Roadway not in Crosswalk,Intersection-Related,Dark-Lighted,Not Collision with Motor Vehicle in Transport,Pedestrian,1,True,TDOT,THOMAS ST,,40.0,2.0,3,7.0,9.77845128856174,THOMAS ST,10.868680177109765,40.0,2,B,MEMPHIS,SHELBY,2560.9345086638054,TDOT
300970302,2024-08-12,2024-08-12 22:42:00,2024,8,Monday,22,35.10955,-90.021736,Possible Injury,Pedestrian,Intersection-Unknown,AccelDecelLane,Dark-Lighted,Not Collision with Motor Vehicle in Transport,Pedestrian,1,True,TDOT,ELVIS PRESLEY BLVD,Minor Arterial,35.0,5.0,3,4.0,1.2377861424997234,S PARKWAY E,0.1733265836224657,35.0,5,B,MEMPHIS,SHELBY,660.4140047743335,TDOT
300970303,2024-08-10,2024-08-10 22:19:00,2024,8,Saturday,22,35.104996,-89.97768,Suspected Serious Injury,Pedestrian,Intersection-Unknown,Intersection-Related,Dark-Unknown Lighting,Not Collision with Motor Vehicle in Transport,Pedestrian,1,True,City of Memphis,,,,,,,412.5886491636838,HAMILTON ST,14.812956749182424,30.0,2,B,MEMPHIS,SHELBY,3144.9676754687293,City of Memphis