MstrRecNbrTxt,CollisionDate,CollisionDteTime,YearNmb,Month,DayOfWeek,Hour,Latitude,Longitude,InjuryClass,PersonType,NonMotoristLocation,RelationToJunction,LightCondition,MannerOfCollision,FirstHarmfulEvent,VictimsInCrash,InMemphis,Jurisdiction,StateRoute_NAME,StateRoute_F_System,StateRoute_SPDLIMIT,StateRoute_LANES,StateRoute_ALTNAME_1,StateRoute_Council_District,DistToStateRoute_m,Street_Name,DistToStreet_m,Street_SPDLIMIT,Street_LANES,Street_ONEWAY,Street_CITY_L,Street_COUNTY_L,DistToInterstate_m,Jurisdiction_prev
300968870,2024-08-02,2024-08-02 22:08:00,2024,8,Friday,22,35.086304,-90.044525,Possible Injury,Pedestrian,Intersection-On Roadway Crosswalk Not Available,AccelDecelLane,Dark-Lighted,Not Collision with Motor Vehicle in Transport,Pedestrian,1,True,City of Memphis,,,,,,,1115.7268172584388,S LAUDERDALE ST,0.1463817710261605,30.0,2,B,MEMPHIS,SHELBY,1002.070163060955,City of Memphis
300971420,2024-08-19,2024-08-19 18:15:00,2024,8,Monday,18,35.093723,-90.0005,Possible Injury,Pedestrian,Intersection-On Roadway Crosswalk Not Available,Intersection,Dusk,Not Collision with Motor Vehicle in Transport,Pedestrian,1,True,City of Memphis,,,,,,,1606.4207459804986,FREEMONT AVE,21.088527977938437,30.0,2,B,MEMPHIS,SHELBY,2048.2607302188794,City of Memphis
300970509,2024-08-14,2024-08-14 07:12:00,2024,8,Wednesday,7,35.133705,-90.02085,Possible Injury,Pedestrian,Intersection-On Roadway Crosswalk Not Available,Intersection-Related,Daylight,Not Collision with Motor Vehicle in Transport,Pedestrian,2,True,TDOT,S BELLEVUE BLVD,Major Collector,35.0,4.0,3,6.0,4.433141582903136,VANCE AVE,0.1732423161175334,30.0,2,B,MEMPHIS,SHELBY,287.33439632893896,TDOT
300945956,2024-03-13,2024-03-13 19:42:00,2024,3,Wednesday,19,35.140537,-90.04451,Fatal,Pedestrian,Intersection-In Crosswalk,Intersection-Related,Dark-Lighted,Not Collision with Motor Vehicle in Transport,Pedestrian,1,True,TDOT,UNION AVE,Principal Arterial,35.0,5.0,3,6.0,29.49937551912283,UNION AVE,25.18761880768768,35.0,5,B,MEMPHIS,SHELBY,1238.536577282024,TDOT
300968900,2024-08-02,2024-08-02 20:30:00,2024,8,Friday,20,35.08632,-90.05957,Possible Injury,Pedestrian,Intersection-On Roadway not in Crosswalk,Non-Junction,Dark-Lighted,Not Collision with Motor Vehicle in Transport,Pedestrian,1,True,City of Memphis,,,,,,,251.26059043181152,E MALLORY AVE,28.458961536476476,40.0,2,B,MEMPHIS,SHELBY,675.1437535822694,City of Memphis
300970010,2024-08-10,2024-08-10 18:35:00,2024,8,Saturday,18,35.157948,-89.97601,Suspected Minor Injury,Pedestrian,Intersection-In Crosswalk,Intersection,Daylight,Not Collision with Motor Vehicle in Transport,Pedestrian,1,True,TDOT,JACKSON AVE,Principal Arterial,40.0,5.0,14,7.0,4.687374335869879,JACKSON AVE,0.0281101443445548,40.0,5,B,MEMPHIS,SHELBY,3718.4217887152035,TDOT
300970867,2024-08-17,2024-08-17 01:05:00,2024,8,Saturday,1,35.14318,-90.0071,Suspected Serious Injury,Pedestrian,Intersection-On Roadway Crosswalk Not Available,Non-Junction,Dark-Lighted,Not Collision with Motor Vehicle in Transport,Pedestrian,1,True,City of Memphis,,,,,,,796.8431547084072,N AVALON ST,0.2038070834616866,35.0,2,B,MEMPHIS,SHELBY,1399.8006068212503,City of Memphis
300970029,2024-08-10,2024-08-10 17:25:00,2024,8,Saturday,17,35.049774,-89.80829,Unknown,Pedestrian,Intersection-On Roadway not in Crosswalk,Intersection,Daylight,Not Collision with Motor Vehicle in Transport,Pedestrian,1,True,City of Memphis,,,,,,,84.64405862225014,WINCHESTER RD,2.074910248308186,45.0,7,B,MEMPHIS,SHELBY,7188.338312556836,City of Memphis
300967438,2024-07-23,2024-07-23 23:45:00,2024,7,Tuesday,23,35.15863,-90.02266,Suspected Serious Injury,Pedestrian,Not Intersection-Outside Traffic,OtherLocation,Dark-Lighted,Not Collision with Motor Vehicle in Transport,Pedestrian,1,True,City of Memphis,,,,,,,106.42063113959,BREEDLOVE ST,32.79428416896215,35.0,2,B,MEMPHIS,SHELBY,183.3332161209825,City of Memphis
300969896,2024-08-09,2024-08-09 19:00:00,2024,8,Friday,19,35.177944,-89.97201,Possible Injury,Pedestrian,Intersection-Not on Roadway,Intersection-Related,Dark-Lighted,Not Collision with Motor Vehicle in Transport,Pedestrian,1,True,City of Memphis,,,,,,,2134.5570713469942,PERES AVE,19.570946864963705,30.0,2,B,MEMPHIS,SHELBY,1478.9091612867055,City of Memphis
300967848,2024-07-26,2024-07-26 11:22:00,2024,7,Friday,11,35.216988,-89.89398,Suspected Minor Injury,Pedestrian,Not Intersection-On Roadway Not In Crosswalk,Intersection-Related,Daylight,Not Collision with Motor Vehicle in Transport,Pedestrian,1,True,City of Memphis,,,,,,,32.379753511664546,COVINGTON PIKE,32.00747888460693,40.0,5,B,MEMPHIS,SHELBY,3686.138478063718,City of Memphis
300969114,2024-08-04,2024-08-04 03:00:00,2024,8,Sunday,3,35.162937,-89.97888,No Injury,Pedestrian,Unknown,Non-Junction,Dark-Lighted,HeadOn,Other,1,True,City of Memphis,,,,,,,550.6648890697503,VOLLINTINE AVE,22.2562655922256,30.0,2,B,MEMPHIS,SHELBY,3187.135342708909,City of Memphis
300969904,2024-08-09,2024-08-09 20:00:00,2024,8,Friday,20,35.108456,-89.98326,No Injury,Pedestrian,Not Intersection-Outside Traffic,OtherLocation,Dark-Lighted,Not Collision with Motor Vehicle in Transport,Pedestrian,1,True,City of Memphis,,,,,,,149.9888046060017,PARK AVE,0.1461006470413454,35.0,4,B,MEMPHIS,SHELBY,3493.0822702630444,City of Memphis
300967111,2024-07-21,2024-07-21 01:35:00,2024,7,Sunday,1,35.138626,-90.06045,Possible Injury,Pedestrian,Not Intersection-In Crosswalk,AccelDecelLane,Dark-Lighted,Angle,Other,1,True,City of Memphis,,,,,,,491.7691006149088,RIVERSIDE DR,14.71833249220533,40.0,2,TF,MEMPHIS,SHELBY,1599.9038947030524,City of Memphis
300971495,2024-08-21,2024-08-21 06:24:00,2024,8,Wednesday,6,35.16227,-89.93924,Possible Injury,Other Non-Motorist,Not Intersection-Unknown,Intersection-Related,Daylight,Not Collision with Motor Vehicle in Transport,Other,2,True,City of Memphis,,,,,,,1054.9646316757032,HOMER ST,25.264740599698687,30.0,4,B,MEMPHIS,SHELBY,3085.5567408795882,City of Memphis
300970597,2024-08-14,2024-08-14 22:54:00,2024,8,Wednesday,22,35.13471,-89.84028,Suspected Minor Injury,Pedestrian,Not Intersection-Outside Traffic,Non-Junction,Dark-Not Lighted,Other,Other,2,True,City of Memphis,,,,,,,2537.73409388812,FARM RD,2.825373027628301,30.0,2,B,MEMPHIS,SHELBY,2481.0910807998953,City of Memphis
300973105,2024-08-31,2024-08-31 05:10:00,2024,8,Saturday,5,35.19543,-89.91103,Possible Injury,Pedestrian,Not Intersection-Other Not On Roadway,Intersection,Dark-Lighted,Not Collision with Motor Vehicle in Transport,Other,2,True,City of Memphis,,,,,,,1187.1704210789092,PRINCE RUPERT LN,11.545701458873657,30.0,2,B,MEMPHIS,SHELBY,881.0769297341084,City of Memphis
300971925,2024-08-23,2024-08-23 23:25:00,2024,8,Friday,23,35.0354,-90.07322,Possible Injury,Pedestrian,Intersection-On Roadway Crosswalk availability Unknown,Intersection,Dark-Lighted,Not Collision with Motor Vehicle in Transport,Pedestrian,1,True,TDOT,S THIRD ST,Principal Arterial,45.0,7.0,14,6.0,2.8878023075354577,W RAINES RD,0.1707080632263697,40.0,5,B,MEMPHIS,SHELBY,4911.276176451561,TDOT
300971928,2024-08-23,2024-08-23 00:40:00,2024,8,Friday,0,35.16229,-89.794426,Possible Injury,Pedestrian,Intersection-In Crosswalk,Intersection-Related,Dark-Lighted,Not Collision with Motor Vehicle in Transport,Pedestrian,1,True,City of Memphis,,,,,,,31.772871879528367,CLUB PKWY,12.25254499385974,30.0,2,B,MEMPHIS,SHELBY,3084.49923832428,City of Memphis
300975278,2024-09-14,2024-09-14 19:28:00,2024,9,Saturday,19,35.164803,-89.946724,Suspected Serious Injury,Pedestrian,Intersection-On Roadway not in Crosswalk,Non-Junction,Unknown,Not Collision with Motor Vehicle in Transport,Pedestrian,1,True,City of Memphis,,,,,,,389.78245881040937,FARMVILLE AVE,0.248932457736855,30.0,2,B,MEMPHIS,SHELBY,2777.2130501790957,City of Memphis
300972694,2024-08-29,2024-08-29 05:49:00,2024,8,Thursday,5,35.10671,-90.01998,Suspected Minor Injury,Pedestrian,Not Intersection-Outside Traffic,Non-Junction,Dawn,Not Collision with Motor Vehicle in Transport,Pedestrian,1,True,City of Memphis,,,,,,,103.43477797732169,KERR AVE,17.330958346886867,35.0,3,B,MEMPHIS,SHELBY,831.5547237135603,City of Memphis
300974452,2024-09-09,2024-09-09 19:40:00,2024,9,Monday,19,35.1287,-89.94882,Possible Injury,Pedestrian,Intersection-On Roadway not in Crosswalk,OtherLocation,Dark-Lighted,Not Collision with Motor Vehicle in Transport,Pedestrian,1,True,TDOT,POPLAR AVE,Principal Arterial,40.0,7.0,57,5.0,4.918306560139199,POPLAR AVE,0.5472754279069656,40.0,7,B,MEMPHIS,SHELBY,5119.019468022292,TDOT
300975295,2024-09-14,2024-09-14 23:48:00,2024,9,Saturday,23,35.13769,-89.99966,Possible Injury,Pedestrian,Intersection-On Roadway Crosswalk availability Unknown,Intersection-Related,Dark-Lighted,Not Collision with Motor Vehicle in Transport,Pedestrian,1,True,City of Memphis,,,,,,,276.3487674708527,MADISON AVE,0.6377938950209919,35.0,3,B,MEMPHIS,SHELBY,2153.3258359346387,City of Memphis
300975111,2024-09-12,2024-09-12 20:14:00,2024,9,Thursday,20,35.058693,-89.933174,Suspected Minor Injury,Pedestrian,Intersection-On Roadway not in Crosswalk,Intersection-Related,Dark-Lighted,Not Collision with Motor Vehicle in Transport,Pedestrian,1,True,City of Memphis,,,,,,,71.4747516288679,OLD GETWELL RD,57.930539635498526,30.0,2,B,MEMPHIS,SHELBY,2345.598424212414,City of Memphis
300973688,2024-09-04,2024-09-04 14:59:00,2024,9,Wednesday,14,35.02095,-90.025215,Possible Injury,Pedestrian,Intersection-Unknown,Intersection,Daylight,Not Collision with Motor Vehicle in Transport,Pedestrian,1,True,TDOT,ELVIS PRESLEY BLVD,Principal Arterial,40.0,5.0,3,6.0,0.3361220513404721,E SHELBY DR,0.3520372942105506,45.0,5,B,MEMPHIS,SHELBY,2057.69435086716,TDOT
300975133,2024-09-13,2024-09-13 06:31:00,2024,9,Friday,6,35.02075,-89.95456,Possible Injury,Pedestrian,Not Intersection-Outside Traffic,AccelDecelLane,Dawn,Angle,Other,1,True,TDOT,E SHELBY DR,Principal Arterial,45.0,7.0,175,3.0,4.8931153087241,E SHELBY DR,0.2083187950935219,45.0,7,B,MEMPHIS,SHELBY,4369.373772592758,TDOT
300913448,2023-09-26,2023-09-26 22:21:00,2023,9,Tuesday,22,35.084354,-90.01838,Fatal,Pedestrian,Intersection-On Roadway Crosswalk Not Available,Intersection,Dark-Lighted,Not Collision with Motor Vehicle in Transport,Pedestrian,1,True,TDOT,ELVIS PRESLEY BLVD,Minor Arterial,40.0,4.0,3,4.0,9.090103912027535,E DEMPSTER AVE,3.642269447172902,30.0,2,B,MEMPHIS,SHELBY,644.6078172252045,TDOT
300929514,2023-12-12,2023-12-12 21:44:00,2023,12,Tuesday,21,35.220623,-89.92425,Fatal,Pedestrian,Not Intersection-On Roadway Crosswalk not Available,Non-Junction,Dark-Lighted,Not Collision with Motor Vehicle in Transport,Pedestrian,1,True,City of Memphis,,,,,,,1024.522853329969,YALE RD,15.271023256495546,40.0,5,B,MEMPHIS,SHELBY,3091.1757456056275,City of Memphis
300974088,2024-09-06,2024-09-06 21:12:00,2024,9,Friday,21,35.17402,-89.930855,Possible Injury,Pedestrian,Not Intersection-On Roadway Not In Crosswalk,Non-Junction,Dark-Lighted,Not Collision with Motor Vehicle in Transport,Pedestrian,1,True,City of Memphis,,,,,,,739.92581674623,TENNYSON RD,16.426315289564666,30.0,2,B,MEMPHIS,SHELBY,1901.0521769289187,City of Memphis
300974094,2024-09-07,2024-09-07 12:40:00,2024,9,Saturday,12,35.100353,-89.96597,No Injury,Pedestrian,Not Intersection-Outside Traffic,Intersection,Daylight,Not Collision with Motor Vehicle in Transport,Other,1,True,City of Memphis,,,,,,,653.269381474234,HAYNES ST,22.477781756304783,30.0,2,B,MEMPHIS,SHELBY,2375.9081171711637,City of Memphis
300975310,2024-09-15,2024-09-15 00:43:00,2024,9,Sunday,0,35.009132,-90.12243,No Injury,Pedestrian,Not Intersection-Other Not On Roadway,OtherLocation,Dark-Lighted,Not Collision with Motor Vehicle in Transport,Other,1,True,City of Memphis,,,,,,,1113.5884618441191,VALDAZ RD,0.2028394714145065,30.0,2,B,MEMPHIS,SHELBY,9155.743049004323,City of Memphis
300956445,2024-05-09,2024-05-09 18:21:00,2024,5,Thursday,18,35.054134,-90.02041,Fatal,Pedestrian,Not Intersection-On Roadway Crosswalk not Available,Non-Junction,Daylight,Not Collision with Motor Vehicle in Transport,Pedestrian,1,True,City of Memphis,,,,,,,418.86811076533127,WINCHESTER RD,0.4783021472208886,40.0,7,B,MEMPHIS,SHELBY,552.0178241769457,City of Memphis
300975158,2024-09-13,2024-09-13 19:12:00,2024,9,Friday,19,35.019917,-90.02595,Suspected Serious Injury,Pedestrian,Not Intersection-On Roadway Not In Crosswalk,"Driveway, Alley Access, etc",Dark-Lighted,Not Collision with Motor Vehicle in Transport,Pedestrian,1,True,City of Memphis,,,,,,,66.97338788000525,ELVIS PRESLEY BLVD,67.17427936622362,40.0,5,B,MEMPHIS,SHELBY,2124.4424597812485,City of Memphis
300973505,2024-09-03,2024-09-03 17:30:00,2024,9,Tuesday,17,35.093876,-90.02841,Possible Injury,Pedestrian,Not Intersection-On Roadway Not In Crosswalk,AccelDecelLane,Daylight,Not Collision with Motor Vehicle in Transport,Pedestrian,1,True,City of Memphis,,,,,,,938.395201895725,ALICE AVE,25.97532676884705,35.0,2,B,MEMPHIS,SHELBY,196.50297903969945,City of Memphis
300972791,2024-08-28,2024-08-28 21:44:00,2024,8,Wednesday,21,35.169334,-90.02194,Suspected Minor Injury,Pedestrian,Intersection-In Crosswalk,Intersection,Dark-Lighted,Not Collision with Motor Vehicle in Transport,Pedestrian,1,True,City of Memphis,,,,,,,1236.5446635389324,CHELSEA AVE,11.992203289547584,40.0,5,B,MEMPHIS,SHELBY,306.07755255578326,City of Memphis
300971616,2024-08-21,2024-08-21 18:02:00,2024,8,Wednesday,18,35.10757,-89.94914,Possible Injury,Pedestrian,Not Intersection-Other Not On Roadway,Non-Junction,Daylight,Not Collision with Motor Vehicle in Transport,Pedestrian,1,True,City of Memphis,,,,,,,2265.8175744204227,PRESCOTT RD,22.62050604760844,30.0,2,B,MEMPHIS,SHELBY,2774.594683775416,City of Memphis
300975788,2024-09-17,2024-09-17 19:04:00,2024,9,Tuesday,19,35.10532,-89.98565,Possible Injury,Pedestrian,Not Intersection-On Roadway Not In Crosswalk,Intersection,Dark-Lighted,Not Collision with Motor Vehicle in Transport,Pedestrian,1,True,TDOT,LAMAR AVE,Principal Arterial,40.0,5.0,4,4.0,4.254219725255098,AIRWAYS BLVD,0.486448550894632,40.0,7,B,MEMPHIS,SHELBY,3139.08737886155,TDOT
300973538,2024-09-03,2024-09-03 17:51:00,2024,9,Tuesday,17,35.07211,-89.90497,Possible Injury,Pedestrian,Intersection-Unknown,Intersection-Related,Daylight,Not Collision with Motor Vehicle in Transport,Pedestrian,1,True,City of Memphis,,,,,,,2451.907326334081,JUDY LYNN AVE,40.22916140241588,35.0,2,B,MEMPHIS,SHELBY,708.1286734110021,City of Memphis
300974709,2024-09-10,2024-09-10 08:00:00,2024,9,Tuesday,8,35.1647,-90.010376,Possible Injury,Pedestrian,Intersection-In Crosswalk,Intersection,Daylight,Not Collision with Motor Vehicle in Transport,Pedestrian,1,True,City of Memphis,,,,,,,666.261344592995,VOLLINTINE AVE,0.2887040958766517,35.0,4,B,MEMPHIS,SHELBY,759.4009542026059,City of Memphis
300972577,2024-08-26,2024-08-26 00:00:00,2024,8,Monday,0,35.170246,-89.98154,Possible Injury,Pedestrian,Intersection-On Roadway Crosswalk Not Available,Intersection,Dark-Lighted,Not Collision with Motor Vehicle in Transport,Pedestrian,1,True,City of Memphis,,,,,,,1270.197679741324,ELDRIDGE AVE,24.24052214333725,30.0,2,B,MEMPHIS,SHELBY,2395.2724355946907,City of Memphis
300974168,2024-09-06,2024-09-06 19:44:00,2024,9,Friday,19,35.1079,-89.946045,Suspected Minor Injury,Pedestrian,Not Intersection-On Roadway Not In Crosswalk,OtherLocation,Dark-Lighted,Not Collision with Motor Vehicle in Transport,Pedestrian,1,True,City of Memphis,,,,,,,2159.9034690548287,PARK AVE,0.038709852039748,40.0,4,B,MEMPHIS,SHELBY,2820.4250728064835,City of Memphis
300973341,2024-08-19,2024-08-19 07:45:00,2024,8,Monday,7,35.085842,-89.91683,Possible Injury,Pedestrian,Intersection-On Roadway Crosswalk availability Unknown,Intersection,Daylight,Not Collision with Motor Vehicle in Transport,Pedestrian,1,True,City of Memphis,,,,,,,1447.7585474160965,WILLOW RD,0.3789502168956558,35.0,2,B,MEMPHIS,SHELBY,854.0728671813333,City of Memphis
300972152,2024-08-24,2024-08-24 22:20:00,2024,8,Saturday,22,35.135178,-90.000084,Suspected Minor Injury,Pedestrian,Intersection-In Crosswalk,Intersection,Dark-Lighted,Not Collision with Motor Vehicle in Transport,Pedestrian,1,True,TDOT,UNION AVE,Principal Arterial,35.0,6.0,23,5.0,4.998838579127002,S MCLEAN BLVD,0.4053085900601786,35.0,4,B,MEMPHIS,SHELBY,2179.644912428747,TDOT
300972001,2024-08-24,2024-08-24 19:38:00,2024,8,Saturday,19,35.137287,-90.02113,Suspected Serious Injury,Pedestrian,Intersection-On Roadway not in Crosswalk,Intersection-Related,Dark-Lighted,Not Collision with Motor Vehicle in Transport,Pedestrian,1,True,TDOT,UNION AVE,Principal Arterial,35.0,6.0,3,6.0,4.647149302009394,UNION AVE,0.0668499760326738,35.0,6,B,MEMPHIS,SHELBY,272.76206552780684,TDOT
300973558,2024-09-03,2024-09-03 23:45:00,2024,9,Tuesday,23,35.086525,-89.9311,Possible Injury,Pedestrian,Intersection-On Roadway not in Crosswalk,Intersection,Dark-Lighted,Not Collision with Motor Vehicle in Transport,Pedestrian,1,True,City of Memphis,,,,,,,670.7250765989297,GETWELL RD,6.795672637244259,40.0,5,B,MEMPHIS,SHELBY,705.6965127084209,City of Memphis
300972003,2024-08-24,2024-08-24 21:55:00,2024,8,Saturday,21,35.111546,-90.02173,Suspected Serious Injury,Pedestrian,Not Intersection-On Roadway Not In Crosswalk,SharedUsePathOrTrail,Dark-Not Lighted,Not Collision with Motor Vehicle in Transport,Pedestrian,1,True,TDOT,S BELLEVUE BLVD,Minor Arterial,35.0,5.0,3,4.0,0.398604728326736,E TRIGG AVE,0.2264158639091687,35.0,2,B,MEMPHIS,SHELBY,651.6309241749292,TDOT
300975599,2024-09-16,2024-09-16 11:00:00,2024,9,Monday,11,35.137104,-90.05148,Possible Injury,Pedestrian,Intersection-On Roadway Crosswalk Not Available,"Driveway, Alley Access, etc",Daylight,Not Collision with Motor Vehicle in Transport,Pedestrian,1,True,TDOT,DR MARTIN LUTHER KING JR,Minor Arterial,,5.0,,6.0,4.694996664752804,DR MARTIN LUTHER KING JR AVE,0.0919807809528604,35.0,5,B,MEMPHIS,SHELBY,1753.9314637538391,TDOT
300973356,2024-09-02,2024-09-02 21:10:00,2024,9,Monday,21,35.05621,-89.93126,Suspected Minor Injury,Pedestrian,Not Intersection-On Roadway Not In Crosswalk,Non-Junction,Dark-Lighted,Not Collision with Motor Vehicle in Transport,Pedestrian,1,True,TDOT,LAMAR AVE,Principal Arterial,40.0,5.0,4,3.0,8.604967550988668,LAMAR AVE,11.674160776140956,40.0,5,B,MEMPHIS,SHELBY,2586.6097273658947,TDOT
300875106,2023-03-23,2023-03-23 21:00:00,2023,3,Thursday,21,35.13417,-89.99038,Fatal,Pedestrian,Not Intersection-On Roadway Not In Crosswalk,Non-Junction,Dark-Lighted,Not Collision with Motor Vehicle in Transport,Pedestrian,1,True,TDOT,UNION AVE,Principal Arterial,35.0,6.0,23,5.0,4.742867924970721,UNION AVE,0.1490472581916065,35.0,6,B,MEMPHIS,SHELBY,3062.764673828884,TDOT
300974765,2024-09-11,2024-09-11 19:06:00,2024,9,Wednesday,19,35.237213,-89.98448,Suspected Minor Injury,Pedestrian,Not Intersection-Outside Traffic,"Driveway, Alley Access, etc",Dark-Not Lighted,Angle,Other,1,True,City of Memphis,,,,,,,2146.658237148352,WELLONS AVE,22.75500592875691,30.0,2,B,MEMPHIS,SHELBY,4963.331054425666,City of Memphis
300971844,2024-08-22,2024-08-22 20:30:00,2024,8,Thursday,20,35.170155,-89.97783,Fatal,Pedestrian,Not Intersection-On Roadway Not In Crosswalk,OtherLocation,Dark-Lighted,Not Collision with Motor Vehicle in Transport,Pedestrian,1,True,City of Memphis,,,,,,,1349.805095267384,ELDRIDGE AVE,22.939593548076,30.0,2,B,MEMPHIS,SHELBY,2381.3238265732575,City of Memphis
300971888,2024-08-23,2024-08-23 00:00:00,2024,8,Friday,99,35.119877,-90.04822,Suspected Minor Injury,Pedestrian,Intersection-Unknown,Unknown,Daylight,Not Collision with Motor Vehicle in Transport,Pedestrian,1,True,City of Memphis,,,,,,,507.302937947433,WALKER AVE,22.791453461951196,35.0,2,B,MEMPHIS,SHELBY,1782.6571600728537,City of Memphis
300966435,2024-07-16,2024-07-16 21:40:00,2024,7,Tuesday,21,35.153976,-89.88741,Fatal,Pedestrian,Not Intersection-On Roadway Not In Crosswalk,Non-Junction,Dark-Lighted,Not Collision with Motor Vehicle in Transport,Pedestrian,1,True,TDOT,SUMMER AVE,Principal Arterial,40.0,7.0,1,5.0,16.663093319576095,SUMMER AVE,13.37319715242064,40.0,7,B,MEMPHIS,SHELBY,18.76702010500523,TDOT
300974608,2024-09-10,2024-09-10 05:44:00,2024,9,Tuesday,5,35.075428,-89.93197,Suspected Serious Injury,Pedestrian,Not Intersection-On Roadway Not In Crosswalk,AccelDecelLane,Dawn,Not Collision with Motor Vehicle in Transport,Pedestrian,1,True,City of Memphis,,,,,,,31.81581258026628,GETWELL RD,31.493557361245724,40.0,7,B,MEMPHIS,SHELBY,498.1348167244503,City of Memphis
300971719,2024-08-21,2024-08-21 00:00:00,2024,8,Wednesday,99,35.19989,-89.95876,Possible Injury,Pedestrian,Intersection-In Crosswalk,Intersection,Unknown,Not Collision with Motor Vehicle in Transport,Pedestrian,1,True,City of Memphis,,,,,,,2997.3446096072244,JAMES RD,0.3434693385497238,45.0,4,B,MEMPHIS,SHELBY,1005.298150916574,City of Memphis
300974384,2024-09-08,2024-09-08 12:30:00,2024,9,Sunday,12,35.104397,-89.9792,Possible Injury,Pedestrian,Not Intersection-On Roadway Not In Crosswalk,Through Roadway,Daylight,Not Collision with Motor Vehicle in Transport,Pedestrian,1,True,City of Memphis,,,,,,,277.84825631307547,CELLA ST,13.872260371222664,30.0,2,B,MEMPHIS,SHELBY,3074.446296049991,City of Memphis
300972867,2024-08-27,2024-08-27 12:38:00,2024,8,Tuesday,12,35.09502,-89.97012,Possible Injury,Pedestrian,Intersection-On Roadway Crosswalk Not Available,AccelDecelLane,Daylight,Not Collision with Motor Vehicle in Transport,Pedestrian,1,True,TDOT,LAMAR AVE,Principal Arterial,40.0,5.0,4,4.0,2.94690362831866,PENDLETON ST,0.1067308931228904,40.0,4,B,MEMPHIS,SHELBY,1964.7435567212087,TDOT
300972433,2024-08-23,2024-08-23 21:50:00,2024,8,Friday,21,35.066883,-89.843575,Suspected Serious Injury,Pedestrian,Intersection-On Roadway not in Crosswalk,AccelDecelLane,Dark-Lighted,Not Collision with Motor Vehicle in Transport,Pedestrian,1,True,TDOT,STATE ROUTE 385,Freeway and Expressway,65.0,3.0,NONCONNAH PKWY,2.0,4.594228955893777,STATE ROUTE 385 W,0.5633906469107995,65.0,3,FT,MEMPHIS,SHELBY,3481.2097147176573,TDOT
300979488,2024-10-09,2024-10-09 17:00:00,2024,10,Wednesday,17,35.146027,-89.96339,Suspected Serious Injury,Pedestrian,Intersection-On Roadway Crosswalk Not Available,Intersection,Daylight,Not Collision with Motor Vehicle in Transport,Pedestrian,1,True,City of Memphis,,,,,,,394.0415031448764,SAM COOPER BLVD,0.0266693033491624,40.0,6,B,MEMPHIS,SHELBY,4955.010037163913,City of Memphis
300978527,2024-10-02,2024-10-02 09:05:00,2024,10,Wednesday,9,35.2081,-89.97568,Possible Injury,Pedestrian,Not Intersection-On Roadway Not In Crosswalk,AccelDecelLane,Daylight,Front to Rear,Other,2,True,City of Memphis,,,,,,,4652.516173878948,WHITNEY AVE,0.0010558695133478,40.0,4,B,MEMPHIS,SHELBY,1801.347820485056,City of Memphis
300978295,2024-10-03,2024-10-03 14:54:00,2024,10,Thursday,14,35.156796,-90.04676,Possible Injury,Pedestrian,Not Intersection-On Roadway Not In Crosswalk,Intersection,Daylight,Not Collision with Motor Vehicle in Transport,Pedestrian,1,True,TDOT,N SECOND ST,Principal Arterial,35.0,3.0,3,7.0,1.790493768787231,N SECOND ST,0.003654258552001,35.0,3,B,MEMPHIS,SHELBY,430.21225447919517,TDOT
300979999,2024-10-14,2024-10-14 15:15:00,2024,10,Monday,15,35.04009,-89.82426,Possible Injury,Pedestrian,Intersection-In Crosswalk,Intersection,Daylight,Not Collision with Motor Vehicle in Transport,Pedestrian,1,True,City of Memphis,,,,,,,1370.4564387605938,S GERMANTOWN RD,0.7114416274393416,35.0,3,B,MEMPHIS,SHELBY,6831.13900782812,City of Memphis
300937000,2024-01-23,2024-01-23 18:30:00,2024,1,Tuesday,18,35.16955,-89.91359,Possible Injury,Pedestrian,Intersection-In Crosswalk,Intersection,Other,Not Collision with Motor Vehicle in Transport,Pedestrian,1,True,City of Memphis,,,,,,,1025.3691826322995,RUSSWOOD RD,19.76960130984846,30.0,2,B,MEMPHIS,SHELBY,826.9024495539539,City of Memphis
300979834,2024-10-01,2024-10-01 18:00:00,2024,10,Tuesday,18,35.165183,-89.790943,Suspected Minor Injury,Pedestrian,Intersection-In Crosswalk,Intersection,Dusk,Not Collision with Motor Vehicle in Transport,Pedestrian,1,True,City of Memphis,,,,,,,259.5568521570083,YELLOW STONE DR,47.40718747761965,30.0,2,B,MEMPHIS,SHELBY,2955.3476489132227,City of Memphis