MstrRecNbrTxt,CollisionDate,CollisionDteTime,YearNmb,Month,DayOfWeek,Hour,Latitude,Longitude,InjuryClass,PersonType,NonMotoristLocation,RelationToJunction,LightCondition,MannerOfCollision,FirstHarmfulEvent,VictimsInCrash,InMemphis,Jurisdiction,StateRoute_NAME,StateRoute_F_System,StateRoute_SPDLIMIT,StateRoute_LANES,StateRoute_ALTNAME_1,StateRoute_Council_District,DistToStateRoute_m,Street_Name,DistToStreet_m,Street_SPDLIMIT,Street_LANES,Street_ONEWAY,Street_CITY_L,Street_COUNTY_L,DistToInterstate_m,Jurisdiction_prev
300986308,2024-11-19,2024-11-19 18:00:00,2024,11,Tuesday,18,35.256046,-89.932755,Possible Injury,Pedestrian,Intersection-Unknown,Intersection,Dark-Lighted,Not Collision with Motor Vehicle in Transport,Pedestrian,1,True,City of Memphis,,,,,,,4108.012969373736,OLD RALEIGH MILLINGTON RD,3.4159694649522394,45.0,2,B,MEMPHIS,SHELBY,7030.364556350075,City of Memphis
300981291,2024-10-22,2024-10-22 11:49:00,2024,10,Tuesday,11,35.148834,-90.04995,Suspected Minor Injury,Pedestrian,Intersection-In Crosswalk,Intersection,Daylight,Not Collision with Motor Vehicle in Transport,Pedestrian,1,True,TDOT,N SECOND ST,Minor Arterial,35.0,3.0,3,6.0,1.5775223863120962,N SECOND ST,0.2026063944732586,35.0,3,TF,MEMPHIS,SHELBY,468.68662934287727,TDOT
300971897,2024-08-23,2024-08-23 20:15:00,2024,8,Friday,20,35.243717,-89.92593,Suspected Serious Injury,Pedestrian,Not Intersection-On Roadway Not In Crosswalk,Non-Junction,Dark-Lighted,Not Collision with Motor Vehicle in Transport,Pedestrian,1,True,City of Memphis,,,,,,,2761.5950274523484,RALEIGH MILLINGTON RD,0.5464827071269218,45.0,2,B,MEMPHIS,SHELBY,5647.643545278555,City of Memphis
300991569,2024-12-16,2024-12-16 00:00:00,2024,12,Monday,0,35.221104,-89.97553,Possible Injury,Pedestrian,Not Intersection-On Roadway Not In Crosswalk,Intersection-Related,Dark-Lighted,Not Collision with Motor Vehicle in Transport,Pedestrian,2,True,City of Memphis,,,,,,,3833.633885363704,RANGE LINE RD,0.0901110171560724,40.0,4,B,MEMPHIS,SHELBY,3241.4013353107625,City of Memphis
300989527,2024-12-06,2024-12-06 15:55:00,2024,12,Friday,15,35.020775,-89.95382,Possible Injury,Pedestrian,Not Intersection-On Roadway Not In Crosswalk,Intersection,Daylight,Not Collision with Motor Vehicle in Transport,Pedestrian,1,True,TDOT,E SHELBY DR,Principal Arterial,45.0,7.0,175,3.0,1.633594427306417,E SHELBY DR,3.052266832052441,45.0,7,B,MEMPHIS,SHELBY,4436.905517598908,TDOT
300989536,2024-12-06,2024-12-06 16:45:00,2024,12,Friday,16,35.128315,-89.947365,Possible Injury,Pedestrian,Not Intersection-On Roadway Not In Crosswalk,"Driveway, Alley Access, etc",Daylight,Not Collision with Motor Vehicle in Transport,Pedestrian,1,True,TDOT,POPLAR AVE,Principal Arterial,40.0,7.0,57,5.0,4.905329345786489,POPLAR AVE,0.539332966945284,40.0,7,B,MEMPHIS,SHELBY,5078.751824905141,TDOT
300987596,2024-11-24,2024-11-24 00:00:00,2024,11,Sunday,0,35.10532,-89.98565,Suspected Serious Injury,Pedestrian,Not Intersection-On Roadway Not In Crosswalk,Unknown,Dark-Not Lighted,Not Collision with Motor Vehicle in Transport,Pedestrian,1,True,TDOT,LAMAR AVE,Principal Arterial,40.0,5.0,4,4.0,4.254219725255098,AIRWAYS BLVD,0.486448550894632,40.0,7,B,MEMPHIS,SHELBY,3139.08737886155,TDOT
300987946,2024-11-27,2024-11-27 18:12:00,2024,11,Wednesday,18,35.078472,-90.01871,Suspected Serious Injury,Pedestrian,Not Intersection-On Roadway Not In Crosswalk,Intersection,Dark-Lighted,Not Collision with Motor Vehicle in Transport,Pedestrian,1,True,City of Memphis,,,,,,,63.20812962243171,BLAKEMORE RD,21.67152621835671,30.0,2,B,MEMPHIS,SHELBY,623.6480910157875,City of Memphis
300988446,2024-11-30,2024-11-30 17:33:00,2024,11,Saturday,17,35.082558,-89.91861,Fatal,Pedestrian,Not Intersection-On Roadway Not In Crosswalk,Non-Junction,Dark-Not Lighted,Not Collision with Motor Vehicle in Transport,Pedestrian,2,True,City of Memphis,,,,,,,1180.363430954645,E MALLORY AVE,0.299470930630974,35.0,2,B,MEMPHIS,SHELBY,469.1683680200682,City of Memphis
300988454,2024-12-01,2024-12-01 17:35:00,2024,12,Sunday,17,35.14412,-90.01755,Possible Injury,Pedestrian,Not Intersection-In Crosswalk,Intersection-Related,Dawn,Not Collision with Motor Vehicle in Transport,Pedestrian,1,True,City of Memphis,,,,,,,787.0699031895123,POPLAR AVE,0.442493049458563,40.0,7,B,MEMPHIS,SHELBY,441.82255989194243,City of Memphis
300982272,2024-10-28,2024-10-28 03:54:00,2024,10,Monday,3,35.192455,-89.89442,Fatal,Pedestrian,Intersection-On Roadway not in Crosswalk,Intersection-Related,Dark-Lighted,Not Collision with Motor Vehicle in Transport,Pedestrian,1,True,City of Memphis,,,,,,,116.27194964430264,RALEIGH LAGRANGE RD,31.280644597038325,45.0,7,B,MEMPHIS,SHELBY,1973.7740432958317,City of Memphis
300987676,2024-11-26,2024-11-26 18:35:00,2024,11,Tuesday,18,35.17184,-89.86943,Possible Injury,Pedestrian,Intersection-On Roadway not in Crosswalk,AccelDecelLane,Dark-Lighted,Not Collision with Motor Vehicle in Transport,Pedestrian,1,True,City of Memphis,,,,,,,54.78334951684258,SUMMER AVE,57.93788384946022,45.0,4,B,MEMPHIS,SHELBY,954.0085906196626,City of Memphis
300969745,2024-08-07,2024-08-07 21:10:00,2024,8,Wednesday,21,35.168007,-89.86424,Suspected Serious Injury,Pedestrian,Intersection-In Crosswalk,Intersection,Dark-Lighted,Not Collision with Motor Vehicle in Transport,Pedestrian,1,True,City of Memphis,,,,,,,580.7164655184824,SYCAMORE VIEW RD,1.166708319203634,45.0,7,B,MEMPHIS,SHELBY,369.9797685584842,City of Memphis
300960082,2024-05-31,2024-05-31 06:20:00,2024,5,Friday,6,35.226294,-89.993809,Fatal,Pedestrian,Not Intersection-On Roadway Not In Crosswalk,Non-Junction,Dawn,Not Collision with Motor Vehicle in Transport,Pedestrian,2,True,City of Memphis,,,,,,,2139.3390050292537,BURNHAM AVE,2.806153048141846,30.0,2,B,MEMPHIS,SHELBY,3700.6984891732554,City of Memphis
300986770,2024-11-22,2024-11-22 07:12:00,2024,11,Friday,7,35.14255,-90.0511,Possible Injury,Pedestrian,Intersection-In Crosswalk,Intersection,Dawn,Not Collision with Motor Vehicle in Transport,Pedestrian,1,True,TDOT,S THIRD ST,Minor Arterial,35.0,3.0,14,6.0,1.1768683923196348,UNION AVE,0.4298151266477996,35.0,5,B,MEMPHIS,SHELBY,1165.4342497969374,TDOT
300990391,2024-12-10,2024-12-10 21:00:00,2024,12,Tuesday,21,35.16826,-89.86452,Possible Injury,Pedestrian,Not Intersection-On Roadway Not In Crosswalk,Non-Junction,Unknown,Not Collision with Motor Vehicle in Transport,Pedestrian,1,True,City of Memphis,,,,,,,543.1408144178937,SHELBY OAKS DR,0.3160451960274763,40.0,4,B,MEMPHIS,SHELBY,406.21178413439475,City of Memphis
300989327,2024-12-05,2024-12-05 15:40:00,2024,12,Thursday,15,35.128277,-90.02037,Possible Injury,Pedestrian,Intersection-On Roadway not in Crosswalk,Intersection-Related,Daylight,Not Collision with Motor Vehicle in Transport,Pedestrian,1,True,TDOT,LAMAR AVE,Principal Arterial,40.0,6.0,4,6.0,7.933208636314592,LAMAR AVE,4.237802583266229,40.0,6,B,MEMPHIS,SHELBY,304.5078596239384,TDOT
300991126,2024-12-14,2024-12-14 15:50:00,2024,12,Saturday,15,35.176178,-89.95762,Possible Injury,Pedestrian,Not Intersection-On Roadway Not In Crosswalk,Non-Junction,Daylight,Not Collision with Motor Vehicle in Transport,Pedestrian,1,True,City of Memphis,,,,,,,1207.4082994986768,LOCUST ST,18.53872612656126,30.0,2,B,MEMPHIS,SHELBY,1579.9667689741339,City of Memphis
300987710,2024-11-26,2024-11-26 19:21:00,2024,11,Tuesday,19,35.095116,-90.05546,Suspected Serious Injury,Pedestrian,Not Intersection-On Roadway Not In Crosswalk,AccelDecelLane,Dark-Lighted,Not Collision with Motor Vehicle in Transport,Pedestrian,1,True,City of Memphis,,,,,,,39.03413215500152,S THIRD ST,38.37946710150256,40.0,7,B,MEMPHIS,SHELBY,1702.7459691941597,City of Memphis
300987715,2024-11-26,2024-11-26 17:00:00,2024,11,Tuesday,17,35.104588,-89.9698,Possible Injury,Pedestrian,Intersection-In Crosswalk,Intersection,Dark-Lighted,Not Collision with Motor Vehicle in Transport,Pedestrian,1,True,City of Memphis,,,,,,,759.0898169449146,PENDLETON ST,0.0107344501113531,40.0,4,B,MEMPHIS,SHELBY,2949.473041477471,City of Memphis
300988764,2024-12-02,2024-12-02 07:00:00,2024,12,Monday,7,35.017643,-90.052574,No Injury,Pedestrian,Not Intersection-Outside Traffic,Unknown,Daylight,Not Collision with Motor Vehicle in Transport,Other,1,True,City of Memphis,,,,,,,360.1529084616997,GILL DR,22.31438407014685,30.0,2,B,MEMPHIS,SHELBY,4552.865239027943,City of Memphis
300987175,2024-11-24,2024-11-24 12:07:00,2024,11,Sunday,12,35.221333,-89.894196,Possible Injury,Pedestrian,Intersection-Unknown,Intersection-Related,Daylight,Not Collision with Motor Vehicle in Transport,Pedestrian,1,True,TDOT,COVINGTON PIKE,,40.0,5.0,204,1.0,0.0458219831023972,YALE RD,0.2389442251122593,40.0,4,B,MEMPHIS,SHELBY,4058.2038845116776,TDOT
300987747,2024-11-26,2024-11-26 22:10:00,2024,11,Tuesday,22,35.241467,-90.00953,Possible Injury,Pedestrian,Intersection-In Crosswalk,Intersection,Dark-Lighted,Not Collision with Motor Vehicle in Transport,Pedestrian,1,True,TDOT,THOMAS ST,,50.0,2.0,3,7.0,2.4549126388826266,THOMAS ST,0.4816831102639809,50.0,2,B,MEMPHIS,SHELBY,5466.376266764238,TDOT
300986968,2024-11-22,2024-11-22 08:20:00,2024,11,Friday,8,35.138756,-90.03589,Suspected Serious Injury,Pedestrian,Intersection-In Crosswalk,Intersection,Daylight,Not Collision with Motor Vehicle in Transport,Pedestrian,1,True,TDOT,UNION AVE,Principal Arterial,35.0,5.0,3,6.0,4.756497215816589,UNION AVE,0.1755132707945493,35.0,5,B,MEMPHIS,SHELBY,1061.6749160528036,TDOT
300988859,2024-12-03,2024-12-03 12:50:00,2024,12,Tuesday,12,35.220028,-90.00302,Possible Injury,Pedestrian,Not Intersection-On Roadway Not In Crosswalk,Intersection-Related,Daylight,Not Collision with Motor Vehicle in Transport,Pedestrian,1,True,City of Memphis,,,,,,,1855.2351266242367,N WATKINS ST,27.55664489919738,40.0,5,B,MEMPHIS,SHELBY,3035.2318650295465,City of Memphis
300986758,2024-11-21,2024-11-21 17:52:00,2024,11,Thursday,17,35.049194,-89.82999,Possible Injury,Pedestrian,Intersection-On Roadway Crosswalk availability Unknown,Intersection,Dark-Lighted,Not Collision with Motor Vehicle in Transport,Pedestrian,1,True,City of Memphis,,,,,,,533.0134117424607,RIVERDALE RD,1.0231442051660584,45.0,6,B,MEMPHIS,SHELBY,5732.691890820791,City of Memphis
300987243,2024-11-24,2024-11-24 03:30:00,2024,11,Sunday,3,35.13798,-90.02818,Suspected Serious Injury,Pedestrian,Intersection-In Crosswalk,Intersection-Related,Dark-Lighted,Not Collision with Motor Vehicle in Transport,Pedestrian,1,True,TDOT,UNION AVE,Principal Arterial,35.0,6.0,3,6.0,5.134409230420109,S PAULINE ST,0.0671425237295522,30.0,4,B,MEMPHIS,SHELBY,353.82926806868676,TDOT
300989901,2024-12-08,2024-12-08 18:52:00,2024,12,Sunday,18,35.06124,-90.01001,Possible Injury,Pedestrian,Intersection-On Roadway not in Crosswalk,Non-Junction,Dark-Lighted,Not Collision with Motor Vehicle in Transport,Pedestrian,1,True,City of Memphis,,,,,,,1220.8032613832056,E BROOKS RD,12.874129795587782,45.0,7,B,MEMPHIS,SHELBY,638.834736531859,City of Memphis
300987245,2024-11-24,2024-11-24 20:17:00,2024,11,Sunday,20,35.108185,-89.98261,Possible Injury,Pedestrian,Not Intersection-Unknown,Unknown,Dark-Not Lighted,Not Collision with Motor Vehicle in Transport,Pedestrian,1,True,City of Memphis,,,,,,,210.6896755369661,GRAND ST,15.790344507422082,30.0,2,B,MEMPHIS,SHELBY,3466.301258925264,City of Memphis
300997018,2025-01-17,2025-01-17 19:26:00,2025,1,Friday,19,35.107574,-89.93422,Fatal,Pedestrian,Not Intersection-On Roadway Not In Crosswalk,Non-Junction,Dark-Not Lighted,Not Collision with Motor Vehicle in Transport,Pedestrian,1,True,City of Memphis,,,,,,,1928.6548201365129,PARK AVE,0.995611945514229,40.0,5,B,MEMPHIS,SHELBY,2956.4567969544123,City of Memphis
300987721,2024-11-26,2024-11-26 19:08:00,2024,11,Tuesday,19,35.145535,-90.03273,Fatal,Pedestrian,Not Intersection-On Roadway Not In Crosswalk,Intersection,Dark-Lighted,Not Collision with Motor Vehicle in Transport,Pedestrian,1,True,City of Memphis,,,,,,,773.840962859348,N DUNLAP ST,0.144190489204987,30.0,5,B,MEMPHIS,SHELBY,527.7920060843461,City of Memphis
300994558,2025-01-01,2025-01-01 00:00:00,2025,1,Wednesday,0,35.018322,-90.04519,Suspected Serious Injury,Pedestrian,Not Intersection-On Roadway Crosswalk not Available,Non-Junction,Dark-Not Lighted,Not Collision with Motor Vehicle in Transport,Pedestrian,1,True,City of Memphis,,,,,,,286.97731852835034,SANFORD RD,21.106348579610227,30.0,2,B,MEMPHIS,SHELBY,3879.3586317290383,City of Memphis
300993226,2024-12-23,2024-12-23 21:15:00,2024,12,Monday,21,35.12937,-90.01114,Possible Injury,Pedestrian,Not Intersection-Outside Traffic,Intersection-Related,Dark-Lighted,Not Collision with Motor Vehicle in Transport,Pedestrian,1,True,City of Memphis,,,,,,,572.1078522295412,HARBERT AVE,20.88888204342709,35.0,2,B,MEMPHIS,SHELBY,1149.8569588769415,City of Memphis
300992526,2024-12-19,2024-12-19 21:00:00,2024,12,Thursday,21,35.098324,-89.93089,Possible Injury,Pedestrian,Not Intersection-On Roadway Not In Crosswalk,Non-Junction,Dark-Lighted,Not Collision with Motor Vehicle in Transport,Pedestrian,1,True,City of Memphis,,,,,,,1979.8763721426656,GETWELL RD,0.6785389869708114,40.0,5,B,MEMPHIS,SHELBY,1997.3145657171885,City of Memphis
300993411,2024-12-25,2024-12-25 21:52:00,2024,12,Wednesday,21,35.16671,-89.98348,Possible Injury,Pedestrian,Not Intersection-Outside Traffic,Intersection-Related,Dark-Lighted,Not Collision with Motor Vehicle in Transport,Pedestrian,1,True,City of Memphis,,,,,,,846.1688429803538,BROWN AVE,21.364557861219232,30.0,2,B,MEMPHIS,SHELBY,2799.355851623821,City of Memphis
300993305,2024-12-24,2024-12-24 17:27:00,2024,12,Tuesday,17,35.178005,-89.93725,Possible Injury,Pedestrian,Intersection-In Crosswalk,Non-Junction,Dark-Lighted,Not Collision with Motor Vehicle in Transport,Pedestrian,1,True,TDOT,JACKSON AVE,Principal Arterial,40.0,6.0,14,7.0,8.731244384155188,ORCHI RD,3.4934995019731536,30.0,2,B,MEMPHIS,SHELBY,1374.7592660654066,TDOT
300993592,2024-12-26,2024-12-26 19:10:00,2024,12,Thursday,19,35.061108,-90.009315,Suspected Serious Injury,Pedestrian,Intersection-On Roadway Crosswalk Not Available,Intersection,Dark-Lighted,Not Collision with Motor Vehicle in Transport,Pedestrian,1,True,City of Memphis,,,,,,,1285.8251189304526,E BROOKS RD,0.303455107104457,45.0,7,B,MEMPHIS,SHELBY,686.5285919270963,City of Memphis
300861207,2023-01-13,2023-01-13 19:19:00,2023,1,Friday,19,35.04741,-90.062836,Fatal,Pedestrian,Not Intersection-On Roadway Not In Crosswalk,Non-Junction,Dark-Lighted,Not Collision with Motor Vehicle in Transport,Pedestrian,1,True,TDOT,S THIRD ST,Principal Arterial,45.0,7.0,14,6.0,12.902529836462987,S THIRD ST,10.74386524175291,45.0,7,B,MEMPHIS,SHELBY,3518.727171547434,TDOT
300992607,2024-12-21,2024-12-21 00:05:00,2024,12,Saturday,0,35.16982,-89.86701,Suspected Minor Injury,Pedestrian,Not Intersection-On Roadway Not In Crosswalk,Non-Junction,Dark-Lighted,Not Collision with Motor Vehicle in Transport,Pedestrian,1,True,City of Memphis,,,,,,,258.0994210117697,SYCAMORE VIEW RD,61.69735022286091,45.0,7,B,MEMPHIS,SHELBY,659.1816330676604,City of Memphis
300992331,2024-12-19,2024-12-19 20:12:00,2024,12,Thursday,20,35.061245,-89.866714,Possible Injury,Pedestrian,Not Intersection-On Roadway Not In Crosswalk,AccelDecelLane,Dark-Lighted,Not Collision with Motor Vehicle in Transport,Pedestrian,1,True,City of Memphis,,,,,,,1491.1960153088114,KNIGHT ARNOLD RD,54.566535164710594,40.0,4,B,MEMPHIS,SHELBY,2773.309811439265,City of Memphis
300992626,2024-12-20,2024-12-20 16:30:00,2024,12,Friday,16,35.016254,-90.04371,Possible Injury,Pedestrian,Not Intersection-Outside Traffic,Intersection-Related,Daylight,Not Collision with Motor Vehicle in Transport,Pedestrian,1,True,City of Memphis,,,,,,,517.5491532667961,FARRIS CIR,52.34807337581416,30.0,2,B,MEMPHIS,SHELBY,3743.1332159372764,City of Memphis
300993866,2024-12-28,2024-12-28 18:20:00,2024,12,Saturday,18,35.092278,-89.90964,Suspected Serious Injury,Pedestrian,Not Intersection-On Roadway Not In Crosswalk,OtherLocation,Dawn,Not Collision with Motor Vehicle in Transport,Pedestrian,1,True,City of Memphis,,,,,,,2369.783039372279,QUINCE RD,3.952008931264535,40.0,5,B,MEMPHIS,SHELBY,1495.0748783480135,City of Memphis
300883517,2023-04-29,2023-04-29 21:43:00,2023,4,Saturday,21,35.13513,-90.003105,Fatal,Pedestrian,Intersection-On Roadway not in Crosswalk,Non-Junction,Dark-Not Lighted,Not Collision with Motor Vehicle in Transport,Pedestrian,1,True,City of Memphis,,,,,,,46.32240979216206,ALLEY,8.022033652950364,25.0,1,B,MEMPHIS,SHELBY,1910.765858940086,City of Memphis
300992363,2024-12-19,2024-12-19 16:45:00,2024,12,Thursday,16,35.213398,-90.003586,Possible Injury,Pedestrian,Intersection-In Crosswalk,Intersection,Dark-Lighted,Not Collision with Motor Vehicle in Transport,Pedestrian,1,True,City of Memphis,,,,,,,2228.229862160225,N WATKINS ST,0.1935815612093036,40.0,5,B,MEMPHIS,SHELBY,2309.6831058749003,City of Memphis
300989900,2024-12-08,2024-12-08 17:25:00,2024,12,Sunday,17,35.137848,-90.02687,Suspected Serious Injury,Pedestrian,Not Intersection-On Roadway Not In Crosswalk,Intersection,Dark-Lighted,Not Collision with Motor Vehicle in Transport,Pedestrian,1,True,TDOT,UNION AVE,,35.0,6.0,3,6.0,4.8599659307263,UNION AVE,0.2805969396266986,35.0,6,B,MEMPHIS,SHELBY,233.55722729654175,TDOT
300995530,2025-01-02,2025-01-02 09:00:00,2025,1,Thursday,9,35.13001,-90.02885,Possible Injury,Pedestrian,Intersection-In Crosswalk,Intersection-Related,Daylight,Not Collision with Motor Vehicle in Transport,Pedestrian,1,True,City of Memphis,,,,,,,200.3891205191612,ELMWOOD PARK ST,16.672155811936534,0.0,2,B,MEMPHIS,SHELBY,437.3263993382278,City of Memphis
301001084,2025-02-11,2025-02-11 23:30:00,2025,2,Tuesday,23,35.112934,-90.02119,Suspected Serious Injury,Pedestrian,Not Intersection-On Roadway Not In Crosswalk,Non-Junction,Dark-Lighted,Not Collision with Motor Vehicle in Transport,Pedestrian,1,True,City of Memphis,,,,,,,45.89059665679128,S BELLEVUE BLVD,45.70711456771601,35.0,5,B,MEMPHIS,SHELBY,657.0646164961763,City of Memphis
301001089,2025-02-12,2025-02-12 00:00:00,2025,2,Wednesday,99,35.056202,-90.095314,Fatal,Pedestrian,Not Intersection-Adjacent to Roadway,Non-Junction,Unknown,Not Collision with Motor Vehicle in Transport,Pedestrian,1,True,City of Memphis,,,,,,,3020.263357942776,WEAVER RD,0.108438333548968,40.0,5,B,MEMPHIS,SHELBY,3432.100028372277,City of Memphis
300999694,2025-02-01,2025-02-01 06:40:00,2025,2,Saturday,6,35.157955,-89.972664,Unknown,Pedestrian,Intersection-On Roadway not in Crosswalk,Intersection-Related,Dawn,Not Collision with Motor Vehicle in Transport,Pedestrian,1,True,TDOT,JACKSON AVE,Principal Arterial,40.0,5.0,14,7.0,5.00773765359971,JACKSON AVE,0.3498186327834415,40.0,5,B,MEMPHIS,SHELBY,3696.1334288420057,TDOT
300998431,2025-01-26,2025-01-26 18:00:00,2025,1,Sunday,18,35.14833,-90.05063,Suspected Serious Injury,Pedestrian,Not Intersection-On Roadway Not In Crosswalk,AccelDecelLane,Dark-Lighted,Not Collision with Motor Vehicle in Transport,Pedestrian,1,True,City of Memphis,,,,,,,38.861769003543614,N SECOND ST,40.64166762945455,35.0,3,TF,MEMPHIS,SHELBY,524.3458814052544,City of Memphis
301000880,2025-02-06,2025-02-06 10:40:00,2025,2,Thursday,10,35.062298,-89.88634,Suspected Serious Injury,Pedestrian,Not Intersection-Other Not On Roadway,Unknown,Daylight,Not Collision with Motor Vehicle in Transport,Pedestrian,1,True,City of Memphis,,,,,,,2239.0355686033754,KNIGHT ARNOLD RD,41.05836001187524,40.0,4,B,MEMPHIS,SHELBY,2396.7239824428607,City of Memphis
301001935,2025-02-16,2025-02-16 19:30:00,2025,2,Sunday,19,35.145138,-90.031746,Possible Injury,Pedestrian,Intersection-In Crosswalk,Intersection,Dark-Unknown Lighting,Not Collision with Motor Vehicle in Transport,Pedestrian,1,True,City of Memphis,,,,,,,740.9813598882538,POPLAR AVE,34.890435607312114,40.0,7,B,MEMPHIS,SHELBY,556.6954025909816,City of Memphis
300941110,2024-02-14,2024-02-14 23:37:00,2024,2,Wednesday,23,35.1363,-90.01499,Fatal,Pedestrian,Not Intersection-On Roadway Not In Crosswalk,Non-Junction,Dark-Lighted,Not Collision with Motor Vehicle in Transport,Pedestrian,1,True,City of Memphis,,,,,,,46.203202934269726,ALLEY,25.541358563658545,25.0,1,B,MEMPHIS,SHELBY,832.5538286507289,City of Memphis
103749691,2023-08-16,2023-08-16 08:15:00,2023,8,Wednesday,8,35.11607,-89.9412,Suspected Minor Injury,Pedestrian,Intersection-In Crosswalk,Intersection,Daylight,Not Collision with Motor Vehicle in Transport,Pedestrian,1,True,City of Memphis,,,,,,,1172.5349939861285,PATTERSON ST,1.0342307323596116,30.0,2,B,MEMPHIS,SHELBY,3774.241092647044,City of Memphis
103879945,2023-12-15,2023-12-15 04:45:00,2023,12,Friday,4,35.14004,-90.02815,Possible Injury,Pedestrian,Intersection-On Roadway not in Crosswalk,Intersection-Related,Dark-Lighted,Not Collision with Motor Vehicle in Transport,Pedestrian,1,True,City of Memphis,,,,,,,222.10755385295644,MADISON AVE,0.3511487975032188,35.0,6,B,MEMPHIS,SHELBY,395.85724722627856,City of Memphis
400202454,2024-12-24,2024-12-24 18:46:00,2024,12,Tuesday,18,35.04551,-89.98013,Suspected Serious Injury,Pedestrian,Not Intersection-In Crosswalk,Non-Junction,Dark-Lighted,Not Collision with Motor Vehicle in Transport,Pedestrian,1,True,City of Memphis,,,,,,,2716.371352840978,JIM MCGEHEE PKWY,0.3490072475268557,30.0,2,FT,MEMPHIS,SHELBY,2238.7607289865787,City of Memphis
400035795,2023-12-14,2023-12-14 16:05:00,2023,12,Thursday,16,35.00639,-90.05065,Fatal,Pedestrian,Not Intersection-Other Not On Roadway,Non-Junction,Daylight,Front to Rear,Other,1,True,City of Memphis,,,,,,,1605.742089156477,E HOLMES RD,1.930450289670874,40.0,2,B,MEMPHIS,SHELBY,4371.1644507450255,City of Memphis
400387015,2025-10-30,2025-10-30 18:26:00,2025,10,Thursday,18,35.10746,-89.93055,Fatal,Pedestrian,Intersection-On Roadway not in Crosswalk,Intersection,Dark-Lighted,Not Collision with Motor Vehicle in Transport,Pedestrian,1,True,City of Memphis,,,,,,,1856.447509932025,PARK AVE,3.4576356638906502,40.0,5,B,MEMPHIS,SHELBY,3001.7081300463838,City of Memphis
103629684,2023-04-17,2023-04-17 21:54:00,2023,4,Monday,21,35.04699,-89.98023,Suspected Minor Injury,Pedestrian,Not Intersection-In Crosswalk,OtherLocation,Dark-Lighted,Not Collision with Motor Vehicle in Transport,Pedestrian,1,True,City of Memphis,,,,,,,2880.493246496852,JIM MCGEHEE PKWY,1.024089381447031,30.0,2,FT,MEMPHIS,SHELBY,2285.805626573244,City of Memphis
400529273,2026-05-12,2026-05-12 16:55:00,2026,5,Tuesday,16,35.15933,-90.03042,Possible Injury,Pedestrian,Not Intersection-Adjacent to Roadway,Non-Junction,Daylight,Not Collision with Motor Vehicle in Transport,Pedestrian,1,True,City of Memphis,,,,,,,250.29500010903183,N DUNLAP ST,1.885202455179063,30.0,2,B,MEMPHIS,SHELBY,894.4915753959712,City of Memphis
103642852,2023-04-28,2023-04-28 15:50:00,2023,4,Friday,15,35.04723,-89.98026,Suspected Serious Injury,Pedestrian,Not Intersection-On Roadway Not In Crosswalk,Non-Junction,Daylight,Other,Other,2,True,City of Memphis,,,,,,,2907.097535868741,JIM MCGEHEE PKWY,0.4718980872630038,30.0,2,FT,MEMPHIS,SHELBY,2292.913199650301,City of Memphis
103738399,2023-08-04,2023-08-04 19:10:00,2023,8,Friday,19,35.08118,-89.94027,Suspected Minor Injury,Pedestrian,Not Intersection-Adjacent to Roadway,Non-Junction,Daylight,Not Collision with Motor Vehicle in Transport,Pedestrian,1,True,Interstate (TDOT),,,,,,,821.4041201027547,INTERSTATE 240 E,0.1198051255751345,65.0,4,FT,MEMPHIS,SHELBY,0.11980512557513452,City of Memphis
400501076,2026-04-14,2026-04-14 23:20:00,2026,4,Tuesday,23,35.16558,-89.95164,Fatal,Pedestrian,Not Intersection-On Roadway Crosswalk not Available,Intersection-Related,Dark-Lighted,Not Collision with Motor Vehicle in Transport,Pedestrian,1,True,TDOT,JACKSON AVE,Principal Arterial,40.0,4.0,14,7.0,10.593692741700313,JACKSON AVE,7.033320203428529,40.0,4,B,MEMPHIS,SHELBY,2713.2905826756423,TDOT
400237943,2025-03-26,2025-03-26 15:45:00,2025,3,Wednesday,15,35.10423,-89.92466,Suspected Serious Injury,Pedestrian,Intersection-On Roadway not in Crosswalk,Through Roadway,Daylight,Not Collision with Motor Vehicle in Transport,Pedestrian,1,True,City of Memphis,,,,,,,1926.2344700280887,E PARK LOOP,0.8279491609223034,30.0,2,B,MEMPHIS,SHELBY,2741.7162592310624,City of Memphis